<?xml version="1.0" encoding="UTF-8"?>
<gpx version="1.1" creator="GPSBabel - https://www.gpsbabel.org" xmlns="http://www.topografix.com/GPX/1/1" xmlns:xsi="http://www.w3.org/2001/XMLSchema-instance" xmlns:gpxtpx="http://www.garmin.com/xmlschemas/TrackPointExtension/v1" xmlns:gpxx="http://www.garmin.com/xmlschemas/GpxExtensions/v3">
  <metadata>
    <time>2025-08-25T20:01:36.409Z</time>
    <bounds minlat="48.572197000" minlon="2.530714000" maxlat="48.572988000" maxlon="2.531340000"/>
  </metadata>
  <trk>
    <name>Victoire farfelue en double 🤷‍♂️</name>
    <type>Workout</type>
    <trkseg>
      <trkpt lat="48.572504000" lon="2.531201000">
        <ele>40.500</ele>
        <time>2024-05-19T10:30:46Z</time>
        <extensions>
          <gpxtpx:TrackPointExtension>
            <gpxtpx:hr>140</gpxtpx:hr>
          </gpxtpx:TrackPointExtension>
        </extensions>
      </trkpt>
      <trkpt lat="48.572520000" lon="2.531194000">
        <ele>40.500</ele>
        <time>2024-05-19T10:30:48Z</time>
        <extensions>
          <gpxtpx:TrackPointExtension>
            <gpxtpx:hr>140</gpxtpx:hr>
          </gpxtpx:TrackPointExtension>
        </extensions>
      </trkpt>
      <trkpt lat="48.572525000" lon="2.531143000">
        <ele>40.500</ele>
        <time>2024-05-19T10:30:53Z</time>
        <extensions>
          <gpxtpx:TrackPointExtension>
            <gpxtpx:hr>140</gpxtpx:hr>
          </gpxtpx:TrackPointExtension>
        </extensions>
      </trkpt>
      <trkpt lat="48.572518000" lon="2.531140000">
        <ele>40.500</ele>
        <time>2024-05-19T10:30:55Z</time>
        <extensions>
          <gpxtpx:TrackPointExtension>
            <gpxtpx:hr>137</gpxtpx:hr>
          </gpxtpx:TrackPointExtension>
        </extensions>
      </trkpt>
      <trkpt lat="48.572526000" lon="2.531151000">
        <ele>40.500</ele>
        <time>2024-05-19T10:30:56Z</time>
        <extensions>
          <gpxtpx:TrackPointExtension>
            <gpxtpx:hr>137</gpxtpx:hr>
          </gpxtpx:TrackPointExtension>
        </extensions>
      </trkpt>
      <trkpt lat="48.572525000" lon="2.531132000">
        <ele>40.500</ele>
        <time>2024-05-19T10:30:59Z</time>
        <extensions>
          <gpxtpx:TrackPointExtension>
            <gpxtpx:hr>137</gpxtpx:hr>
          </gpxtpx:TrackPointExtension>
        </extensions>
      </trkpt>
      <trkpt lat="48.572508000" lon="2.531107000">
        <ele>40.400</ele>
        <time>2024-05-19T10:31:01Z</time>
        <extensions>
          <gpxtpx:TrackPointExtension>
            <gpxtpx:hr>137</gpxtpx:hr>
          </gpxtpx:TrackPointExtension>
        </extensions>
      </trkpt>
      <trkpt lat="48.572476000" lon="2.531111000">
        <ele>40.600</ele>
        <time>2024-05-19T10:31:03Z</time>
        <extensions>
          <gpxtpx:TrackPointExtension>
            <gpxtpx:hr>137</gpxtpx:hr>
          </gpxtpx:TrackPointExtension>
        </extensions>
      </trkpt>
      <trkpt lat="48.572453000" lon="2.531101000">
        <ele>40.700</ele>
        <time>2024-05-19T10:31:05Z</time>
        <extensions>
          <gpxtpx:TrackPointExtension>
            <gpxtpx:hr>137</gpxtpx:hr>
          </gpxtpx:TrackPointExtension>
        </extensions>
      </trkpt>
      <trkpt lat="48.572408000" lon="2.531109000">
        <ele>40.800</ele>
        <time>2024-05-19T10:31:07Z</time>
        <extensions>
          <gpxtpx:TrackPointExtension>
            <gpxtpx:hr>133</gpxtpx:hr>
          </gpxtpx:TrackPointExtension>
        </extensions>
      </trkpt>
      <trkpt lat="48.572401000" lon="2.531096000">
        <ele>41.000</ele>
        <time>2024-05-19T10:31:09Z</time>
        <extensions>
          <gpxtpx:TrackPointExtension>
            <gpxtpx:hr>133</gpxtpx:hr>
          </gpxtpx:TrackPointExtension>
        </extensions>
      </trkpt>
      <trkpt lat="48.572389000" lon="2.531095000">
        <ele>41.000</ele>
        <time>2024-05-19T10:31:11Z</time>
        <extensions>
          <gpxtpx:TrackPointExtension>
            <gpxtpx:hr>131</gpxtpx:hr>
          </gpxtpx:TrackPointExtension>
        </extensions>
      </trkpt>
      <trkpt lat="48.572391000" lon="2.531111000">
        <ele>40.900</ele>
        <time>2024-05-19T10:31:13Z</time>
        <extensions>
          <gpxtpx:TrackPointExtension>
            <gpxtpx:hr>131</gpxtpx:hr>
          </gpxtpx:TrackPointExtension>
        </extensions>
      </trkpt>
      <trkpt lat="48.572408000" lon="2.531116000">
        <ele>40.800</ele>
        <time>2024-05-19T10:31:17Z</time>
        <extensions>
          <gpxtpx:TrackPointExtension>
            <gpxtpx:hr>131</gpxtpx:hr>
          </gpxtpx:TrackPointExtension>
        </extensions>
      </trkpt>
      <trkpt lat="48.572402000" lon="2.531121000">
        <ele>40.900</ele>
        <time>2024-05-19T10:31:18Z</time>
        <extensions>
          <gpxtpx:TrackPointExtension>
            <gpxtpx:hr>131</gpxtpx:hr>
          </gpxtpx:TrackPointExtension>
        </extensions>
      </trkpt>
      <trkpt lat="48.572406000" lon="2.531126000">
        <ele>40.800</ele>
        <time>2024-05-19T10:31:19Z</time>
        <extensions>
          <gpxtpx:TrackPointExtension>
            <gpxtpx:hr>131</gpxtpx:hr>
          </gpxtpx:TrackPointExtension>
        </extensions>
      </trkpt>
      <trkpt lat="48.572394000" lon="2.531124000">
        <ele>40.900</ele>
        <time>2024-05-19T10:31:22Z</time>
        <extensions>
          <gpxtpx:TrackPointExtension>
            <gpxtpx:hr>128</gpxtpx:hr>
          </gpxtpx:TrackPointExtension>
        </extensions>
      </trkpt>
      <trkpt lat="48.572404000" lon="2.531130000">
        <ele>40.900</ele>
        <time>2024-05-19T10:31:25Z</time>
        <extensions>
          <gpxtpx:TrackPointExtension>
            <gpxtpx:hr>128</gpxtpx:hr>
          </gpxtpx:TrackPointExtension>
        </extensions>
      </trkpt>
      <trkpt lat="48.572375000" lon="2.531061000">
        <ele>41.100</ele>
        <time>2024-05-19T10:31:27Z</time>
        <extensions>
          <gpxtpx:TrackPointExtension>
            <gpxtpx:hr>130</gpxtpx:hr>
          </gpxtpx:TrackPointExtension>
        </extensions>
      </trkpt>
      <trkpt lat="48.572392000" lon="2.531100000">
        <ele>41.000</ele>
        <time>2024-05-19T10:31:30Z</time>
        <extensions>
          <gpxtpx:TrackPointExtension>
            <gpxtpx:hr>130</gpxtpx:hr>
          </gpxtpx:TrackPointExtension>
        </extensions>
      </trkpt>
      <trkpt lat="48.572392000" lon="2.531045000">
        <ele>41.000</ele>
        <time>2024-05-19T10:31:33Z</time>
        <extensions>
          <gpxtpx:TrackPointExtension>
            <gpxtpx:hr>130</gpxtpx:hr>
          </gpxtpx:TrackPointExtension>
        </extensions>
      </trkpt>
      <trkpt lat="48.572409000" lon="2.531092000">
        <ele>40.800</ele>
        <time>2024-05-19T10:31:35Z</time>
        <extensions>
          <gpxtpx:TrackPointExtension>
            <gpxtpx:hr>131</gpxtpx:hr>
          </gpxtpx:TrackPointExtension>
        </extensions>
      </trkpt>
      <trkpt lat="48.572415000" lon="2.531087000">
        <ele>40.800</ele>
        <time>2024-05-19T10:31:36Z</time>
        <extensions>
          <gpxtpx:TrackPointExtension>
            <gpxtpx:hr>131</gpxtpx:hr>
          </gpxtpx:TrackPointExtension>
        </extensions>
      </trkpt>
      <trkpt lat="48.572405000" lon="2.531074000">
        <ele>40.800</ele>
        <time>2024-05-19T10:31:38Z</time>
        <extensions>
          <gpxtpx:TrackPointExtension>
            <gpxtpx:hr>133</gpxtpx:hr>
          </gpxtpx:TrackPointExtension>
        </extensions>
      </trkpt>
      <trkpt lat="48.572414000" lon="2.531089000">
        <ele>40.800</ele>
        <time>2024-05-19T10:31:39Z</time>
        <extensions>
          <gpxtpx:TrackPointExtension>
            <gpxtpx:hr>133</gpxtpx:hr>
          </gpxtpx:TrackPointExtension>
        </extensions>
      </trkpt>
      <trkpt lat="48.572428000" lon="2.531055000">
        <ele>40.900</ele>
        <time>2024-05-19T10:31:42Z</time>
        <extensions>
          <gpxtpx:TrackPointExtension>
            <gpxtpx:hr>133</gpxtpx:hr>
          </gpxtpx:TrackPointExtension>
        </extensions>
      </trkpt>
      <trkpt lat="48.572438000" lon="2.531062000">
        <ele>40.700</ele>
        <time>2024-05-19T10:31:45Z</time>
        <extensions>
          <gpxtpx:TrackPointExtension>
            <gpxtpx:hr>133</gpxtpx:hr>
          </gpxtpx:TrackPointExtension>
        </extensions>
      </trkpt>
      <trkpt lat="48.572413000" lon="2.531076000">
        <ele>40.800</ele>
        <time>2024-05-19T10:31:48Z</time>
        <extensions>
          <gpxtpx:TrackPointExtension>
            <gpxtpx:hr>134</gpxtpx:hr>
          </gpxtpx:TrackPointExtension>
        </extensions>
      </trkpt>
      <trkpt lat="48.572414000" lon="2.531054000">
        <ele>40.900</ele>
        <time>2024-05-19T10:31:50Z</time>
        <extensions>
          <gpxtpx:TrackPointExtension>
            <gpxtpx:hr>132</gpxtpx:hr>
          </gpxtpx:TrackPointExtension>
        </extensions>
      </trkpt>
      <trkpt lat="48.572399000" lon="2.531048000">
        <ele>41.000</ele>
        <time>2024-05-19T10:31:51Z</time>
        <extensions>
          <gpxtpx:TrackPointExtension>
            <gpxtpx:hr>132</gpxtpx:hr>
          </gpxtpx:TrackPointExtension>
        </extensions>
      </trkpt>
      <trkpt lat="48.572385000" lon="2.531067000">
        <ele>41.000</ele>
        <time>2024-05-19T10:31:52Z</time>
        <extensions>
          <gpxtpx:TrackPointExtension>
            <gpxtpx:hr>132</gpxtpx:hr>
          </gpxtpx:TrackPointExtension>
        </extensions>
      </trkpt>
      <trkpt lat="48.572388000" lon="2.531087000">
        <ele>41.000</ele>
        <time>2024-05-19T10:31:53Z</time>
        <extensions>
          <gpxtpx:TrackPointExtension>
            <gpxtpx:hr>132</gpxtpx:hr>
          </gpxtpx:TrackPointExtension>
        </extensions>
      </trkpt>
      <trkpt lat="48.572426000" lon="2.531101000">
        <ele>40.800</ele>
        <time>2024-05-19T10:31:55Z</time>
        <extensions>
          <gpxtpx:TrackPointExtension>
            <gpxtpx:hr>132</gpxtpx:hr>
          </gpxtpx:TrackPointExtension>
        </extensions>
      </trkpt>
      <trkpt lat="48.572406000" lon="2.531106000">
        <ele>40.800</ele>
        <time>2024-05-19T10:31:59Z</time>
        <extensions>
          <gpxtpx:TrackPointExtension>
            <gpxtpx:hr>133</gpxtpx:hr>
          </gpxtpx:TrackPointExtension>
        </extensions>
      </trkpt>
      <trkpt lat="48.572424000" lon="2.531088000">
        <ele>40.800</ele>
        <time>2024-05-19T10:32:05Z</time>
        <extensions>
          <gpxtpx:TrackPointExtension>
            <gpxtpx:hr>133</gpxtpx:hr>
          </gpxtpx:TrackPointExtension>
        </extensions>
      </trkpt>
      <trkpt lat="48.572405000" lon="2.531069000">
        <ele>40.800</ele>
        <time>2024-05-19T10:32:07Z</time>
        <extensions>
          <gpxtpx:TrackPointExtension>
            <gpxtpx:hr>131</gpxtpx:hr>
          </gpxtpx:TrackPointExtension>
        </extensions>
      </trkpt>
      <trkpt lat="48.572404000" lon="2.531076000">
        <ele>41.000</ele>
        <time>2024-05-19T10:32:08Z</time>
        <extensions>
          <gpxtpx:TrackPointExtension>
            <gpxtpx:hr>131</gpxtpx:hr>
          </gpxtpx:TrackPointExtension>
        </extensions>
      </trkpt>
      <trkpt lat="48.572420000" lon="2.531081000">
        <ele>40.800</ele>
        <time>2024-05-19T10:32:10Z</time>
        <extensions>
          <gpxtpx:TrackPointExtension>
            <gpxtpx:hr>131</gpxtpx:hr>
          </gpxtpx:TrackPointExtension>
        </extensions>
      </trkpt>
      <trkpt lat="48.572437000" lon="2.531062000">
        <ele>40.700</ele>
        <time>2024-05-19T10:32:14Z</time>
        <extensions>
          <gpxtpx:TrackPointExtension>
            <gpxtpx:hr>132</gpxtpx:hr>
          </gpxtpx:TrackPointExtension>
        </extensions>
      </trkpt>
      <trkpt lat="48.572426000" lon="2.531044000">
        <ele>40.900</ele>
        <time>2024-05-19T10:32:15Z</time>
        <extensions>
          <gpxtpx:TrackPointExtension>
            <gpxtpx:hr>132</gpxtpx:hr>
          </gpxtpx:TrackPointExtension>
        </extensions>
      </trkpt>
      <trkpt lat="48.572424000" lon="2.531055000">
        <ele>40.900</ele>
        <time>2024-05-19T10:32:16Z</time>
        <extensions>
          <gpxtpx:TrackPointExtension>
            <gpxtpx:hr>132</gpxtpx:hr>
          </gpxtpx:TrackPointExtension>
        </extensions>
      </trkpt>
      <trkpt lat="48.572434000" lon="2.531068000">
        <ele>40.700</ele>
        <time>2024-05-19T10:32:17Z</time>
        <extensions>
          <gpxtpx:TrackPointExtension>
            <gpxtpx:hr>132</gpxtpx:hr>
          </gpxtpx:TrackPointExtension>
        </extensions>
      </trkpt>
      <trkpt lat="48.572433000" lon="2.531052000">
        <ele>40.900</ele>
        <time>2024-05-19T10:32:19Z</time>
        <extensions>
          <gpxtpx:TrackPointExtension>
            <gpxtpx:hr>133</gpxtpx:hr>
          </gpxtpx:TrackPointExtension>
        </extensions>
      </trkpt>
      <trkpt lat="48.572436000" lon="2.531067000">
        <ele>40.700</ele>
        <time>2024-05-19T10:32:20Z</time>
        <extensions>
          <gpxtpx:TrackPointExtension>
            <gpxtpx:hr>133</gpxtpx:hr>
          </gpxtpx:TrackPointExtension>
        </extensions>
      </trkpt>
      <trkpt lat="48.572497000" lon="2.531077000">
        <ele>40.500</ele>
        <time>2024-05-19T10:32:24Z</time>
        <extensions>
          <gpxtpx:TrackPointExtension>
            <gpxtpx:hr>133</gpxtpx:hr>
          </gpxtpx:TrackPointExtension>
        </extensions>
      </trkpt>
      <trkpt lat="48.572510000" lon="2.531065000">
        <ele>40.500</ele>
        <time>2024-05-19T10:32:25Z</time>
        <extensions>
          <gpxtpx:TrackPointExtension>
            <gpxtpx:hr>133</gpxtpx:hr>
          </gpxtpx:TrackPointExtension>
        </extensions>
      </trkpt>
      <trkpt lat="48.572521000" lon="2.531033000">
        <ele>40.400</ele>
        <time>2024-05-19T10:32:27Z</time>
        <extensions>
          <gpxtpx:TrackPointExtension>
            <gpxtpx:hr>133</gpxtpx:hr>
          </gpxtpx:TrackPointExtension>
        </extensions>
      </trkpt>
      <trkpt lat="48.572505000" lon="2.531009000">
        <ele>40.500</ele>
        <time>2024-05-19T10:32:28Z</time>
        <extensions>
          <gpxtpx:TrackPointExtension>
            <gpxtpx:hr>133</gpxtpx:hr>
          </gpxtpx:TrackPointExtension>
        </extensions>
      </trkpt>
      <trkpt lat="48.572476000" lon="2.531052000">
        <ele>40.600</ele>
        <time>2024-05-19T10:32:31Z</time>
        <extensions>
          <gpxtpx:TrackPointExtension>
            <gpxtpx:hr>133</gpxtpx:hr>
          </gpxtpx:TrackPointExtension>
        </extensions>
      </trkpt>
      <trkpt lat="48.572496000" lon="2.531047000">
        <ele>40.500</ele>
        <time>2024-05-19T10:32:33Z</time>
        <extensions>
          <gpxtpx:TrackPointExtension>
            <gpxtpx:hr>134</gpxtpx:hr>
          </gpxtpx:TrackPointExtension>
        </extensions>
      </trkpt>
      <trkpt lat="48.572506000" lon="2.531091000">
        <ele>40.500</ele>
        <time>2024-05-19T10:32:36Z</time>
        <extensions>
          <gpxtpx:TrackPointExtension>
            <gpxtpx:hr>134</gpxtpx:hr>
          </gpxtpx:TrackPointExtension>
        </extensions>
      </trkpt>
      <trkpt lat="48.572507000" lon="2.531140000">
        <ele>40.500</ele>
        <time>2024-05-19T10:32:39Z</time>
        <extensions>
          <gpxtpx:TrackPointExtension>
            <gpxtpx:hr>135</gpxtpx:hr>
          </gpxtpx:TrackPointExtension>
        </extensions>
      </trkpt>
      <trkpt lat="48.572520000" lon="2.531193000">
        <ele>40.300</ele>
        <time>2024-05-19T10:33:26Z</time>
        <extensions>
          <gpxtpx:TrackPointExtension>
            <gpxtpx:hr>135</gpxtpx:hr>
          </gpxtpx:TrackPointExtension>
        </extensions>
      </trkpt>
      <trkpt lat="48.572462000" lon="2.531147000">
        <ele>40.600</ele>
        <time>2024-05-19T10:33:31Z</time>
        <extensions>
          <gpxtpx:TrackPointExtension>
            <gpxtpx:hr>127</gpxtpx:hr>
          </gpxtpx:TrackPointExtension>
        </extensions>
      </trkpt>
      <trkpt lat="48.572438000" lon="2.531097000">
        <ele>40.700</ele>
        <time>2024-05-19T10:33:34Z</time>
        <extensions>
          <gpxtpx:TrackPointExtension>
            <gpxtpx:hr>126</gpxtpx:hr>
          </gpxtpx:TrackPointExtension>
        </extensions>
      </trkpt>
      <trkpt lat="48.572399000" lon="2.531107000">
        <ele>41.000</ele>
        <time>2024-05-19T10:33:38Z</time>
        <extensions>
          <gpxtpx:TrackPointExtension>
            <gpxtpx:hr>122</gpxtpx:hr>
          </gpxtpx:TrackPointExtension>
        </extensions>
      </trkpt>
      <trkpt lat="48.572406000" lon="2.531112000">
        <ele>40.800</ele>
        <time>2024-05-19T10:33:41Z</time>
        <extensions>
          <gpxtpx:TrackPointExtension>
            <gpxtpx:hr>122</gpxtpx:hr>
          </gpxtpx:TrackPointExtension>
        </extensions>
      </trkpt>
      <trkpt lat="48.572402000" lon="2.531105000">
        <ele>41.000</ele>
        <time>2024-05-19T10:33:42Z</time>
        <extensions>
          <gpxtpx:TrackPointExtension>
            <gpxtpx:hr>122</gpxtpx:hr>
          </gpxtpx:TrackPointExtension>
        </extensions>
      </trkpt>
      <trkpt lat="48.572414000" lon="2.531115000">
        <ele>40.800</ele>
        <time>2024-05-19T10:33:46Z</time>
        <extensions>
          <gpxtpx:TrackPointExtension>
            <gpxtpx:hr>122</gpxtpx:hr>
          </gpxtpx:TrackPointExtension>
        </extensions>
      </trkpt>
      <trkpt lat="48.572425000" lon="2.531088000">
        <ele>40.800</ele>
        <time>2024-05-19T10:33:49Z</time>
        <extensions>
          <gpxtpx:TrackPointExtension>
            <gpxtpx:hr>122</gpxtpx:hr>
          </gpxtpx:TrackPointExtension>
        </extensions>
      </trkpt>
      <trkpt lat="48.572454000" lon="2.531088000">
        <ele>40.700</ele>
        <time>2024-05-19T10:33:50Z</time>
        <extensions>
          <gpxtpx:TrackPointExtension>
            <gpxtpx:hr>122</gpxtpx:hr>
          </gpxtpx:TrackPointExtension>
        </extensions>
      </trkpt>
      <trkpt lat="48.572437000" lon="2.531082000">
        <ele>40.700</ele>
        <time>2024-05-19T10:33:51Z</time>
        <extensions>
          <gpxtpx:TrackPointExtension>
            <gpxtpx:hr>122</gpxtpx:hr>
          </gpxtpx:TrackPointExtension>
        </extensions>
      </trkpt>
      <trkpt lat="48.572424000" lon="2.531103000">
        <ele>40.900</ele>
        <time>2024-05-19T10:33:54Z</time>
        <extensions>
          <gpxtpx:TrackPointExtension>
            <gpxtpx:hr>122</gpxtpx:hr>
          </gpxtpx:TrackPointExtension>
        </extensions>
      </trkpt>
      <trkpt lat="48.572451000" lon="2.531087000">
        <ele>40.700</ele>
        <time>2024-05-19T10:33:57Z</time>
        <extensions>
          <gpxtpx:TrackPointExtension>
            <gpxtpx:hr>122</gpxtpx:hr>
          </gpxtpx:TrackPointExtension>
        </extensions>
      </trkpt>
      <trkpt lat="48.572478000" lon="2.531093000">
        <ele>40.600</ele>
        <time>2024-05-19T10:34:00Z</time>
        <extensions>
          <gpxtpx:TrackPointExtension>
            <gpxtpx:hr>122</gpxtpx:hr>
          </gpxtpx:TrackPointExtension>
        </extensions>
      </trkpt>
      <trkpt lat="48.572485000" lon="2.531081000">
        <ele>40.600</ele>
        <time>2024-05-19T10:34:04Z</time>
        <extensions>
          <gpxtpx:TrackPointExtension>
            <gpxtpx:hr>122</gpxtpx:hr>
          </gpxtpx:TrackPointExtension>
        </extensions>
      </trkpt>
      <trkpt lat="48.572475000" lon="2.531077000">
        <ele>40.600</ele>
        <time>2024-05-19T10:34:05Z</time>
        <extensions>
          <gpxtpx:TrackPointExtension>
            <gpxtpx:hr>122</gpxtpx:hr>
          </gpxtpx:TrackPointExtension>
        </extensions>
      </trkpt>
      <trkpt lat="48.572487000" lon="2.531079000">
        <ele>40.600</ele>
        <time>2024-05-19T10:34:08Z</time>
        <extensions>
          <gpxtpx:TrackPointExtension>
            <gpxtpx:hr>129</gpxtpx:hr>
          </gpxtpx:TrackPointExtension>
        </extensions>
      </trkpt>
      <trkpt lat="48.572459000" lon="2.531061000">
        <ele>40.800</ele>
        <time>2024-05-19T10:34:10Z</time>
        <extensions>
          <gpxtpx:TrackPointExtension>
            <gpxtpx:hr>129</gpxtpx:hr>
          </gpxtpx:TrackPointExtension>
        </extensions>
      </trkpt>
      <trkpt lat="48.572447000" lon="2.531036000">
        <ele>40.800</ele>
        <time>2024-05-19T10:34:11Z</time>
        <extensions>
          <gpxtpx:TrackPointExtension>
            <gpxtpx:hr>129</gpxtpx:hr>
          </gpxtpx:TrackPointExtension>
        </extensions>
      </trkpt>
      <trkpt lat="48.572453000" lon="2.531032000">
        <ele>40.800</ele>
        <time>2024-05-19T10:34:12Z</time>
        <extensions>
          <gpxtpx:TrackPointExtension>
            <gpxtpx:hr>127</gpxtpx:hr>
          </gpxtpx:TrackPointExtension>
        </extensions>
      </trkpt>
      <trkpt lat="48.572466000" lon="2.531077000">
        <ele>40.600</ele>
        <time>2024-05-19T10:34:14Z</time>
        <extensions>
          <gpxtpx:TrackPointExtension>
            <gpxtpx:hr>127</gpxtpx:hr>
          </gpxtpx:TrackPointExtension>
        </extensions>
      </trkpt>
      <trkpt lat="48.572439000" lon="2.531069000">
        <ele>40.700</ele>
        <time>2024-05-19T10:34:16Z</time>
        <extensions>
          <gpxtpx:TrackPointExtension>
            <gpxtpx:hr>127</gpxtpx:hr>
          </gpxtpx:TrackPointExtension>
        </extensions>
      </trkpt>
      <trkpt lat="48.572429000" lon="2.531079000">
        <ele>40.900</ele>
        <time>2024-05-19T10:34:17Z</time>
        <extensions>
          <gpxtpx:TrackPointExtension>
            <gpxtpx:hr>127</gpxtpx:hr>
          </gpxtpx:TrackPointExtension>
        </extensions>
      </trkpt>
      <trkpt lat="48.572428000" lon="2.531066000">
        <ele>40.900</ele>
        <time>2024-05-19T10:34:18Z</time>
        <extensions>
          <gpxtpx:TrackPointExtension>
            <gpxtpx:hr>127</gpxtpx:hr>
          </gpxtpx:TrackPointExtension>
        </extensions>
      </trkpt>
      <trkpt lat="48.572411000" lon="2.531081000">
        <ele>40.900</ele>
        <time>2024-05-19T10:34:24Z</time>
        <extensions>
          <gpxtpx:TrackPointExtension>
            <gpxtpx:hr>135</gpxtpx:hr>
          </gpxtpx:TrackPointExtension>
        </extensions>
      </trkpt>
      <trkpt lat="48.572442000" lon="2.531061000">
        <ele>40.800</ele>
        <time>2024-05-19T10:34:27Z</time>
        <extensions>
          <gpxtpx:TrackPointExtension>
            <gpxtpx:hr>135</gpxtpx:hr>
          </gpxtpx:TrackPointExtension>
        </extensions>
      </trkpt>
      <trkpt lat="48.572446000" lon="2.531085000">
        <ele>40.700</ele>
        <time>2024-05-19T10:34:29Z</time>
        <extensions>
          <gpxtpx:TrackPointExtension>
            <gpxtpx:hr>135</gpxtpx:hr>
          </gpxtpx:TrackPointExtension>
        </extensions>
      </trkpt>
      <trkpt lat="48.572437000" lon="2.531080000">
        <ele>40.700</ele>
        <time>2024-05-19T10:34:30Z</time>
        <extensions>
          <gpxtpx:TrackPointExtension>
            <gpxtpx:hr>135</gpxtpx:hr>
          </gpxtpx:TrackPointExtension>
        </extensions>
      </trkpt>
      <trkpt lat="48.572414000" lon="2.531019000">
        <ele>40.900</ele>
        <time>2024-05-19T10:34:33Z</time>
        <extensions>
          <gpxtpx:TrackPointExtension>
            <gpxtpx:hr>136</gpxtpx:hr>
          </gpxtpx:TrackPointExtension>
        </extensions>
      </trkpt>
      <trkpt lat="48.572407000" lon="2.531050000">
        <ele>40.900</ele>
        <time>2024-05-19T10:34:34Z</time>
        <extensions>
          <gpxtpx:TrackPointExtension>
            <gpxtpx:hr>136</gpxtpx:hr>
          </gpxtpx:TrackPointExtension>
        </extensions>
      </trkpt>
      <trkpt lat="48.572410000" lon="2.531083000">
        <ele>40.900</ele>
        <time>2024-05-19T10:34:37Z</time>
        <extensions>
          <gpxtpx:TrackPointExtension>
            <gpxtpx:hr>138</gpxtpx:hr>
          </gpxtpx:TrackPointExtension>
        </extensions>
      </trkpt>
      <trkpt lat="48.572405000" lon="2.531086000">
        <ele>40.900</ele>
        <time>2024-05-19T10:34:39Z</time>
        <extensions>
          <gpxtpx:TrackPointExtension>
            <gpxtpx:hr>138</gpxtpx:hr>
          </gpxtpx:TrackPointExtension>
        </extensions>
      </trkpt>
      <trkpt lat="48.572405000" lon="2.531059000">
        <ele>40.900</ele>
        <time>2024-05-19T10:34:41Z</time>
        <extensions>
          <gpxtpx:TrackPointExtension>
            <gpxtpx:hr>138</gpxtpx:hr>
          </gpxtpx:TrackPointExtension>
        </extensions>
      </trkpt>
      <trkpt lat="48.572432000" lon="2.531043000">
        <ele>40.900</ele>
        <time>2024-05-19T10:34:43Z</time>
        <extensions>
          <gpxtpx:TrackPointExtension>
            <gpxtpx:hr>138</gpxtpx:hr>
          </gpxtpx:TrackPointExtension>
        </extensions>
      </trkpt>
      <trkpt lat="48.572439000" lon="2.531054000">
        <ele>40.800</ele>
        <time>2024-05-19T10:34:44Z</time>
        <extensions>
          <gpxtpx:TrackPointExtension>
            <gpxtpx:hr>138</gpxtpx:hr>
          </gpxtpx:TrackPointExtension>
        </extensions>
      </trkpt>
      <trkpt lat="48.572393000" lon="2.531112000">
        <ele>41.000</ele>
        <time>2024-05-19T10:34:46Z</time>
        <extensions>
          <gpxtpx:TrackPointExtension>
            <gpxtpx:hr>138</gpxtpx:hr>
          </gpxtpx:TrackPointExtension>
        </extensions>
      </trkpt>
      <trkpt lat="48.572393000" lon="2.531104000">
        <ele>41.000</ele>
        <time>2024-05-19T10:34:47Z</time>
        <extensions>
          <gpxtpx:TrackPointExtension>
            <gpxtpx:hr>139</gpxtpx:hr>
          </gpxtpx:TrackPointExtension>
        </extensions>
      </trkpt>
      <trkpt lat="48.572467000" lon="2.531049000">
        <ele>40.600</ele>
        <time>2024-05-19T10:34:51Z</time>
        <extensions>
          <gpxtpx:TrackPointExtension>
            <gpxtpx:hr>139</gpxtpx:hr>
          </gpxtpx:TrackPointExtension>
        </extensions>
      </trkpt>
      <trkpt lat="48.572450000" lon="2.531042000">
        <ele>40.800</ele>
        <time>2024-05-19T10:34:52Z</time>
        <extensions>
          <gpxtpx:TrackPointExtension>
            <gpxtpx:hr>139</gpxtpx:hr>
          </gpxtpx:TrackPointExtension>
        </extensions>
      </trkpt>
      <trkpt lat="48.572427000" lon="2.531053000">
        <ele>40.900</ele>
        <time>2024-05-19T10:34:53Z</time>
        <extensions>
          <gpxtpx:TrackPointExtension>
            <gpxtpx:hr>139</gpxtpx:hr>
          </gpxtpx:TrackPointExtension>
        </extensions>
      </trkpt>
      <trkpt lat="48.572404000" lon="2.531045000">
        <ele>41.000</ele>
        <time>2024-05-19T10:34:54Z</time>
        <extensions>
          <gpxtpx:TrackPointExtension>
            <gpxtpx:hr>139</gpxtpx:hr>
          </gpxtpx:TrackPointExtension>
        </extensions>
      </trkpt>
      <trkpt lat="48.572397000" lon="2.531027000">
        <ele>41.000</ele>
        <time>2024-05-19T10:34:55Z</time>
        <extensions>
          <gpxtpx:TrackPointExtension>
            <gpxtpx:hr>139</gpxtpx:hr>
          </gpxtpx:TrackPointExtension>
        </extensions>
      </trkpt>
      <trkpt lat="48.572402000" lon="2.530991000">
        <ele>41.000</ele>
        <time>2024-05-19T10:34:56Z</time>
        <extensions>
          <gpxtpx:TrackPointExtension>
            <gpxtpx:hr>143</gpxtpx:hr>
          </gpxtpx:TrackPointExtension>
        </extensions>
      </trkpt>
      <trkpt lat="48.572417000" lon="2.530957000">
        <ele>40.900</ele>
        <time>2024-05-19T10:34:57Z</time>
        <extensions>
          <gpxtpx:TrackPointExtension>
            <gpxtpx:hr>143</gpxtpx:hr>
          </gpxtpx:TrackPointExtension>
        </extensions>
      </trkpt>
      <trkpt lat="48.572450000" lon="2.531011000">
        <ele>40.800</ele>
        <time>2024-05-19T10:35:00Z</time>
        <extensions>
          <gpxtpx:TrackPointExtension>
            <gpxtpx:hr>143</gpxtpx:hr>
          </gpxtpx:TrackPointExtension>
        </extensions>
      </trkpt>
      <trkpt lat="48.572423000" lon="2.531016000">
        <ele>40.900</ele>
        <time>2024-05-19T10:35:02Z</time>
        <extensions>
          <gpxtpx:TrackPointExtension>
            <gpxtpx:hr>143</gpxtpx:hr>
          </gpxtpx:TrackPointExtension>
        </extensions>
      </trkpt>
      <trkpt lat="48.572421000" lon="2.531048000">
        <ele>40.900</ele>
        <time>2024-05-19T10:35:05Z</time>
        <extensions>
          <gpxtpx:TrackPointExtension>
            <gpxtpx:hr>146</gpxtpx:hr>
          </gpxtpx:TrackPointExtension>
        </extensions>
      </trkpt>
      <trkpt lat="48.572437000" lon="2.531052000">
        <ele>40.800</ele>
        <time>2024-05-19T10:35:07Z</time>
        <extensions>
          <gpxtpx:TrackPointExtension>
            <gpxtpx:hr>148</gpxtpx:hr>
          </gpxtpx:TrackPointExtension>
        </extensions>
      </trkpt>
      <trkpt lat="48.572420000" lon="2.531030000">
        <ele>40.900</ele>
        <time>2024-05-19T10:35:09Z</time>
        <extensions>
          <gpxtpx:TrackPointExtension>
            <gpxtpx:hr>148</gpxtpx:hr>
          </gpxtpx:TrackPointExtension>
        </extensions>
      </trkpt>
      <trkpt lat="48.572418000" lon="2.531072000">
        <ele>40.900</ele>
        <time>2024-05-19T10:35:11Z</time>
        <extensions>
          <gpxtpx:TrackPointExtension>
            <gpxtpx:hr>148</gpxtpx:hr>
          </gpxtpx:TrackPointExtension>
        </extensions>
      </trkpt>
      <trkpt lat="48.572430000" lon="2.531061000">
        <ele>40.900</ele>
        <time>2024-05-19T10:35:13Z</time>
        <extensions>
          <gpxtpx:TrackPointExtension>
            <gpxtpx:hr>148</gpxtpx:hr>
          </gpxtpx:TrackPointExtension>
        </extensions>
      </trkpt>
      <trkpt lat="48.572404000" lon="2.531087000">
        <ele>41.000</ele>
        <time>2024-05-19T10:35:16Z</time>
        <extensions>
          <gpxtpx:TrackPointExtension>
            <gpxtpx:hr>149</gpxtpx:hr>
          </gpxtpx:TrackPointExtension>
        </extensions>
      </trkpt>
      <trkpt lat="48.572401000" lon="2.531066000">
        <ele>41.000</ele>
        <time>2024-05-19T10:35:19Z</time>
        <extensions>
          <gpxtpx:TrackPointExtension>
            <gpxtpx:hr>149</gpxtpx:hr>
          </gpxtpx:TrackPointExtension>
        </extensions>
      </trkpt>
      <trkpt lat="48.572412000" lon="2.531055000">
        <ele>40.900</ele>
        <time>2024-05-19T10:35:20Z</time>
        <extensions>
          <gpxtpx:TrackPointExtension>
            <gpxtpx:hr>150</gpxtpx:hr>
          </gpxtpx:TrackPointExtension>
        </extensions>
      </trkpt>
      <trkpt lat="48.572414000" lon="2.531079000">
        <ele>40.900</ele>
        <time>2024-05-19T10:35:21Z</time>
        <extensions>
          <gpxtpx:TrackPointExtension>
            <gpxtpx:hr>150</gpxtpx:hr>
          </gpxtpx:TrackPointExtension>
        </extensions>
      </trkpt>
      <trkpt lat="48.572425000" lon="2.531077000">
        <ele>40.900</ele>
        <time>2024-05-19T10:35:22Z</time>
        <extensions>
          <gpxtpx:TrackPointExtension>
            <gpxtpx:hr>150</gpxtpx:hr>
          </gpxtpx:TrackPointExtension>
        </extensions>
      </trkpt>
      <trkpt lat="48.572415000" lon="2.531081000">
        <ele>40.900</ele>
        <time>2024-05-19T10:35:24Z</time>
        <extensions>
          <gpxtpx:TrackPointExtension>
            <gpxtpx:hr>150</gpxtpx:hr>
          </gpxtpx:TrackPointExtension>
        </extensions>
      </trkpt>
      <trkpt lat="48.572421000" lon="2.531077000">
        <ele>40.900</ele>
        <time>2024-05-19T10:35:25Z</time>
        <extensions>
          <gpxtpx:TrackPointExtension>
            <gpxtpx:hr>150</gpxtpx:hr>
          </gpxtpx:TrackPointExtension>
        </extensions>
      </trkpt>
      <trkpt lat="48.572401000" lon="2.531081000">
        <ele>41.000</ele>
        <time>2024-05-19T10:35:27Z</time>
        <extensions>
          <gpxtpx:TrackPointExtension>
            <gpxtpx:hr>150</gpxtpx:hr>
          </gpxtpx:TrackPointExtension>
        </extensions>
      </trkpt>
      <trkpt lat="48.572396000" lon="2.531052000">
        <ele>41.000</ele>
        <time>2024-05-19T10:35:32Z</time>
        <extensions>
          <gpxtpx:TrackPointExtension>
            <gpxtpx:hr>150</gpxtpx:hr>
          </gpxtpx:TrackPointExtension>
        </extensions>
      </trkpt>
      <trkpt lat="48.572394000" lon="2.531082000">
        <ele>41.000</ele>
        <time>2024-05-19T10:35:34Z</time>
        <extensions>
          <gpxtpx:TrackPointExtension>
            <gpxtpx:hr>150</gpxtpx:hr>
          </gpxtpx:TrackPointExtension>
        </extensions>
      </trkpt>
      <trkpt lat="48.572394000" lon="2.531069000">
        <ele>41.000</ele>
        <time>2024-05-19T10:35:35Z</time>
        <extensions>
          <gpxtpx:TrackPointExtension>
            <gpxtpx:hr>150</gpxtpx:hr>
          </gpxtpx:TrackPointExtension>
        </extensions>
      </trkpt>
      <trkpt lat="48.572411000" lon="2.531082000">
        <ele>40.900</ele>
        <time>2024-05-19T10:35:36Z</time>
        <extensions>
          <gpxtpx:TrackPointExtension>
            <gpxtpx:hr>148</gpxtpx:hr>
          </gpxtpx:TrackPointExtension>
        </extensions>
      </trkpt>
      <trkpt lat="48.572415000" lon="2.531115000">
        <ele>40.800</ele>
        <time>2024-05-19T10:35:39Z</time>
        <extensions>
          <gpxtpx:TrackPointExtension>
            <gpxtpx:hr>148</gpxtpx:hr>
          </gpxtpx:TrackPointExtension>
        </extensions>
      </trkpt>
      <trkpt lat="48.572433000" lon="2.531103000">
        <ele>40.900</ele>
        <time>2024-05-19T10:35:43Z</time>
        <extensions>
          <gpxtpx:TrackPointExtension>
            <gpxtpx:hr>146</gpxtpx:hr>
          </gpxtpx:TrackPointExtension>
        </extensions>
      </trkpt>
      <trkpt lat="48.572406000" lon="2.531100000">
        <ele>40.900</ele>
        <time>2024-05-19T10:35:46Z</time>
        <extensions>
          <gpxtpx:TrackPointExtension>
            <gpxtpx:hr>146</gpxtpx:hr>
          </gpxtpx:TrackPointExtension>
        </extensions>
      </trkpt>
      <trkpt lat="48.572411000" lon="2.531111000">
        <ele>40.800</ele>
        <time>2024-05-19T10:35:48Z</time>
        <extensions>
          <gpxtpx:TrackPointExtension>
            <gpxtpx:hr>146</gpxtpx:hr>
          </gpxtpx:TrackPointExtension>
        </extensions>
      </trkpt>
      <trkpt lat="48.572395000" lon="2.531106000">
        <ele>41.000</ele>
        <time>2024-05-19T10:35:51Z</time>
        <extensions>
          <gpxtpx:TrackPointExtension>
            <gpxtpx:hr>146</gpxtpx:hr>
          </gpxtpx:TrackPointExtension>
        </extensions>
      </trkpt>
      <trkpt lat="48.572411000" lon="2.531120000">
        <ele>40.800</ele>
        <time>2024-05-19T10:35:53Z</time>
        <extensions>
          <gpxtpx:TrackPointExtension>
            <gpxtpx:hr>146</gpxtpx:hr>
          </gpxtpx:TrackPointExtension>
        </extensions>
      </trkpt>
      <trkpt lat="48.572381000" lon="2.531109000">
        <ele>41.000</ele>
        <time>2024-05-19T10:35:54Z</time>
        <extensions>
          <gpxtpx:TrackPointExtension>
            <gpxtpx:hr>146</gpxtpx:hr>
          </gpxtpx:TrackPointExtension>
        </extensions>
      </trkpt>
      <trkpt lat="48.572378000" lon="2.531097000">
        <ele>41.000</ele>
        <time>2024-05-19T10:35:55Z</time>
        <extensions>
          <gpxtpx:TrackPointExtension>
            <gpxtpx:hr>139</gpxtpx:hr>
          </gpxtpx:TrackPointExtension>
        </extensions>
      </trkpt>
      <trkpt lat="48.572407000" lon="2.531130000">
        <ele>40.800</ele>
        <time>2024-05-19T10:35:57Z</time>
        <extensions>
          <gpxtpx:TrackPointExtension>
            <gpxtpx:hr>139</gpxtpx:hr>
          </gpxtpx:TrackPointExtension>
        </extensions>
      </trkpt>
      <trkpt lat="48.572402000" lon="2.531125000">
        <ele>41.000</ele>
        <time>2024-05-19T10:35:58Z</time>
        <extensions>
          <gpxtpx:TrackPointExtension>
            <gpxtpx:hr>139</gpxtpx:hr>
          </gpxtpx:TrackPointExtension>
        </extensions>
      </trkpt>
      <trkpt lat="48.572425000" lon="2.531106000">
        <ele>40.800</ele>
        <time>2024-05-19T10:35:59Z</time>
        <extensions>
          <gpxtpx:TrackPointExtension>
            <gpxtpx:hr>139</gpxtpx:hr>
          </gpxtpx:TrackPointExtension>
        </extensions>
      </trkpt>
      <trkpt lat="48.572434000" lon="2.531076000">
        <ele>40.700</ele>
        <time>2024-05-19T10:36:02Z</time>
        <extensions>
          <gpxtpx:TrackPointExtension>
            <gpxtpx:hr>139</gpxtpx:hr>
          </gpxtpx:TrackPointExtension>
        </extensions>
      </trkpt>
      <trkpt lat="48.572438000" lon="2.531080000">
        <ele>40.700</ele>
        <time>2024-05-19T10:36:03Z</time>
        <extensions>
          <gpxtpx:TrackPointExtension>
            <gpxtpx:hr>139</gpxtpx:hr>
          </gpxtpx:TrackPointExtension>
        </extensions>
      </trkpt>
      <trkpt lat="48.572432000" lon="2.531088000">
        <ele>40.900</ele>
        <time>2024-05-19T10:36:04Z</time>
        <extensions>
          <gpxtpx:TrackPointExtension>
            <gpxtpx:hr>139</gpxtpx:hr>
          </gpxtpx:TrackPointExtension>
        </extensions>
      </trkpt>
      <trkpt lat="48.572436000" lon="2.531073000">
        <ele>40.700</ele>
        <time>2024-05-19T10:36:05Z</time>
        <extensions>
          <gpxtpx:TrackPointExtension>
            <gpxtpx:hr>139</gpxtpx:hr>
          </gpxtpx:TrackPointExtension>
        </extensions>
      </trkpt>
      <trkpt lat="48.572416000" lon="2.531057000">
        <ele>40.900</ele>
        <time>2024-05-19T10:36:09Z</time>
        <extensions>
          <gpxtpx:TrackPointExtension>
            <gpxtpx:hr>143</gpxtpx:hr>
          </gpxtpx:TrackPointExtension>
        </extensions>
      </trkpt>
      <trkpt lat="48.572420000" lon="2.531075000">
        <ele>40.900</ele>
        <time>2024-05-19T10:36:11Z</time>
        <extensions>
          <gpxtpx:TrackPointExtension>
            <gpxtpx:hr>143</gpxtpx:hr>
          </gpxtpx:TrackPointExtension>
        </extensions>
      </trkpt>
      <trkpt lat="48.572406000" lon="2.531074000">
        <ele>40.900</ele>
        <time>2024-05-19T10:36:13Z</time>
        <extensions>
          <gpxtpx:TrackPointExtension>
            <gpxtpx:hr>143</gpxtpx:hr>
          </gpxtpx:TrackPointExtension>
        </extensions>
      </trkpt>
      <trkpt lat="48.572419000" lon="2.531067000">
        <ele>40.900</ele>
        <time>2024-05-19T10:36:15Z</time>
        <extensions>
          <gpxtpx:TrackPointExtension>
            <gpxtpx:hr>143</gpxtpx:hr>
          </gpxtpx:TrackPointExtension>
        </extensions>
      </trkpt>
      <trkpt lat="48.572436000" lon="2.531031000">
        <ele>40.800</ele>
        <time>2024-05-19T10:36:17Z</time>
        <extensions>
          <gpxtpx:TrackPointExtension>
            <gpxtpx:hr>143</gpxtpx:hr>
          </gpxtpx:TrackPointExtension>
        </extensions>
      </trkpt>
      <trkpt lat="48.572466000" lon="2.531093000">
        <ele>40.600</ele>
        <time>2024-05-19T10:36:20Z</time>
        <extensions>
          <gpxtpx:TrackPointExtension>
            <gpxtpx:hr>143</gpxtpx:hr>
          </gpxtpx:TrackPointExtension>
        </extensions>
      </trkpt>
      <trkpt lat="48.572459000" lon="2.531075000">
        <ele>40.700</ele>
        <time>2024-05-19T10:36:23Z</time>
        <extensions>
          <gpxtpx:TrackPointExtension>
            <gpxtpx:hr>143</gpxtpx:hr>
          </gpxtpx:TrackPointExtension>
        </extensions>
      </trkpt>
      <trkpt lat="48.572432000" lon="2.531082000">
        <ele>40.900</ele>
        <time>2024-05-19T10:36:27Z</time>
        <extensions>
          <gpxtpx:TrackPointExtension>
            <gpxtpx:hr>143</gpxtpx:hr>
          </gpxtpx:TrackPointExtension>
        </extensions>
      </trkpt>
      <trkpt lat="48.572412000" lon="2.531105000">
        <ele>40.900</ele>
        <time>2024-05-19T10:36:31Z</time>
        <extensions>
          <gpxtpx:TrackPointExtension>
            <gpxtpx:hr>143</gpxtpx:hr>
          </gpxtpx:TrackPointExtension>
        </extensions>
      </trkpt>
      <trkpt lat="48.572439000" lon="2.531063000">
        <ele>40.700</ele>
        <time>2024-05-19T10:36:34Z</time>
        <extensions>
          <gpxtpx:TrackPointExtension>
            <gpxtpx:hr>143</gpxtpx:hr>
          </gpxtpx:TrackPointExtension>
        </extensions>
      </trkpt>
      <trkpt lat="48.572433000" lon="2.531054000">
        <ele>40.900</ele>
        <time>2024-05-19T10:36:35Z</time>
        <extensions>
          <gpxtpx:TrackPointExtension>
            <gpxtpx:hr>143</gpxtpx:hr>
          </gpxtpx:TrackPointExtension>
        </extensions>
      </trkpt>
      <trkpt lat="48.572412000" lon="2.531062000">
        <ele>40.900</ele>
        <time>2024-05-19T10:36:37Z</time>
        <extensions>
          <gpxtpx:TrackPointExtension>
            <gpxtpx:hr>141</gpxtpx:hr>
          </gpxtpx:TrackPointExtension>
        </extensions>
      </trkpt>
      <trkpt lat="48.572429000" lon="2.531055000">
        <ele>40.900</ele>
        <time>2024-05-19T10:36:38Z</time>
        <extensions>
          <gpxtpx:TrackPointExtension>
            <gpxtpx:hr>141</gpxtpx:hr>
          </gpxtpx:TrackPointExtension>
        </extensions>
      </trkpt>
      <trkpt lat="48.572439000" lon="2.531084000">
        <ele>40.700</ele>
        <time>2024-05-19T10:36:40Z</time>
        <extensions>
          <gpxtpx:TrackPointExtension>
            <gpxtpx:hr>141</gpxtpx:hr>
          </gpxtpx:TrackPointExtension>
        </extensions>
      </trkpt>
      <trkpt lat="48.572435000" lon="2.531043000">
        <ele>40.800</ele>
        <time>2024-05-19T10:36:44Z</time>
        <extensions>
          <gpxtpx:TrackPointExtension>
            <gpxtpx:hr>140</gpxtpx:hr>
          </gpxtpx:TrackPointExtension>
        </extensions>
      </trkpt>
      <trkpt lat="48.572430000" lon="2.531081000">
        <ele>40.900</ele>
        <time>2024-05-19T10:36:47Z</time>
        <extensions>
          <gpxtpx:TrackPointExtension>
            <gpxtpx:hr>140</gpxtpx:hr>
          </gpxtpx:TrackPointExtension>
        </extensions>
      </trkpt>
      <trkpt lat="48.572456000" lon="2.531129000">
        <ele>40.700</ele>
        <time>2024-05-19T10:36:52Z</time>
        <extensions>
          <gpxtpx:TrackPointExtension>
            <gpxtpx:hr>139</gpxtpx:hr>
          </gpxtpx:TrackPointExtension>
        </extensions>
      </trkpt>
      <trkpt lat="48.572434000" lon="2.531134000">
        <ele>40.700</ele>
        <time>2024-05-19T10:36:54Z</time>
        <extensions>
          <gpxtpx:TrackPointExtension>
            <gpxtpx:hr>139</gpxtpx:hr>
          </gpxtpx:TrackPointExtension>
        </extensions>
      </trkpt>
      <trkpt lat="48.572417000" lon="2.531116000">
        <ele>40.900</ele>
        <time>2024-05-19T10:36:55Z</time>
        <extensions>
          <gpxtpx:TrackPointExtension>
            <gpxtpx:hr>137</gpxtpx:hr>
          </gpxtpx:TrackPointExtension>
        </extensions>
      </trkpt>
      <trkpt lat="48.572421000" lon="2.531078000">
        <ele>40.900</ele>
        <time>2024-05-19T10:36:58Z</time>
        <extensions>
          <gpxtpx:TrackPointExtension>
            <gpxtpx:hr>139</gpxtpx:hr>
          </gpxtpx:TrackPointExtension>
        </extensions>
      </trkpt>
      <trkpt lat="48.572411000" lon="2.531057000">
        <ele>40.900</ele>
        <time>2024-05-19T10:37:00Z</time>
        <extensions>
          <gpxtpx:TrackPointExtension>
            <gpxtpx:hr>139</gpxtpx:hr>
          </gpxtpx:TrackPointExtension>
        </extensions>
      </trkpt>
      <trkpt lat="48.572417000" lon="2.531097000">
        <ele>40.900</ele>
        <time>2024-05-19T10:37:02Z</time>
        <extensions>
          <gpxtpx:TrackPointExtension>
            <gpxtpx:hr>139</gpxtpx:hr>
          </gpxtpx:TrackPointExtension>
        </extensions>
      </trkpt>
      <trkpt lat="48.572430000" lon="2.531070000">
        <ele>40.900</ele>
        <time>2024-05-19T10:37:03Z</time>
        <extensions>
          <gpxtpx:TrackPointExtension>
            <gpxtpx:hr>139</gpxtpx:hr>
          </gpxtpx:TrackPointExtension>
        </extensions>
      </trkpt>
      <trkpt lat="48.572421000" lon="2.531027000">
        <ele>40.900</ele>
        <time>2024-05-19T10:37:05Z</time>
        <extensions>
          <gpxtpx:TrackPointExtension>
            <gpxtpx:hr>139</gpxtpx:hr>
          </gpxtpx:TrackPointExtension>
        </extensions>
      </trkpt>
      <trkpt lat="48.572418000" lon="2.531042000">
        <ele>40.900</ele>
        <time>2024-05-19T10:37:07Z</time>
        <extensions>
          <gpxtpx:TrackPointExtension>
            <gpxtpx:hr>140</gpxtpx:hr>
          </gpxtpx:TrackPointExtension>
        </extensions>
      </trkpt>
      <trkpt lat="48.572402000" lon="2.531054000">
        <ele>41.000</ele>
        <time>2024-05-19T10:37:09Z</time>
        <extensions>
          <gpxtpx:TrackPointExtension>
            <gpxtpx:hr>140</gpxtpx:hr>
          </gpxtpx:TrackPointExtension>
        </extensions>
      </trkpt>
      <trkpt lat="48.572414000" lon="2.531040000">
        <ele>40.900</ele>
        <time>2024-05-19T10:37:10Z</time>
        <extensions>
          <gpxtpx:TrackPointExtension>
            <gpxtpx:hr>140</gpxtpx:hr>
          </gpxtpx:TrackPointExtension>
        </extensions>
      </trkpt>
      <trkpt lat="48.572381000" lon="2.531092000">
        <ele>41.000</ele>
        <time>2024-05-19T10:37:14Z</time>
        <extensions>
          <gpxtpx:TrackPointExtension>
            <gpxtpx:hr>140</gpxtpx:hr>
          </gpxtpx:TrackPointExtension>
        </extensions>
      </trkpt>
      <trkpt lat="48.572422000" lon="2.531048000">
        <ele>40.900</ele>
        <time>2024-05-19T10:37:20Z</time>
        <extensions>
          <gpxtpx:TrackPointExtension>
            <gpxtpx:hr>138</gpxtpx:hr>
          </gpxtpx:TrackPointExtension>
        </extensions>
      </trkpt>
      <trkpt lat="48.572398000" lon="2.531098000">
        <ele>41.000</ele>
        <time>2024-05-19T10:37:22Z</time>
        <extensions>
          <gpxtpx:TrackPointExtension>
            <gpxtpx:hr>138</gpxtpx:hr>
          </gpxtpx:TrackPointExtension>
        </extensions>
      </trkpt>
      <trkpt lat="48.572433000" lon="2.531038000">
        <ele>40.900</ele>
        <time>2024-05-19T10:37:25Z</time>
        <extensions>
          <gpxtpx:TrackPointExtension>
            <gpxtpx:hr>138</gpxtpx:hr>
          </gpxtpx:TrackPointExtension>
        </extensions>
      </trkpt>
      <trkpt lat="48.572418000" lon="2.531027000">
        <ele>40.900</ele>
        <time>2024-05-19T10:37:27Z</time>
        <extensions>
          <gpxtpx:TrackPointExtension>
            <gpxtpx:hr>138</gpxtpx:hr>
          </gpxtpx:TrackPointExtension>
        </extensions>
      </trkpt>
      <trkpt lat="48.572400000" lon="2.531053000">
        <ele>41.000</ele>
        <time>2024-05-19T10:37:30Z</time>
        <extensions>
          <gpxtpx:TrackPointExtension>
            <gpxtpx:hr>141</gpxtpx:hr>
          </gpxtpx:TrackPointExtension>
        </extensions>
      </trkpt>
      <trkpt lat="48.572418000" lon="2.531045000">
        <ele>40.900</ele>
        <time>2024-05-19T10:37:33Z</time>
        <extensions>
          <gpxtpx:TrackPointExtension>
            <gpxtpx:hr>141</gpxtpx:hr>
          </gpxtpx:TrackPointExtension>
        </extensions>
      </trkpt>
      <trkpt lat="48.572429000" lon="2.531053000">
        <ele>40.900</ele>
        <time>2024-05-19T10:37:34Z</time>
        <extensions>
          <gpxtpx:TrackPointExtension>
            <gpxtpx:hr>141</gpxtpx:hr>
          </gpxtpx:TrackPointExtension>
        </extensions>
      </trkpt>
      <trkpt lat="48.572425000" lon="2.531048000">
        <ele>40.900</ele>
        <time>2024-05-19T10:37:35Z</time>
        <extensions>
          <gpxtpx:TrackPointExtension>
            <gpxtpx:hr>141</gpxtpx:hr>
          </gpxtpx:TrackPointExtension>
        </extensions>
      </trkpt>
      <trkpt lat="48.572421000" lon="2.531059000">
        <ele>40.900</ele>
        <time>2024-05-19T10:37:36Z</time>
        <extensions>
          <gpxtpx:TrackPointExtension>
            <gpxtpx:hr>147</gpxtpx:hr>
          </gpxtpx:TrackPointExtension>
        </extensions>
      </trkpt>
      <trkpt lat="48.572466000" lon="2.531088000">
        <ele>40.600</ele>
        <time>2024-05-19T10:37:40Z</time>
        <extensions>
          <gpxtpx:TrackPointExtension>
            <gpxtpx:hr>148</gpxtpx:hr>
          </gpxtpx:TrackPointExtension>
        </extensions>
      </trkpt>
      <trkpt lat="48.572496000" lon="2.531089000">
        <ele>40.500</ele>
        <time>2024-05-19T10:37:42Z</time>
        <extensions>
          <gpxtpx:TrackPointExtension>
            <gpxtpx:hr>148</gpxtpx:hr>
          </gpxtpx:TrackPointExtension>
        </extensions>
      </trkpt>
      <trkpt lat="48.572496000" lon="2.531097000">
        <ele>40.500</ele>
        <time>2024-05-19T10:37:43Z</time>
        <extensions>
          <gpxtpx:TrackPointExtension>
            <gpxtpx:hr>146</gpxtpx:hr>
          </gpxtpx:TrackPointExtension>
        </extensions>
      </trkpt>
      <trkpt lat="48.572411000" lon="2.531096000">
        <ele>40.900</ele>
        <time>2024-05-19T10:37:48Z</time>
        <extensions>
          <gpxtpx:TrackPointExtension>
            <gpxtpx:hr>146</gpxtpx:hr>
          </gpxtpx:TrackPointExtension>
        </extensions>
      </trkpt>
      <trkpt lat="48.572389000" lon="2.531113000">
        <ele>41.000</ele>
        <time>2024-05-19T10:37:49Z</time>
        <extensions>
          <gpxtpx:TrackPointExtension>
            <gpxtpx:hr>146</gpxtpx:hr>
          </gpxtpx:TrackPointExtension>
        </extensions>
      </trkpt>
      <trkpt lat="48.572381000" lon="2.531098000">
        <ele>41.000</ele>
        <time>2024-05-19T10:37:51Z</time>
        <extensions>
          <gpxtpx:TrackPointExtension>
            <gpxtpx:hr>144</gpxtpx:hr>
          </gpxtpx:TrackPointExtension>
        </extensions>
      </trkpt>
      <trkpt lat="48.572386000" lon="2.531118000">
        <ele>41.000</ele>
        <time>2024-05-19T10:37:53Z</time>
        <extensions>
          <gpxtpx:TrackPointExtension>
            <gpxtpx:hr>145</gpxtpx:hr>
          </gpxtpx:TrackPointExtension>
        </extensions>
      </trkpt>
      <trkpt lat="48.572417000" lon="2.531056000">
        <ele>40.900</ele>
        <time>2024-05-19T10:37:57Z</time>
        <extensions>
          <gpxtpx:TrackPointExtension>
            <gpxtpx:hr>145</gpxtpx:hr>
          </gpxtpx:TrackPointExtension>
        </extensions>
      </trkpt>
      <trkpt lat="48.572408000" lon="2.531069000">
        <ele>40.900</ele>
        <time>2024-05-19T10:37:58Z</time>
        <extensions>
          <gpxtpx:TrackPointExtension>
            <gpxtpx:hr>145</gpxtpx:hr>
          </gpxtpx:TrackPointExtension>
        </extensions>
      </trkpt>
      <trkpt lat="48.572403000" lon="2.531062000">
        <ele>41.000</ele>
        <time>2024-05-19T10:37:59Z</time>
        <extensions>
          <gpxtpx:TrackPointExtension>
            <gpxtpx:hr>145</gpxtpx:hr>
          </gpxtpx:TrackPointExtension>
        </extensions>
      </trkpt>
      <trkpt lat="48.572428000" lon="2.531028000">
        <ele>40.900</ele>
        <time>2024-05-19T10:38:01Z</time>
        <extensions>
          <gpxtpx:TrackPointExtension>
            <gpxtpx:hr>147</gpxtpx:hr>
          </gpxtpx:TrackPointExtension>
        </extensions>
      </trkpt>
      <trkpt lat="48.572448000" lon="2.531059000">
        <ele>40.800</ele>
        <time>2024-05-19T10:38:03Z</time>
        <extensions>
          <gpxtpx:TrackPointExtension>
            <gpxtpx:hr>147</gpxtpx:hr>
          </gpxtpx:TrackPointExtension>
        </extensions>
      </trkpt>
      <trkpt lat="48.572453000" lon="2.531033000">
        <ele>40.800</ele>
        <time>2024-05-19T10:38:05Z</time>
        <extensions>
          <gpxtpx:TrackPointExtension>
            <gpxtpx:hr>147</gpxtpx:hr>
          </gpxtpx:TrackPointExtension>
        </extensions>
      </trkpt>
      <trkpt lat="48.572436000" lon="2.531064000">
        <ele>40.800</ele>
        <time>2024-05-19T10:38:06Z</time>
        <extensions>
          <gpxtpx:TrackPointExtension>
            <gpxtpx:hr>147</gpxtpx:hr>
          </gpxtpx:TrackPointExtension>
        </extensions>
      </trkpt>
      <trkpt lat="48.572413000" lon="2.531078000">
        <ele>40.900</ele>
        <time>2024-05-19T10:38:07Z</time>
        <extensions>
          <gpxtpx:TrackPointExtension>
            <gpxtpx:hr>147</gpxtpx:hr>
          </gpxtpx:TrackPointExtension>
        </extensions>
      </trkpt>
      <trkpt lat="48.572424000" lon="2.531052000">
        <ele>40.900</ele>
        <time>2024-05-19T10:38:10Z</time>
        <extensions>
          <gpxtpx:TrackPointExtension>
            <gpxtpx:hr>147</gpxtpx:hr>
          </gpxtpx:TrackPointExtension>
        </extensions>
      </trkpt>
      <trkpt lat="48.572433000" lon="2.531098000">
        <ele>40.900</ele>
        <time>2024-05-19T10:38:12Z</time>
        <extensions>
          <gpxtpx:TrackPointExtension>
            <gpxtpx:hr>147</gpxtpx:hr>
          </gpxtpx:TrackPointExtension>
        </extensions>
      </trkpt>
      <trkpt lat="48.572443000" lon="2.531079000">
        <ele>40.800</ele>
        <time>2024-05-19T10:38:13Z</time>
        <extensions>
          <gpxtpx:TrackPointExtension>
            <gpxtpx:hr>147</gpxtpx:hr>
          </gpxtpx:TrackPointExtension>
        </extensions>
      </trkpt>
      <trkpt lat="48.572438000" lon="2.531059000">
        <ele>40.800</ele>
        <time>2024-05-19T10:38:14Z</time>
        <extensions>
          <gpxtpx:TrackPointExtension>
            <gpxtpx:hr>147</gpxtpx:hr>
          </gpxtpx:TrackPointExtension>
        </extensions>
      </trkpt>
      <trkpt lat="48.572415000" lon="2.531033000">
        <ele>40.900</ele>
        <time>2024-05-19T10:38:15Z</time>
        <extensions>
          <gpxtpx:TrackPointExtension>
            <gpxtpx:hr>147</gpxtpx:hr>
          </gpxtpx:TrackPointExtension>
        </extensions>
      </trkpt>
      <trkpt lat="48.572433000" lon="2.531025000">
        <ele>40.900</ele>
        <time>2024-05-19T10:38:17Z</time>
        <extensions>
          <gpxtpx:TrackPointExtension>
            <gpxtpx:hr>152</gpxtpx:hr>
          </gpxtpx:TrackPointExtension>
        </extensions>
      </trkpt>
      <trkpt lat="48.572420000" lon="2.531055000">
        <ele>40.900</ele>
        <time>2024-05-19T10:38:19Z</time>
        <extensions>
          <gpxtpx:TrackPointExtension>
            <gpxtpx:hr>152</gpxtpx:hr>
          </gpxtpx:TrackPointExtension>
        </extensions>
      </trkpt>
      <trkpt lat="48.572425000" lon="2.531061000">
        <ele>40.900</ele>
        <time>2024-05-19T10:38:20Z</time>
        <extensions>
          <gpxtpx:TrackPointExtension>
            <gpxtpx:hr>152</gpxtpx:hr>
          </gpxtpx:TrackPointExtension>
        </extensions>
      </trkpt>
      <trkpt lat="48.572418000" lon="2.531053000">
        <ele>40.900</ele>
        <time>2024-05-19T10:38:21Z</time>
        <extensions>
          <gpxtpx:TrackPointExtension>
            <gpxtpx:hr>152</gpxtpx:hr>
          </gpxtpx:TrackPointExtension>
        </extensions>
      </trkpt>
      <trkpt lat="48.572416000" lon="2.531069000">
        <ele>40.900</ele>
        <time>2024-05-19T10:38:22Z</time>
        <extensions>
          <gpxtpx:TrackPointExtension>
            <gpxtpx:hr>152</gpxtpx:hr>
          </gpxtpx:TrackPointExtension>
        </extensions>
      </trkpt>
      <trkpt lat="48.572395000" lon="2.531067000">
        <ele>41.000</ele>
        <time>2024-05-19T10:38:23Z</time>
        <extensions>
          <gpxtpx:TrackPointExtension>
            <gpxtpx:hr>152</gpxtpx:hr>
          </gpxtpx:TrackPointExtension>
        </extensions>
      </trkpt>
      <trkpt lat="48.572400000" lon="2.531070000">
        <ele>41.000</ele>
        <time>2024-05-19T10:38:24Z</time>
        <extensions>
          <gpxtpx:TrackPointExtension>
            <gpxtpx:hr>152</gpxtpx:hr>
          </gpxtpx:TrackPointExtension>
        </extensions>
      </trkpt>
      <trkpt lat="48.572387000" lon="2.531082000">
        <ele>41.000</ele>
        <time>2024-05-19T10:38:25Z</time>
        <extensions>
          <gpxtpx:TrackPointExtension>
            <gpxtpx:hr>153</gpxtpx:hr>
          </gpxtpx:TrackPointExtension>
        </extensions>
      </trkpt>
      <trkpt lat="48.572422000" lon="2.531076000">
        <ele>40.900</ele>
        <time>2024-05-19T10:38:29Z</time>
        <extensions>
          <gpxtpx:TrackPointExtension>
            <gpxtpx:hr>153</gpxtpx:hr>
          </gpxtpx:TrackPointExtension>
        </extensions>
      </trkpt>
      <trkpt lat="48.572414000" lon="2.531051000">
        <ele>40.900</ele>
        <time>2024-05-19T10:38:30Z</time>
        <extensions>
          <gpxtpx:TrackPointExtension>
            <gpxtpx:hr>153</gpxtpx:hr>
          </gpxtpx:TrackPointExtension>
        </extensions>
      </trkpt>
      <trkpt lat="48.572434000" lon="2.531021000">
        <ele>40.800</ele>
        <time>2024-05-19T10:38:31Z</time>
        <extensions>
          <gpxtpx:TrackPointExtension>
            <gpxtpx:hr>154</gpxtpx:hr>
          </gpxtpx:TrackPointExtension>
        </extensions>
      </trkpt>
      <trkpt lat="48.572417000" lon="2.531070000">
        <ele>40.900</ele>
        <time>2024-05-19T10:38:33Z</time>
        <extensions>
          <gpxtpx:TrackPointExtension>
            <gpxtpx:hr>154</gpxtpx:hr>
          </gpxtpx:TrackPointExtension>
        </extensions>
      </trkpt>
      <trkpt lat="48.572514000" lon="2.531105000">
        <ele>40.500</ele>
        <time>2024-05-19T10:38:40Z</time>
        <extensions>
          <gpxtpx:TrackPointExtension>
            <gpxtpx:hr>155</gpxtpx:hr>
          </gpxtpx:TrackPointExtension>
        </extensions>
      </trkpt>
      <trkpt lat="48.572508000" lon="2.531094000">
        <ele>40.500</ele>
        <time>2024-05-19T10:38:41Z</time>
        <extensions>
          <gpxtpx:TrackPointExtension>
            <gpxtpx:hr>155</gpxtpx:hr>
          </gpxtpx:TrackPointExtension>
        </extensions>
      </trkpt>
      <trkpt lat="48.572481000" lon="2.531086000">
        <ele>40.600</ele>
        <time>2024-05-19T10:38:42Z</time>
        <extensions>
          <gpxtpx:TrackPointExtension>
            <gpxtpx:hr>155</gpxtpx:hr>
          </gpxtpx:TrackPointExtension>
        </extensions>
      </trkpt>
      <trkpt lat="48.572452000" lon="2.531107000">
        <ele>40.700</ele>
        <time>2024-05-19T10:38:43Z</time>
        <extensions>
          <gpxtpx:TrackPointExtension>
            <gpxtpx:hr>155</gpxtpx:hr>
          </gpxtpx:TrackPointExtension>
        </extensions>
      </trkpt>
      <trkpt lat="48.572436000" lon="2.531097000">
        <ele>40.800</ele>
        <time>2024-05-19T10:38:45Z</time>
        <extensions>
          <gpxtpx:TrackPointExtension>
            <gpxtpx:hr>152</gpxtpx:hr>
          </gpxtpx:TrackPointExtension>
        </extensions>
      </trkpt>
      <trkpt lat="48.572396000" lon="2.531114000">
        <ele>41.000</ele>
        <time>2024-05-19T10:38:49Z</time>
        <extensions>
          <gpxtpx:TrackPointExtension>
            <gpxtpx:hr>152</gpxtpx:hr>
          </gpxtpx:TrackPointExtension>
        </extensions>
      </trkpt>
      <trkpt lat="48.572414000" lon="2.531102000">
        <ele>40.900</ele>
        <time>2024-05-19T10:38:54Z</time>
        <extensions>
          <gpxtpx:TrackPointExtension>
            <gpxtpx:hr>152</gpxtpx:hr>
          </gpxtpx:TrackPointExtension>
        </extensions>
      </trkpt>
      <trkpt lat="48.572400000" lon="2.531100000">
        <ele>41.000</ele>
        <time>2024-05-19T10:38:55Z</time>
        <extensions>
          <gpxtpx:TrackPointExtension>
            <gpxtpx:hr>152</gpxtpx:hr>
          </gpxtpx:TrackPointExtension>
        </extensions>
      </trkpt>
      <trkpt lat="48.572419000" lon="2.531094000">
        <ele>40.900</ele>
        <time>2024-05-19T10:38:56Z</time>
        <extensions>
          <gpxtpx:TrackPointExtension>
            <gpxtpx:hr>152</gpxtpx:hr>
          </gpxtpx:TrackPointExtension>
        </extensions>
      </trkpt>
      <trkpt lat="48.572404000" lon="2.531114000">
        <ele>41.000</ele>
        <time>2024-05-19T10:38:59Z</time>
        <extensions>
          <gpxtpx:TrackPointExtension>
            <gpxtpx:hr>153</gpxtpx:hr>
          </gpxtpx:TrackPointExtension>
        </extensions>
      </trkpt>
      <trkpt lat="48.572402000" lon="2.531136000">
        <ele>41.000</ele>
        <time>2024-05-19T10:39:00Z</time>
        <extensions>
          <gpxtpx:TrackPointExtension>
            <gpxtpx:hr>153</gpxtpx:hr>
          </gpxtpx:TrackPointExtension>
        </extensions>
      </trkpt>
      <trkpt lat="48.572439000" lon="2.531092000">
        <ele>40.800</ele>
        <time>2024-05-19T10:39:03Z</time>
        <extensions>
          <gpxtpx:TrackPointExtension>
            <gpxtpx:hr>152</gpxtpx:hr>
          </gpxtpx:TrackPointExtension>
        </extensions>
      </trkpt>
      <trkpt lat="48.572433000" lon="2.531099000">
        <ele>40.900</ele>
        <time>2024-05-19T10:39:04Z</time>
        <extensions>
          <gpxtpx:TrackPointExtension>
            <gpxtpx:hr>152</gpxtpx:hr>
          </gpxtpx:TrackPointExtension>
        </extensions>
      </trkpt>
      <trkpt lat="48.572389000" lon="2.531074000">
        <ele>41.000</ele>
        <time>2024-05-19T10:39:07Z</time>
        <extensions>
          <gpxtpx:TrackPointExtension>
            <gpxtpx:hr>151</gpxtpx:hr>
          </gpxtpx:TrackPointExtension>
        </extensions>
      </trkpt>
      <trkpt lat="48.572378000" lon="2.531077000">
        <ele>41.000</ele>
        <time>2024-05-19T10:39:08Z</time>
        <extensions>
          <gpxtpx:TrackPointExtension>
            <gpxtpx:hr>151</gpxtpx:hr>
          </gpxtpx:TrackPointExtension>
        </extensions>
      </trkpt>
      <trkpt lat="48.572384000" lon="2.531075000">
        <ele>41.000</ele>
        <time>2024-05-19T10:39:09Z</time>
        <extensions>
          <gpxtpx:TrackPointExtension>
            <gpxtpx:hr>151</gpxtpx:hr>
          </gpxtpx:TrackPointExtension>
        </extensions>
      </trkpt>
      <trkpt lat="48.572378000" lon="2.531087000">
        <ele>41.000</ele>
        <time>2024-05-19T10:39:10Z</time>
        <extensions>
          <gpxtpx:TrackPointExtension>
            <gpxtpx:hr>151</gpxtpx:hr>
          </gpxtpx:TrackPointExtension>
        </extensions>
      </trkpt>
      <trkpt lat="48.572380000" lon="2.531150000">
        <ele>41.000</ele>
        <time>2024-05-19T10:39:12Z</time>
        <extensions>
          <gpxtpx:TrackPointExtension>
            <gpxtpx:hr>151</gpxtpx:hr>
          </gpxtpx:TrackPointExtension>
        </extensions>
      </trkpt>
      <trkpt lat="48.572374000" lon="2.531131000">
        <ele>41.100</ele>
        <time>2024-05-19T10:39:14Z</time>
        <extensions>
          <gpxtpx:TrackPointExtension>
            <gpxtpx:hr>149</gpxtpx:hr>
          </gpxtpx:TrackPointExtension>
        </extensions>
      </trkpt>
      <trkpt lat="48.572389000" lon="2.531116000">
        <ele>41.000</ele>
        <time>2024-05-19T10:39:15Z</time>
        <extensions>
          <gpxtpx:TrackPointExtension>
            <gpxtpx:hr>149</gpxtpx:hr>
          </gpxtpx:TrackPointExtension>
        </extensions>
      </trkpt>
      <trkpt lat="48.572386000" lon="2.531126000">
        <ele>41.000</ele>
        <time>2024-05-19T10:39:16Z</time>
        <extensions>
          <gpxtpx:TrackPointExtension>
            <gpxtpx:hr>149</gpxtpx:hr>
          </gpxtpx:TrackPointExtension>
        </extensions>
      </trkpt>
      <trkpt lat="48.572395000" lon="2.531103000">
        <ele>41.000</ele>
        <time>2024-05-19T10:39:17Z</time>
        <extensions>
          <gpxtpx:TrackPointExtension>
            <gpxtpx:hr>149</gpxtpx:hr>
          </gpxtpx:TrackPointExtension>
        </extensions>
      </trkpt>
      <trkpt lat="48.572389000" lon="2.531068000">
        <ele>41.000</ele>
        <time>2024-05-19T10:39:18Z</time>
        <extensions>
          <gpxtpx:TrackPointExtension>
            <gpxtpx:hr>149</gpxtpx:hr>
          </gpxtpx:TrackPointExtension>
        </extensions>
      </trkpt>
      <trkpt lat="48.572400000" lon="2.531045000">
        <ele>41.000</ele>
        <time>2024-05-19T10:39:22Z</time>
        <extensions>
          <gpxtpx:TrackPointExtension>
            <gpxtpx:hr>150</gpxtpx:hr>
          </gpxtpx:TrackPointExtension>
        </extensions>
      </trkpt>
      <trkpt lat="48.572417000" lon="2.531085000">
        <ele>40.900</ele>
        <time>2024-05-19T10:39:24Z</time>
        <extensions>
          <gpxtpx:TrackPointExtension>
            <gpxtpx:hr>149</gpxtpx:hr>
          </gpxtpx:TrackPointExtension>
        </extensions>
      </trkpt>
      <trkpt lat="48.572474000" lon="2.531089000">
        <ele>40.600</ele>
        <time>2024-05-19T10:39:27Z</time>
        <extensions>
          <gpxtpx:TrackPointExtension>
            <gpxtpx:hr>149</gpxtpx:hr>
          </gpxtpx:TrackPointExtension>
        </extensions>
      </trkpt>
      <trkpt lat="48.572399000" lon="2.531107000">
        <ele>41.000</ele>
        <time>2024-05-19T10:39:31Z</time>
        <extensions>
          <gpxtpx:TrackPointExtension>
            <gpxtpx:hr>149</gpxtpx:hr>
          </gpxtpx:TrackPointExtension>
        </extensions>
      </trkpt>
      <trkpt lat="48.572420000" lon="2.531028000">
        <ele>40.900</ele>
        <time>2024-05-19T10:39:36Z</time>
        <extensions>
          <gpxtpx:TrackPointExtension>
            <gpxtpx:hr>147</gpxtpx:hr>
          </gpxtpx:TrackPointExtension>
        </extensions>
      </trkpt>
      <trkpt lat="48.572428000" lon="2.531045000">
        <ele>40.900</ele>
        <time>2024-05-19T10:39:37Z</time>
        <extensions>
          <gpxtpx:TrackPointExtension>
            <gpxtpx:hr>147</gpxtpx:hr>
          </gpxtpx:TrackPointExtension>
        </extensions>
      </trkpt>
      <trkpt lat="48.572406000" lon="2.531059000">
        <ele>40.900</ele>
        <time>2024-05-19T10:39:38Z</time>
        <extensions>
          <gpxtpx:TrackPointExtension>
            <gpxtpx:hr>147</gpxtpx:hr>
          </gpxtpx:TrackPointExtension>
        </extensions>
      </trkpt>
      <trkpt lat="48.572411000" lon="2.531032000">
        <ele>40.900</ele>
        <time>2024-05-19T10:39:39Z</time>
        <extensions>
          <gpxtpx:TrackPointExtension>
            <gpxtpx:hr>147</gpxtpx:hr>
          </gpxtpx:TrackPointExtension>
        </extensions>
      </trkpt>
      <trkpt lat="48.572420000" lon="2.531037000">
        <ele>40.900</ele>
        <time>2024-05-19T10:39:40Z</time>
        <extensions>
          <gpxtpx:TrackPointExtension>
            <gpxtpx:hr>147</gpxtpx:hr>
          </gpxtpx:TrackPointExtension>
        </extensions>
      </trkpt>
      <trkpt lat="48.572421000" lon="2.531075000">
        <ele>40.900</ele>
        <time>2024-05-19T10:39:42Z</time>
        <extensions>
          <gpxtpx:TrackPointExtension>
            <gpxtpx:hr>149</gpxtpx:hr>
          </gpxtpx:TrackPointExtension>
        </extensions>
      </trkpt>
      <trkpt lat="48.572409000" lon="2.531077000">
        <ele>40.900</ele>
        <time>2024-05-19T10:39:43Z</time>
        <extensions>
          <gpxtpx:TrackPointExtension>
            <gpxtpx:hr>150</gpxtpx:hr>
          </gpxtpx:TrackPointExtension>
        </extensions>
      </trkpt>
      <trkpt lat="48.572398000" lon="2.531053000">
        <ele>41.000</ele>
        <time>2024-05-19T10:39:45Z</time>
        <extensions>
          <gpxtpx:TrackPointExtension>
            <gpxtpx:hr>150</gpxtpx:hr>
          </gpxtpx:TrackPointExtension>
        </extensions>
      </trkpt>
      <trkpt lat="48.572404000" lon="2.531022000">
        <ele>41.000</ele>
        <time>2024-05-19T10:39:48Z</time>
        <extensions>
          <gpxtpx:TrackPointExtension>
            <gpxtpx:hr>150</gpxtpx:hr>
          </gpxtpx:TrackPointExtension>
        </extensions>
      </trkpt>
      <trkpt lat="48.572424000" lon="2.531039000">
        <ele>40.900</ele>
        <time>2024-05-19T10:39:49Z</time>
        <extensions>
          <gpxtpx:TrackPointExtension>
            <gpxtpx:hr>150</gpxtpx:hr>
          </gpxtpx:TrackPointExtension>
        </extensions>
      </trkpt>
      <trkpt lat="48.572423000" lon="2.531059000">
        <ele>40.900</ele>
        <time>2024-05-19T10:39:50Z</time>
        <extensions>
          <gpxtpx:TrackPointExtension>
            <gpxtpx:hr>150</gpxtpx:hr>
          </gpxtpx:TrackPointExtension>
        </extensions>
      </trkpt>
      <trkpt lat="48.572462000" lon="2.531091000">
        <ele>40.600</ele>
        <time>2024-05-19T10:39:53Z</time>
        <extensions>
          <gpxtpx:TrackPointExtension>
            <gpxtpx:hr>150</gpxtpx:hr>
          </gpxtpx:TrackPointExtension>
        </extensions>
      </trkpt>
      <trkpt lat="48.572409000" lon="2.531067000">
        <ele>40.900</ele>
        <time>2024-05-19T10:39:56Z</time>
        <extensions>
          <gpxtpx:TrackPointExtension>
            <gpxtpx:hr>150</gpxtpx:hr>
          </gpxtpx:TrackPointExtension>
        </extensions>
      </trkpt>
      <trkpt lat="48.572401000" lon="2.531032000">
        <ele>41.000</ele>
        <time>2024-05-19T10:39:59Z</time>
        <extensions>
          <gpxtpx:TrackPointExtension>
            <gpxtpx:hr>150</gpxtpx:hr>
          </gpxtpx:TrackPointExtension>
        </extensions>
      </trkpt>
      <trkpt lat="48.572387000" lon="2.531052000">
        <ele>41.000</ele>
        <time>2024-05-19T10:40:01Z</time>
        <extensions>
          <gpxtpx:TrackPointExtension>
            <gpxtpx:hr>149</gpxtpx:hr>
          </gpxtpx:TrackPointExtension>
        </extensions>
      </trkpt>
      <trkpt lat="48.572376000" lon="2.531045000">
        <ele>41.200</ele>
        <time>2024-05-19T10:40:02Z</time>
        <extensions>
          <gpxtpx:TrackPointExtension>
            <gpxtpx:hr>149</gpxtpx:hr>
          </gpxtpx:TrackPointExtension>
        </extensions>
      </trkpt>
      <trkpt lat="48.572387000" lon="2.531037000">
        <ele>41.000</ele>
        <time>2024-05-19T10:40:03Z</time>
        <extensions>
          <gpxtpx:TrackPointExtension>
            <gpxtpx:hr>150</gpxtpx:hr>
          </gpxtpx:TrackPointExtension>
        </extensions>
      </trkpt>
      <trkpt lat="48.572389000" lon="2.531064000">
        <ele>41.000</ele>
        <time>2024-05-19T10:40:04Z</time>
        <extensions>
          <gpxtpx:TrackPointExtension>
            <gpxtpx:hr>150</gpxtpx:hr>
          </gpxtpx:TrackPointExtension>
        </extensions>
      </trkpt>
      <trkpt lat="48.572401000" lon="2.531088000">
        <ele>41.000</ele>
        <time>2024-05-19T10:40:06Z</time>
        <extensions>
          <gpxtpx:TrackPointExtension>
            <gpxtpx:hr>150</gpxtpx:hr>
          </gpxtpx:TrackPointExtension>
        </extensions>
      </trkpt>
      <trkpt lat="48.572387000" lon="2.531108000">
        <ele>41.000</ele>
        <time>2024-05-19T10:40:10Z</time>
        <extensions>
          <gpxtpx:TrackPointExtension>
            <gpxtpx:hr>150</gpxtpx:hr>
          </gpxtpx:TrackPointExtension>
        </extensions>
      </trkpt>
      <trkpt lat="48.572366000" lon="2.531118000">
        <ele>41.100</ele>
        <time>2024-05-19T10:40:14Z</time>
        <extensions>
          <gpxtpx:TrackPointExtension>
            <gpxtpx:hr>150</gpxtpx:hr>
          </gpxtpx:TrackPointExtension>
        </extensions>
      </trkpt>
      <trkpt lat="48.572372000" lon="2.531126000">
        <ele>41.100</ele>
        <time>2024-05-19T10:40:16Z</time>
        <extensions>
          <gpxtpx:TrackPointExtension>
            <gpxtpx:hr>150</gpxtpx:hr>
          </gpxtpx:TrackPointExtension>
        </extensions>
      </trkpt>
      <trkpt lat="48.572380000" lon="2.531117000">
        <ele>41.000</ele>
        <time>2024-05-19T10:40:18Z</time>
        <extensions>
          <gpxtpx:TrackPointExtension>
            <gpxtpx:hr>148</gpxtpx:hr>
          </gpxtpx:TrackPointExtension>
        </extensions>
      </trkpt>
      <trkpt lat="48.572399000" lon="2.531140000">
        <ele>41.000</ele>
        <time>2024-05-19T10:40:20Z</time>
        <extensions>
          <gpxtpx:TrackPointExtension>
            <gpxtpx:hr>148</gpxtpx:hr>
          </gpxtpx:TrackPointExtension>
        </extensions>
      </trkpt>
      <trkpt lat="48.572446000" lon="2.531146000">
        <ele>40.800</ele>
        <time>2024-05-19T10:40:23Z</time>
        <extensions>
          <gpxtpx:TrackPointExtension>
            <gpxtpx:hr>148</gpxtpx:hr>
          </gpxtpx:TrackPointExtension>
        </extensions>
      </trkpt>
      <trkpt lat="48.572468000" lon="2.531136000">
        <ele>40.600</ele>
        <time>2024-05-19T10:40:24Z</time>
        <extensions>
          <gpxtpx:TrackPointExtension>
            <gpxtpx:hr>147</gpxtpx:hr>
          </gpxtpx:TrackPointExtension>
        </extensions>
      </trkpt>
      <trkpt lat="48.572491000" lon="2.531106000">
        <ele>40.500</ele>
        <time>2024-05-19T10:40:26Z</time>
        <extensions>
          <gpxtpx:TrackPointExtension>
            <gpxtpx:hr>147</gpxtpx:hr>
          </gpxtpx:TrackPointExtension>
        </extensions>
      </trkpt>
      <trkpt lat="48.572514000" lon="2.531120000">
        <ele>40.500</ele>
        <time>2024-05-19T10:40:28Z</time>
        <extensions>
          <gpxtpx:TrackPointExtension>
            <gpxtpx:hr>147</gpxtpx:hr>
          </gpxtpx:TrackPointExtension>
        </extensions>
      </trkpt>
      <trkpt lat="48.572505000" lon="2.531146000">
        <ele>40.500</ele>
        <time>2024-05-19T10:40:29Z</time>
        <extensions>
          <gpxtpx:TrackPointExtension>
            <gpxtpx:hr>147</gpxtpx:hr>
          </gpxtpx:TrackPointExtension>
        </extensions>
      </trkpt>
      <trkpt lat="48.572483000" lon="2.531150000">
        <ele>40.600</ele>
        <time>2024-05-19T10:40:31Z</time>
        <extensions>
          <gpxtpx:TrackPointExtension>
            <gpxtpx:hr>147</gpxtpx:hr>
          </gpxtpx:TrackPointExtension>
        </extensions>
      </trkpt>
      <trkpt lat="48.572476000" lon="2.531181000">
        <ele>40.600</ele>
        <time>2024-05-19T10:40:33Z</time>
        <extensions>
          <gpxtpx:TrackPointExtension>
            <gpxtpx:hr>147</gpxtpx:hr>
          </gpxtpx:TrackPointExtension>
        </extensions>
      </trkpt>
      <trkpt lat="48.572499000" lon="2.531160000">
        <ele>40.500</ele>
        <time>2024-05-19T10:40:37Z</time>
        <extensions>
          <gpxtpx:TrackPointExtension>
            <gpxtpx:hr>146</gpxtpx:hr>
          </gpxtpx:TrackPointExtension>
        </extensions>
      </trkpt>
      <trkpt lat="48.572483000" lon="2.531151000">
        <ele>40.600</ele>
        <time>2024-05-19T10:40:40Z</time>
        <extensions>
          <gpxtpx:TrackPointExtension>
            <gpxtpx:hr>146</gpxtpx:hr>
          </gpxtpx:TrackPointExtension>
        </extensions>
      </trkpt>
      <trkpt lat="48.572476000" lon="2.531165000">
        <ele>40.600</ele>
        <time>2024-05-19T10:40:42Z</time>
        <extensions>
          <gpxtpx:TrackPointExtension>
            <gpxtpx:hr>146</gpxtpx:hr>
          </gpxtpx:TrackPointExtension>
        </extensions>
      </trkpt>
      <trkpt lat="48.572496000" lon="2.531126000">
        <ele>40.500</ele>
        <time>2024-05-19T10:40:45Z</time>
        <extensions>
          <gpxtpx:TrackPointExtension>
            <gpxtpx:hr>146</gpxtpx:hr>
          </gpxtpx:TrackPointExtension>
        </extensions>
      </trkpt>
      <trkpt lat="48.572499000" lon="2.531095000">
        <ele>40.500</ele>
        <time>2024-05-19T10:40:46Z</time>
        <extensions>
          <gpxtpx:TrackPointExtension>
            <gpxtpx:hr>148</gpxtpx:hr>
          </gpxtpx:TrackPointExtension>
        </extensions>
      </trkpt>
      <trkpt lat="48.572501000" lon="2.531108000">
        <ele>40.500</ele>
        <time>2024-05-19T10:40:47Z</time>
        <extensions>
          <gpxtpx:TrackPointExtension>
            <gpxtpx:hr>148</gpxtpx:hr>
          </gpxtpx:TrackPointExtension>
        </extensions>
      </trkpt>
      <trkpt lat="48.572493000" lon="2.531120000">
        <ele>40.500</ele>
        <time>2024-05-19T10:40:51Z</time>
        <extensions>
          <gpxtpx:TrackPointExtension>
            <gpxtpx:hr>149</gpxtpx:hr>
          </gpxtpx:TrackPointExtension>
        </extensions>
      </trkpt>
      <trkpt lat="48.572511000" lon="2.531127000">
        <ele>40.500</ele>
        <time>2024-05-19T10:40:56Z</time>
        <extensions>
          <gpxtpx:TrackPointExtension>
            <gpxtpx:hr>149</gpxtpx:hr>
          </gpxtpx:TrackPointExtension>
        </extensions>
      </trkpt>
      <trkpt lat="48.572511000" lon="2.531101000">
        <ele>40.500</ele>
        <time>2024-05-19T10:40:58Z</time>
        <extensions>
          <gpxtpx:TrackPointExtension>
            <gpxtpx:hr>149</gpxtpx:hr>
          </gpxtpx:TrackPointExtension>
        </extensions>
      </trkpt>
      <trkpt lat="48.572543000" lon="2.531135000">
        <ele>40.400</ele>
        <time>2024-05-19T10:41:00Z</time>
        <extensions>
          <gpxtpx:TrackPointExtension>
            <gpxtpx:hr>149</gpxtpx:hr>
          </gpxtpx:TrackPointExtension>
        </extensions>
      </trkpt>
      <trkpt lat="48.572532000" lon="2.531139000">
        <ele>40.400</ele>
        <time>2024-05-19T10:41:01Z</time>
        <extensions>
          <gpxtpx:TrackPointExtension>
            <gpxtpx:hr>149</gpxtpx:hr>
          </gpxtpx:TrackPointExtension>
        </extensions>
      </trkpt>
      <trkpt lat="48.572511000" lon="2.531123000">
        <ele>40.500</ele>
        <time>2024-05-19T10:41:04Z</time>
        <extensions>
          <gpxtpx:TrackPointExtension>
            <gpxtpx:hr>149</gpxtpx:hr>
          </gpxtpx:TrackPointExtension>
        </extensions>
      </trkpt>
      <trkpt lat="48.572505000" lon="2.531155000">
        <ele>40.500</ele>
        <time>2024-05-19T10:41:06Z</time>
        <extensions>
          <gpxtpx:TrackPointExtension>
            <gpxtpx:hr>149</gpxtpx:hr>
          </gpxtpx:TrackPointExtension>
        </extensions>
      </trkpt>
      <trkpt lat="48.572497000" lon="2.531116000">
        <ele>40.500</ele>
        <time>2024-05-19T10:41:10Z</time>
        <extensions>
          <gpxtpx:TrackPointExtension>
            <gpxtpx:hr>146</gpxtpx:hr>
          </gpxtpx:TrackPointExtension>
        </extensions>
      </trkpt>
      <trkpt lat="48.572467000" lon="2.531085000">
        <ele>40.700</ele>
        <time>2024-05-19T10:41:13Z</time>
        <extensions>
          <gpxtpx:TrackPointExtension>
            <gpxtpx:hr>146</gpxtpx:hr>
          </gpxtpx:TrackPointExtension>
        </extensions>
      </trkpt>
      <trkpt lat="48.572469000" lon="2.531074000">
        <ele>40.700</ele>
        <time>2024-05-19T10:41:14Z</time>
        <extensions>
          <gpxtpx:TrackPointExtension>
            <gpxtpx:hr>145</gpxtpx:hr>
          </gpxtpx:TrackPointExtension>
        </extensions>
      </trkpt>
      <trkpt lat="48.572512000" lon="2.531065000">
        <ele>40.500</ele>
        <time>2024-05-19T10:41:16Z</time>
        <extensions>
          <gpxtpx:TrackPointExtension>
            <gpxtpx:hr>145</gpxtpx:hr>
          </gpxtpx:TrackPointExtension>
        </extensions>
      </trkpt>
      <trkpt lat="48.572513000" lon="2.531084000">
        <ele>40.500</ele>
        <time>2024-05-19T10:41:19Z</time>
        <extensions>
          <gpxtpx:TrackPointExtension>
            <gpxtpx:hr>144</gpxtpx:hr>
          </gpxtpx:TrackPointExtension>
        </extensions>
      </trkpt>
      <trkpt lat="48.572497000" lon="2.531102000">
        <ele>40.500</ele>
        <time>2024-05-19T10:41:20Z</time>
        <extensions>
          <gpxtpx:TrackPointExtension>
            <gpxtpx:hr>144</gpxtpx:hr>
          </gpxtpx:TrackPointExtension>
        </extensions>
      </trkpt>
      <trkpt lat="48.572467000" lon="2.531106000">
        <ele>40.600</ele>
        <time>2024-05-19T10:41:21Z</time>
        <extensions>
          <gpxtpx:TrackPointExtension>
            <gpxtpx:hr>144</gpxtpx:hr>
          </gpxtpx:TrackPointExtension>
        </extensions>
      </trkpt>
      <trkpt lat="48.572468000" lon="2.531096000">
        <ele>40.700</ele>
        <time>2024-05-19T10:41:22Z</time>
        <extensions>
          <gpxtpx:TrackPointExtension>
            <gpxtpx:hr>144</gpxtpx:hr>
          </gpxtpx:TrackPointExtension>
        </extensions>
      </trkpt>
      <trkpt lat="48.572442000" lon="2.531086000">
        <ele>40.800</ele>
        <time>2024-05-19T10:41:24Z</time>
        <extensions>
          <gpxtpx:TrackPointExtension>
            <gpxtpx:hr>144</gpxtpx:hr>
          </gpxtpx:TrackPointExtension>
        </extensions>
      </trkpt>
      <trkpt lat="48.572374000" lon="2.531022000">
        <ele>41.200</ele>
        <time>2024-05-19T10:41:30Z</time>
        <extensions>
          <gpxtpx:TrackPointExtension>
            <gpxtpx:hr>149</gpxtpx:hr>
          </gpxtpx:TrackPointExtension>
        </extensions>
      </trkpt>
      <trkpt lat="48.572373000" lon="2.531029000">
        <ele>41.200</ele>
        <time>2024-05-19T10:41:31Z</time>
        <extensions>
          <gpxtpx:TrackPointExtension>
            <gpxtpx:hr>149</gpxtpx:hr>
          </gpxtpx:TrackPointExtension>
        </extensions>
      </trkpt>
      <trkpt lat="48.572368000" lon="2.531023000">
        <ele>41.200</ele>
        <time>2024-05-19T10:41:32Z</time>
        <extensions>
          <gpxtpx:TrackPointExtension>
            <gpxtpx:hr>149</gpxtpx:hr>
          </gpxtpx:TrackPointExtension>
        </extensions>
      </trkpt>
      <trkpt lat="48.572388000" lon="2.531054000">
        <ele>41.000</ele>
        <time>2024-05-19T10:41:35Z</time>
        <extensions>
          <gpxtpx:TrackPointExtension>
            <gpxtpx:hr>148</gpxtpx:hr>
          </gpxtpx:TrackPointExtension>
        </extensions>
      </trkpt>
      <trkpt lat="48.572421000" lon="2.531081000">
        <ele>40.900</ele>
        <time>2024-05-19T10:41:38Z</time>
        <extensions>
          <gpxtpx:TrackPointExtension>
            <gpxtpx:hr>148</gpxtpx:hr>
          </gpxtpx:TrackPointExtension>
        </extensions>
      </trkpt>
      <trkpt lat="48.572435000" lon="2.531108000">
        <ele>40.800</ele>
        <time>2024-05-19T10:41:40Z</time>
        <extensions>
          <gpxtpx:TrackPointExtension>
            <gpxtpx:hr>147</gpxtpx:hr>
          </gpxtpx:TrackPointExtension>
        </extensions>
      </trkpt>
      <trkpt lat="48.572448000" lon="2.531112000">
        <ele>40.800</ele>
        <time>2024-05-19T10:41:41Z</time>
        <extensions>
          <gpxtpx:TrackPointExtension>
            <gpxtpx:hr>147</gpxtpx:hr>
          </gpxtpx:TrackPointExtension>
        </extensions>
      </trkpt>
      <trkpt lat="48.572487000" lon="2.531083000">
        <ele>40.700</ele>
        <time>2024-05-19T10:41:43Z</time>
        <extensions>
          <gpxtpx:TrackPointExtension>
            <gpxtpx:hr>145</gpxtpx:hr>
          </gpxtpx:TrackPointExtension>
        </extensions>
      </trkpt>
      <trkpt lat="48.572493000" lon="2.531127000">
        <ele>40.500</ele>
        <time>2024-05-19T10:41:45Z</time>
        <extensions>
          <gpxtpx:TrackPointExtension>
            <gpxtpx:hr>145</gpxtpx:hr>
          </gpxtpx:TrackPointExtension>
        </extensions>
      </trkpt>
      <trkpt lat="48.572506000" lon="2.531123000">
        <ele>40.500</ele>
        <time>2024-05-19T10:41:48Z</time>
        <extensions>
          <gpxtpx:TrackPointExtension>
            <gpxtpx:hr>145</gpxtpx:hr>
          </gpxtpx:TrackPointExtension>
        </extensions>
      </trkpt>
      <trkpt lat="48.572506000" lon="2.531109000">
        <ele>40.500</ele>
        <time>2024-05-19T10:41:50Z</time>
        <extensions>
          <gpxtpx:TrackPointExtension>
            <gpxtpx:hr>145</gpxtpx:hr>
          </gpxtpx:TrackPointExtension>
        </extensions>
      </trkpt>
      <trkpt lat="48.572497000" lon="2.531115000">
        <ele>40.500</ele>
        <time>2024-05-19T10:41:51Z</time>
        <extensions>
          <gpxtpx:TrackPointExtension>
            <gpxtpx:hr>144</gpxtpx:hr>
          </gpxtpx:TrackPointExtension>
        </extensions>
      </trkpt>
      <trkpt lat="48.572486000" lon="2.531097000">
        <ele>40.700</ele>
        <time>2024-05-19T10:41:52Z</time>
        <extensions>
          <gpxtpx:TrackPointExtension>
            <gpxtpx:hr>144</gpxtpx:hr>
          </gpxtpx:TrackPointExtension>
        </extensions>
      </trkpt>
      <trkpt lat="48.572507000" lon="2.531148000">
        <ele>40.500</ele>
        <time>2024-05-19T10:41:54Z</time>
        <extensions>
          <gpxtpx:TrackPointExtension>
            <gpxtpx:hr>143</gpxtpx:hr>
          </gpxtpx:TrackPointExtension>
        </extensions>
      </trkpt>
      <trkpt lat="48.572522000" lon="2.531122000">
        <ele>40.400</ele>
        <time>2024-05-19T10:41:55Z</time>
        <extensions>
          <gpxtpx:TrackPointExtension>
            <gpxtpx:hr>143</gpxtpx:hr>
          </gpxtpx:TrackPointExtension>
        </extensions>
      </trkpt>
      <trkpt lat="48.572526000" lon="2.531174000">
        <ele>40.400</ele>
        <time>2024-05-19T10:41:58Z</time>
        <extensions>
          <gpxtpx:TrackPointExtension>
            <gpxtpx:hr>143</gpxtpx:hr>
          </gpxtpx:TrackPointExtension>
        </extensions>
      </trkpt>
      <trkpt lat="48.572514000" lon="2.531128000">
        <ele>40.500</ele>
        <time>2024-05-19T10:42:00Z</time>
        <extensions>
          <gpxtpx:TrackPointExtension>
            <gpxtpx:hr>142</gpxtpx:hr>
          </gpxtpx:TrackPointExtension>
        </extensions>
      </trkpt>
      <trkpt lat="48.572507000" lon="2.531136000">
        <ele>40.500</ele>
        <time>2024-05-19T10:42:01Z</time>
        <extensions>
          <gpxtpx:TrackPointExtension>
            <gpxtpx:hr>142</gpxtpx:hr>
          </gpxtpx:TrackPointExtension>
        </extensions>
      </trkpt>
      <trkpt lat="48.572517000" lon="2.531130000">
        <ele>40.500</ele>
        <time>2024-05-19T10:42:03Z</time>
        <extensions>
          <gpxtpx:TrackPointExtension>
            <gpxtpx:hr>143</gpxtpx:hr>
          </gpxtpx:TrackPointExtension>
        </extensions>
      </trkpt>
      <trkpt lat="48.572498000" lon="2.531134000">
        <ele>40.500</ele>
        <time>2024-05-19T10:42:05Z</time>
        <extensions>
          <gpxtpx:TrackPointExtension>
            <gpxtpx:hr>143</gpxtpx:hr>
          </gpxtpx:TrackPointExtension>
        </extensions>
      </trkpt>
      <trkpt lat="48.572478000" lon="2.531112000">
        <ele>40.600</ele>
        <time>2024-05-19T10:42:06Z</time>
        <extensions>
          <gpxtpx:TrackPointExtension>
            <gpxtpx:hr>143</gpxtpx:hr>
          </gpxtpx:TrackPointExtension>
        </extensions>
      </trkpt>
      <trkpt lat="48.572472000" lon="2.531116000">
        <ele>40.600</ele>
        <time>2024-05-19T10:42:07Z</time>
        <extensions>
          <gpxtpx:TrackPointExtension>
            <gpxtpx:hr>143</gpxtpx:hr>
          </gpxtpx:TrackPointExtension>
        </extensions>
      </trkpt>
      <trkpt lat="48.572478000" lon="2.531063000">
        <ele>40.700</ele>
        <time>2024-05-19T10:42:22Z</time>
        <extensions>
          <gpxtpx:TrackPointExtension>
            <gpxtpx:hr>146</gpxtpx:hr>
          </gpxtpx:TrackPointExtension>
        </extensions>
      </trkpt>
      <trkpt lat="48.572472000" lon="2.531084000">
        <ele>40.700</ele>
        <time>2024-05-19T10:42:24Z</time>
        <extensions>
          <gpxtpx:TrackPointExtension>
            <gpxtpx:hr>148</gpxtpx:hr>
          </gpxtpx:TrackPointExtension>
        </extensions>
      </trkpt>
      <trkpt lat="48.572484000" lon="2.531075000">
        <ele>40.700</ele>
        <time>2024-05-19T10:42:25Z</time>
        <extensions>
          <gpxtpx:TrackPointExtension>
            <gpxtpx:hr>148</gpxtpx:hr>
          </gpxtpx:TrackPointExtension>
        </extensions>
      </trkpt>
      <trkpt lat="48.572422000" lon="2.531074000">
        <ele>40.900</ele>
        <time>2024-05-19T10:42:27Z</time>
        <extensions>
          <gpxtpx:TrackPointExtension>
            <gpxtpx:hr>148</gpxtpx:hr>
          </gpxtpx:TrackPointExtension>
        </extensions>
      </trkpt>
      <trkpt lat="48.572373000" lon="2.531104000">
        <ele>41.200</ele>
        <time>2024-05-19T10:42:29Z</time>
        <extensions>
          <gpxtpx:TrackPointExtension>
            <gpxtpx:hr>149</gpxtpx:hr>
          </gpxtpx:TrackPointExtension>
        </extensions>
      </trkpt>
      <trkpt lat="48.572440000" lon="2.531013000">
        <ele>40.800</ele>
        <time>2024-05-19T10:42:30Z</time>
        <extensions>
          <gpxtpx:TrackPointExtension>
            <gpxtpx:hr>149</gpxtpx:hr>
          </gpxtpx:TrackPointExtension>
        </extensions>
      </trkpt>
      <trkpt lat="48.572406000" lon="2.530975000">
        <ele>41.000</ele>
        <time>2024-05-19T10:42:32Z</time>
        <extensions>
          <gpxtpx:TrackPointExtension>
            <gpxtpx:hr>149</gpxtpx:hr>
          </gpxtpx:TrackPointExtension>
        </extensions>
      </trkpt>
      <trkpt lat="48.572394000" lon="2.530974000">
        <ele>41.100</ele>
        <time>2024-05-19T10:42:33Z</time>
        <extensions>
          <gpxtpx:TrackPointExtension>
            <gpxtpx:hr>149</gpxtpx:hr>
          </gpxtpx:TrackPointExtension>
        </extensions>
      </trkpt>
      <trkpt lat="48.572399000" lon="2.530965000">
        <ele>41.100</ele>
        <time>2024-05-19T10:42:34Z</time>
        <extensions>
          <gpxtpx:TrackPointExtension>
            <gpxtpx:hr>149</gpxtpx:hr>
          </gpxtpx:TrackPointExtension>
        </extensions>
      </trkpt>
      <trkpt lat="48.572390000" lon="2.530983000">
        <ele>41.100</ele>
        <time>2024-05-19T10:42:35Z</time>
        <extensions>
          <gpxtpx:TrackPointExtension>
            <gpxtpx:hr>151</gpxtpx:hr>
          </gpxtpx:TrackPointExtension>
        </extensions>
      </trkpt>
      <trkpt lat="48.572396000" lon="2.531026000">
        <ele>41.100</ele>
        <time>2024-05-19T10:42:36Z</time>
        <extensions>
          <gpxtpx:TrackPointExtension>
            <gpxtpx:hr>151</gpxtpx:hr>
          </gpxtpx:TrackPointExtension>
        </extensions>
      </trkpt>
      <trkpt lat="48.572411000" lon="2.531060000">
        <ele>40.900</ele>
        <time>2024-05-19T10:42:37Z</time>
        <extensions>
          <gpxtpx:TrackPointExtension>
            <gpxtpx:hr>151</gpxtpx:hr>
          </gpxtpx:TrackPointExtension>
        </extensions>
      </trkpt>
      <trkpt lat="48.572427000" lon="2.531066000">
        <ele>40.900</ele>
        <time>2024-05-19T10:42:38Z</time>
        <extensions>
          <gpxtpx:TrackPointExtension>
            <gpxtpx:hr>150</gpxtpx:hr>
          </gpxtpx:TrackPointExtension>
        </extensions>
      </trkpt>
      <trkpt lat="48.572401000" lon="2.531082000">
        <ele>41.000</ele>
        <time>2024-05-19T10:42:40Z</time>
        <extensions>
          <gpxtpx:TrackPointExtension>
            <gpxtpx:hr>150</gpxtpx:hr>
          </gpxtpx:TrackPointExtension>
        </extensions>
      </trkpt>
      <trkpt lat="48.572407000" lon="2.531083000">
        <ele>40.900</ele>
        <time>2024-05-19T10:42:41Z</time>
        <extensions>
          <gpxtpx:TrackPointExtension>
            <gpxtpx:hr>150</gpxtpx:hr>
          </gpxtpx:TrackPointExtension>
        </extensions>
      </trkpt>
      <trkpt lat="48.572382000" lon="2.531080000">
        <ele>41.000</ele>
        <time>2024-05-19T10:42:51Z</time>
        <extensions>
          <gpxtpx:TrackPointExtension>
            <gpxtpx:hr>150</gpxtpx:hr>
          </gpxtpx:TrackPointExtension>
        </extensions>
      </trkpt>
      <trkpt lat="48.572329000" lon="2.531178000">
        <ele>41.300</ele>
        <time>2024-05-19T10:42:53Z</time>
        <extensions>
          <gpxtpx:TrackPointExtension>
            <gpxtpx:hr>150</gpxtpx:hr>
          </gpxtpx:TrackPointExtension>
        </extensions>
      </trkpt>
      <trkpt lat="48.572279000" lon="2.531298000">
        <ele>41.700</ele>
        <time>2024-05-19T10:42:54Z</time>
        <extensions>
          <gpxtpx:TrackPointExtension>
            <gpxtpx:hr>150</gpxtpx:hr>
          </gpxtpx:TrackPointExtension>
        </extensions>
      </trkpt>
      <trkpt lat="48.572403000" lon="2.531077000">
        <ele>41.000</ele>
        <time>2024-05-19T10:42:55Z</time>
        <extensions>
          <gpxtpx:TrackPointExtension>
            <gpxtpx:hr>150</gpxtpx:hr>
          </gpxtpx:TrackPointExtension>
        </extensions>
      </trkpt>
      <trkpt lat="48.572396000" lon="2.531053000">
        <ele>41.100</ele>
        <time>2024-05-19T10:42:57Z</time>
        <extensions>
          <gpxtpx:TrackPointExtension>
            <gpxtpx:hr>147</gpxtpx:hr>
          </gpxtpx:TrackPointExtension>
        </extensions>
      </trkpt>
      <trkpt lat="48.572415000" lon="2.531069000">
        <ele>40.900</ele>
        <time>2024-05-19T10:43:00Z</time>
        <extensions>
          <gpxtpx:TrackPointExtension>
            <gpxtpx:hr>147</gpxtpx:hr>
          </gpxtpx:TrackPointExtension>
        </extensions>
      </trkpt>
      <trkpt lat="48.572395000" lon="2.531092000">
        <ele>41.000</ele>
        <time>2024-05-19T10:43:03Z</time>
        <extensions>
          <gpxtpx:TrackPointExtension>
            <gpxtpx:hr>151</gpxtpx:hr>
          </gpxtpx:TrackPointExtension>
        </extensions>
      </trkpt>
      <trkpt lat="48.572394000" lon="2.531083000">
        <ele>41.000</ele>
        <time>2024-05-19T10:43:07Z</time>
        <extensions>
          <gpxtpx:TrackPointExtension>
            <gpxtpx:hr>151</gpxtpx:hr>
          </gpxtpx:TrackPointExtension>
        </extensions>
      </trkpt>
      <trkpt lat="48.572421000" lon="2.531093000">
        <ele>40.900</ele>
        <time>2024-05-19T10:43:09Z</time>
        <extensions>
          <gpxtpx:TrackPointExtension>
            <gpxtpx:hr>151</gpxtpx:hr>
          </gpxtpx:TrackPointExtension>
        </extensions>
      </trkpt>
      <trkpt lat="48.572417000" lon="2.531127000">
        <ele>40.900</ele>
        <time>2024-05-19T10:43:10Z</time>
        <extensions>
          <gpxtpx:TrackPointExtension>
            <gpxtpx:hr>151</gpxtpx:hr>
          </gpxtpx:TrackPointExtension>
        </extensions>
      </trkpt>
      <trkpt lat="48.572408000" lon="2.531079000">
        <ele>40.900</ele>
        <time>2024-05-19T10:43:12Z</time>
        <extensions>
          <gpxtpx:TrackPointExtension>
            <gpxtpx:hr>149</gpxtpx:hr>
          </gpxtpx:TrackPointExtension>
        </extensions>
      </trkpt>
      <trkpt lat="48.572384000" lon="2.531049000">
        <ele>41.100</ele>
        <time>2024-05-19T10:43:14Z</time>
        <extensions>
          <gpxtpx:TrackPointExtension>
            <gpxtpx:hr>149</gpxtpx:hr>
          </gpxtpx:TrackPointExtension>
        </extensions>
      </trkpt>
      <trkpt lat="48.572364000" lon="2.531066000">
        <ele>41.200</ele>
        <time>2024-05-19T10:43:17Z</time>
        <extensions>
          <gpxtpx:TrackPointExtension>
            <gpxtpx:hr>148</gpxtpx:hr>
          </gpxtpx:TrackPointExtension>
        </extensions>
      </trkpt>
      <trkpt lat="48.572377000" lon="2.531056000">
        <ele>41.100</ele>
        <time>2024-05-19T10:43:20Z</time>
        <extensions>
          <gpxtpx:TrackPointExtension>
            <gpxtpx:hr>149</gpxtpx:hr>
          </gpxtpx:TrackPointExtension>
        </extensions>
      </trkpt>
      <trkpt lat="48.572375000" lon="2.531036000">
        <ele>41.200</ele>
        <time>2024-05-19T10:43:21Z</time>
        <extensions>
          <gpxtpx:TrackPointExtension>
            <gpxtpx:hr>149</gpxtpx:hr>
          </gpxtpx:TrackPointExtension>
        </extensions>
      </trkpt>
      <trkpt lat="48.572390000" lon="2.531005000">
        <ele>41.100</ele>
        <time>2024-05-19T10:43:23Z</time>
        <extensions>
          <gpxtpx:TrackPointExtension>
            <gpxtpx:hr>149</gpxtpx:hr>
          </gpxtpx:TrackPointExtension>
        </extensions>
      </trkpt>
      <trkpt lat="48.572409000" lon="2.531005000">
        <ele>41.000</ele>
        <time>2024-05-19T10:43:26Z</time>
        <extensions>
          <gpxtpx:TrackPointExtension>
            <gpxtpx:hr>149</gpxtpx:hr>
          </gpxtpx:TrackPointExtension>
        </extensions>
      </trkpt>
      <trkpt lat="48.572404000" lon="2.531002000">
        <ele>41.100</ele>
        <time>2024-05-19T10:43:27Z</time>
        <extensions>
          <gpxtpx:TrackPointExtension>
            <gpxtpx:hr>149</gpxtpx:hr>
          </gpxtpx:TrackPointExtension>
        </extensions>
      </trkpt>
      <trkpt lat="48.572417000" lon="2.531020000">
        <ele>40.900</ele>
        <time>2024-05-19T10:43:30Z</time>
        <extensions>
          <gpxtpx:TrackPointExtension>
            <gpxtpx:hr>151</gpxtpx:hr>
          </gpxtpx:TrackPointExtension>
        </extensions>
      </trkpt>
      <trkpt lat="48.572451000" lon="2.531006000">
        <ele>40.800</ele>
        <time>2024-05-19T10:43:31Z</time>
        <extensions>
          <gpxtpx:TrackPointExtension>
            <gpxtpx:hr>151</gpxtpx:hr>
          </gpxtpx:TrackPointExtension>
        </extensions>
      </trkpt>
      <trkpt lat="48.572344000" lon="2.530990000">
        <ele>41.400</ele>
        <time>2024-05-19T10:43:33Z</time>
        <extensions>
          <gpxtpx:TrackPointExtension>
            <gpxtpx:hr>151</gpxtpx:hr>
          </gpxtpx:TrackPointExtension>
        </extensions>
      </trkpt>
      <trkpt lat="48.572268000" lon="2.531007000">
        <ele>41.700</ele>
        <time>2024-05-19T10:43:34Z</time>
        <extensions>
          <gpxtpx:TrackPointExtension>
            <gpxtpx:hr>151</gpxtpx:hr>
          </gpxtpx:TrackPointExtension>
        </extensions>
      </trkpt>
      <trkpt lat="48.572403000" lon="2.530969000">
        <ele>41.100</ele>
        <time>2024-05-19T10:43:35Z</time>
        <extensions>
          <gpxtpx:TrackPointExtension>
            <gpxtpx:hr>151</gpxtpx:hr>
          </gpxtpx:TrackPointExtension>
        </extensions>
      </trkpt>
      <trkpt lat="48.572399000" lon="2.531063000">
        <ele>41.000</ele>
        <time>2024-05-19T10:43:41Z</time>
        <extensions>
          <gpxtpx:TrackPointExtension>
            <gpxtpx:hr>151</gpxtpx:hr>
          </gpxtpx:TrackPointExtension>
        </extensions>
      </trkpt>
      <trkpt lat="48.572403000" lon="2.530990000">
        <ele>41.100</ele>
        <time>2024-05-19T10:43:43Z</time>
        <extensions>
          <gpxtpx:TrackPointExtension>
            <gpxtpx:hr>151</gpxtpx:hr>
          </gpxtpx:TrackPointExtension>
        </extensions>
      </trkpt>
      <trkpt lat="48.572390000" lon="2.530980000">
        <ele>41.100</ele>
        <time>2024-05-19T10:43:44Z</time>
        <extensions>
          <gpxtpx:TrackPointExtension>
            <gpxtpx:hr>151</gpxtpx:hr>
          </gpxtpx:TrackPointExtension>
        </extensions>
      </trkpt>
      <trkpt lat="48.572378000" lon="2.530985000">
        <ele>41.100</ele>
        <time>2024-05-19T10:43:45Z</time>
        <extensions>
          <gpxtpx:TrackPointExtension>
            <gpxtpx:hr>151</gpxtpx:hr>
          </gpxtpx:TrackPointExtension>
        </extensions>
      </trkpt>
      <trkpt lat="48.572407000" lon="2.531007000">
        <ele>41.000</ele>
        <time>2024-05-19T10:43:47Z</time>
        <extensions>
          <gpxtpx:TrackPointExtension>
            <gpxtpx:hr>151</gpxtpx:hr>
          </gpxtpx:TrackPointExtension>
        </extensions>
      </trkpt>
      <trkpt lat="48.572394000" lon="2.531001000">
        <ele>41.100</ele>
        <time>2024-05-19T10:43:48Z</time>
        <extensions>
          <gpxtpx:TrackPointExtension>
            <gpxtpx:hr>151</gpxtpx:hr>
          </gpxtpx:TrackPointExtension>
        </extensions>
      </trkpt>
      <trkpt lat="48.572400000" lon="2.530980000">
        <ele>41.100</ele>
        <time>2024-05-19T10:43:49Z</time>
        <extensions>
          <gpxtpx:TrackPointExtension>
            <gpxtpx:hr>151</gpxtpx:hr>
          </gpxtpx:TrackPointExtension>
        </extensions>
      </trkpt>
      <trkpt lat="48.572376000" lon="2.531059000">
        <ele>41.200</ele>
        <time>2024-05-19T10:43:55Z</time>
        <extensions>
          <gpxtpx:TrackPointExtension>
            <gpxtpx:hr>155</gpxtpx:hr>
          </gpxtpx:TrackPointExtension>
        </extensions>
      </trkpt>
      <trkpt lat="48.572382000" lon="2.531037000">
        <ele>41.100</ele>
        <time>2024-05-19T10:43:56Z</time>
        <extensions>
          <gpxtpx:TrackPointExtension>
            <gpxtpx:hr>155</gpxtpx:hr>
          </gpxtpx:TrackPointExtension>
        </extensions>
      </trkpt>
      <trkpt lat="48.572405000" lon="2.531035000">
        <ele>40.900</ele>
        <time>2024-05-19T10:43:57Z</time>
        <extensions>
          <gpxtpx:TrackPointExtension>
            <gpxtpx:hr>155</gpxtpx:hr>
          </gpxtpx:TrackPointExtension>
        </extensions>
      </trkpt>
      <trkpt lat="48.572394000" lon="2.531051000">
        <ele>41.100</ele>
        <time>2024-05-19T10:43:59Z</time>
        <extensions>
          <gpxtpx:TrackPointExtension>
            <gpxtpx:hr>155</gpxtpx:hr>
          </gpxtpx:TrackPointExtension>
        </extensions>
      </trkpt>
      <trkpt lat="48.572396000" lon="2.531037000">
        <ele>41.100</ele>
        <time>2024-05-19T10:44:00Z</time>
        <extensions>
          <gpxtpx:TrackPointExtension>
            <gpxtpx:hr>155</gpxtpx:hr>
          </gpxtpx:TrackPointExtension>
        </extensions>
      </trkpt>
      <trkpt lat="48.572387000" lon="2.531052000">
        <ele>41.100</ele>
        <time>2024-05-19T10:44:01Z</time>
        <extensions>
          <gpxtpx:TrackPointExtension>
            <gpxtpx:hr>155</gpxtpx:hr>
          </gpxtpx:TrackPointExtension>
        </extensions>
      </trkpt>
      <trkpt lat="48.572414000" lon="2.530994000">
        <ele>41.000</ele>
        <time>2024-05-19T10:44:03Z</time>
        <extensions>
          <gpxtpx:TrackPointExtension>
            <gpxtpx:hr>155</gpxtpx:hr>
          </gpxtpx:TrackPointExtension>
        </extensions>
      </trkpt>
      <trkpt lat="48.572408000" lon="2.531021000">
        <ele>40.900</ele>
        <time>2024-05-19T10:44:06Z</time>
        <extensions>
          <gpxtpx:TrackPointExtension>
            <gpxtpx:hr>155</gpxtpx:hr>
          </gpxtpx:TrackPointExtension>
        </extensions>
      </trkpt>
      <trkpt lat="48.572409000" lon="2.530995000">
        <ele>41.000</ele>
        <time>2024-05-19T10:44:11Z</time>
        <extensions>
          <gpxtpx:TrackPointExtension>
            <gpxtpx:hr>154</gpxtpx:hr>
          </gpxtpx:TrackPointExtension>
        </extensions>
      </trkpt>
      <trkpt lat="48.572406000" lon="2.531013000">
        <ele>41.000</ele>
        <time>2024-05-19T10:44:12Z</time>
        <extensions>
          <gpxtpx:TrackPointExtension>
            <gpxtpx:hr>154</gpxtpx:hr>
          </gpxtpx:TrackPointExtension>
        </extensions>
      </trkpt>
      <trkpt lat="48.572421000" lon="2.530982000">
        <ele>41.000</ele>
        <time>2024-05-19T10:44:13Z</time>
        <extensions>
          <gpxtpx:TrackPointExtension>
            <gpxtpx:hr>154</gpxtpx:hr>
          </gpxtpx:TrackPointExtension>
        </extensions>
      </trkpt>
      <trkpt lat="48.572391000" lon="2.530984000">
        <ele>41.100</ele>
        <time>2024-05-19T10:44:16Z</time>
        <extensions>
          <gpxtpx:TrackPointExtension>
            <gpxtpx:hr>153</gpxtpx:hr>
          </gpxtpx:TrackPointExtension>
        </extensions>
      </trkpt>
      <trkpt lat="48.572386000" lon="2.531004000">
        <ele>41.100</ele>
        <time>2024-05-19T10:44:18Z</time>
        <extensions>
          <gpxtpx:TrackPointExtension>
            <gpxtpx:hr>153</gpxtpx:hr>
          </gpxtpx:TrackPointExtension>
        </extensions>
      </trkpt>
      <trkpt lat="48.572402000" lon="2.531020000">
        <ele>41.100</ele>
        <time>2024-05-19T10:44:20Z</time>
        <extensions>
          <gpxtpx:TrackPointExtension>
            <gpxtpx:hr>153</gpxtpx:hr>
          </gpxtpx:TrackPointExtension>
        </extensions>
      </trkpt>
      <trkpt lat="48.572424000" lon="2.530994000">
        <ele>41.000</ele>
        <time>2024-05-19T10:44:21Z</time>
        <extensions>
          <gpxtpx:TrackPointExtension>
            <gpxtpx:hr>153</gpxtpx:hr>
          </gpxtpx:TrackPointExtension>
        </extensions>
      </trkpt>
      <trkpt lat="48.572385000" lon="2.530987000">
        <ele>41.100</ele>
        <time>2024-05-19T10:44:23Z</time>
        <extensions>
          <gpxtpx:TrackPointExtension>
            <gpxtpx:hr>153</gpxtpx:hr>
          </gpxtpx:TrackPointExtension>
        </extensions>
      </trkpt>
      <trkpt lat="48.572400000" lon="2.531021000">
        <ele>41.100</ele>
        <time>2024-05-19T10:44:25Z</time>
        <extensions>
          <gpxtpx:TrackPointExtension>
            <gpxtpx:hr>153</gpxtpx:hr>
          </gpxtpx:TrackPointExtension>
        </extensions>
      </trkpt>
      <trkpt lat="48.572414000" lon="2.530983000">
        <ele>41.000</ele>
        <time>2024-05-19T10:44:28Z</time>
        <extensions>
          <gpxtpx:TrackPointExtension>
            <gpxtpx:hr>153</gpxtpx:hr>
          </gpxtpx:TrackPointExtension>
        </extensions>
      </trkpt>
      <trkpt lat="48.572406000" lon="2.530991000">
        <ele>41.000</ele>
        <time>2024-05-19T10:44:29Z</time>
        <extensions>
          <gpxtpx:TrackPointExtension>
            <gpxtpx:hr>153</gpxtpx:hr>
          </gpxtpx:TrackPointExtension>
        </extensions>
      </trkpt>
      <trkpt lat="48.572401000" lon="2.531031000">
        <ele>41.100</ele>
        <time>2024-05-19T10:44:31Z</time>
        <extensions>
          <gpxtpx:TrackPointExtension>
            <gpxtpx:hr>153</gpxtpx:hr>
          </gpxtpx:TrackPointExtension>
        </extensions>
      </trkpt>
      <trkpt lat="48.572395000" lon="2.531002000">
        <ele>41.100</ele>
        <time>2024-05-19T10:44:32Z</time>
        <extensions>
          <gpxtpx:TrackPointExtension>
            <gpxtpx:hr>153</gpxtpx:hr>
          </gpxtpx:TrackPointExtension>
        </extensions>
      </trkpt>
      <trkpt lat="48.572403000" lon="2.530980000">
        <ele>41.100</ele>
        <time>2024-05-19T10:44:33Z</time>
        <extensions>
          <gpxtpx:TrackPointExtension>
            <gpxtpx:hr>153</gpxtpx:hr>
          </gpxtpx:TrackPointExtension>
        </extensions>
      </trkpt>
      <trkpt lat="48.572394000" lon="2.530996000">
        <ele>41.100</ele>
        <time>2024-05-19T10:44:34Z</time>
        <extensions>
          <gpxtpx:TrackPointExtension>
            <gpxtpx:hr>153</gpxtpx:hr>
          </gpxtpx:TrackPointExtension>
        </extensions>
      </trkpt>
      <trkpt lat="48.572398000" lon="2.530957000">
        <ele>41.100</ele>
        <time>2024-05-19T10:44:36Z</time>
        <extensions>
          <gpxtpx:TrackPointExtension>
            <gpxtpx:hr>153</gpxtpx:hr>
          </gpxtpx:TrackPointExtension>
        </extensions>
      </trkpt>
      <trkpt lat="48.572378000" lon="2.530916000">
        <ele>41.100</ele>
        <time>2024-05-19T10:44:41Z</time>
        <extensions>
          <gpxtpx:TrackPointExtension>
            <gpxtpx:hr>155</gpxtpx:hr>
          </gpxtpx:TrackPointExtension>
        </extensions>
      </trkpt>
      <trkpt lat="48.572387000" lon="2.530968000">
        <ele>41.100</ele>
        <time>2024-05-19T10:44:45Z</time>
        <extensions>
          <gpxtpx:TrackPointExtension>
            <gpxtpx:hr>154</gpxtpx:hr>
          </gpxtpx:TrackPointExtension>
        </extensions>
      </trkpt>
      <trkpt lat="48.572378000" lon="2.530978000">
        <ele>41.100</ele>
        <time>2024-05-19T10:44:46Z</time>
        <extensions>
          <gpxtpx:TrackPointExtension>
            <gpxtpx:hr>154</gpxtpx:hr>
          </gpxtpx:TrackPointExtension>
        </extensions>
      </trkpt>
      <trkpt lat="48.572382000" lon="2.530998000">
        <ele>41.100</ele>
        <time>2024-05-19T10:44:47Z</time>
        <extensions>
          <gpxtpx:TrackPointExtension>
            <gpxtpx:hr>152</gpxtpx:hr>
          </gpxtpx:TrackPointExtension>
        </extensions>
      </trkpt>
      <trkpt lat="48.572383000" lon="2.530972000">
        <ele>41.100</ele>
        <time>2024-05-19T10:44:48Z</time>
        <extensions>
          <gpxtpx:TrackPointExtension>
            <gpxtpx:hr>152</gpxtpx:hr>
          </gpxtpx:TrackPointExtension>
        </extensions>
      </trkpt>
      <trkpt lat="48.572375000" lon="2.530973000">
        <ele>41.200</ele>
        <time>2024-05-19T10:44:49Z</time>
        <extensions>
          <gpxtpx:TrackPointExtension>
            <gpxtpx:hr>152</gpxtpx:hr>
          </gpxtpx:TrackPointExtension>
        </extensions>
      </trkpt>
      <trkpt lat="48.572375000" lon="2.530993000">
        <ele>41.200</ele>
        <time>2024-05-19T10:44:54Z</time>
        <extensions>
          <gpxtpx:TrackPointExtension>
            <gpxtpx:hr>152</gpxtpx:hr>
          </gpxtpx:TrackPointExtension>
        </extensions>
      </trkpt>
      <trkpt lat="48.572397000" lon="2.531009000">
        <ele>41.100</ele>
        <time>2024-05-19T10:45:03Z</time>
        <extensions>
          <gpxtpx:TrackPointExtension>
            <gpxtpx:hr>150</gpxtpx:hr>
          </gpxtpx:TrackPointExtension>
        </extensions>
      </trkpt>
      <trkpt lat="48.572401000" lon="2.531001000">
        <ele>41.100</ele>
        <time>2024-05-19T10:45:04Z</time>
        <extensions>
          <gpxtpx:TrackPointExtension>
            <gpxtpx:hr>150</gpxtpx:hr>
          </gpxtpx:TrackPointExtension>
        </extensions>
      </trkpt>
      <trkpt lat="48.572390000" lon="2.531002000">
        <ele>41.100</ele>
        <time>2024-05-19T10:45:05Z</time>
        <extensions>
          <gpxtpx:TrackPointExtension>
            <gpxtpx:hr>150</gpxtpx:hr>
          </gpxtpx:TrackPointExtension>
        </extensions>
      </trkpt>
      <trkpt lat="48.572399000" lon="2.531023000">
        <ele>41.100</ele>
        <time>2024-05-19T10:45:06Z</time>
        <extensions>
          <gpxtpx:TrackPointExtension>
            <gpxtpx:hr>149</gpxtpx:hr>
          </gpxtpx:TrackPointExtension>
        </extensions>
      </trkpt>
      <trkpt lat="48.572388000" lon="2.531018000">
        <ele>41.100</ele>
        <time>2024-05-19T10:45:07Z</time>
        <extensions>
          <gpxtpx:TrackPointExtension>
            <gpxtpx:hr>149</gpxtpx:hr>
          </gpxtpx:TrackPointExtension>
        </extensions>
      </trkpt>
      <trkpt lat="48.572388000" lon="2.531002000">
        <ele>41.100</ele>
        <time>2024-05-19T10:45:10Z</time>
        <extensions>
          <gpxtpx:TrackPointExtension>
            <gpxtpx:hr>149</gpxtpx:hr>
          </gpxtpx:TrackPointExtension>
        </extensions>
      </trkpt>
      <trkpt lat="48.572383000" lon="2.531004000">
        <ele>41.100</ele>
        <time>2024-05-19T10:45:11Z</time>
        <extensions>
          <gpxtpx:TrackPointExtension>
            <gpxtpx:hr>149</gpxtpx:hr>
          </gpxtpx:TrackPointExtension>
        </extensions>
      </trkpt>
      <trkpt lat="48.572405000" lon="2.531080000">
        <ele>40.900</ele>
        <time>2024-05-19T10:45:19Z</time>
        <extensions>
          <gpxtpx:TrackPointExtension>
            <gpxtpx:hr>148</gpxtpx:hr>
          </gpxtpx:TrackPointExtension>
        </extensions>
      </trkpt>
      <trkpt lat="48.572424000" lon="2.531091000">
        <ele>40.900</ele>
        <time>2024-05-19T10:45:21Z</time>
        <extensions>
          <gpxtpx:TrackPointExtension>
            <gpxtpx:hr>144</gpxtpx:hr>
          </gpxtpx:TrackPointExtension>
        </extensions>
      </trkpt>
      <trkpt lat="48.572444000" lon="2.531081000">
        <ele>40.800</ele>
        <time>2024-05-19T10:45:23Z</time>
        <extensions>
          <gpxtpx:TrackPointExtension>
            <gpxtpx:hr>144</gpxtpx:hr>
          </gpxtpx:TrackPointExtension>
        </extensions>
      </trkpt>
      <trkpt lat="48.572494000" lon="2.531110000">
        <ele>40.500</ele>
        <time>2024-05-19T10:45:28Z</time>
        <extensions>
          <gpxtpx:TrackPointExtension>
            <gpxtpx:hr>142</gpxtpx:hr>
          </gpxtpx:TrackPointExtension>
        </extensions>
      </trkpt>
      <trkpt lat="48.572490000" lon="2.531099000">
        <ele>40.600</ele>
        <time>2024-05-19T10:45:31Z</time>
        <extensions>
          <gpxtpx:TrackPointExtension>
            <gpxtpx:hr>142</gpxtpx:hr>
          </gpxtpx:TrackPointExtension>
        </extensions>
      </trkpt>
      <trkpt lat="48.572448000" lon="2.531166000">
        <ele>40.800</ele>
        <time>2024-05-19T10:45:45Z</time>
        <extensions>
          <gpxtpx:TrackPointExtension>
            <gpxtpx:hr>137</gpxtpx:hr>
          </gpxtpx:TrackPointExtension>
        </extensions>
      </trkpt>
      <trkpt lat="48.572446000" lon="2.531182000">
        <ele>40.800</ele>
        <time>2024-05-19T10:45:46Z</time>
        <extensions>
          <gpxtpx:TrackPointExtension>
            <gpxtpx:hr>141</gpxtpx:hr>
          </gpxtpx:TrackPointExtension>
        </extensions>
      </trkpt>
      <trkpt lat="48.572453000" lon="2.531152000">
        <ele>40.800</ele>
        <time>2024-05-19T10:45:48Z</time>
        <extensions>
          <gpxtpx:TrackPointExtension>
            <gpxtpx:hr>141</gpxtpx:hr>
          </gpxtpx:TrackPointExtension>
        </extensions>
      </trkpt>
      <trkpt lat="48.572443000" lon="2.531140000">
        <ele>40.800</ele>
        <time>2024-05-19T10:45:50Z</time>
        <extensions>
          <gpxtpx:TrackPointExtension>
            <gpxtpx:hr>141</gpxtpx:hr>
          </gpxtpx:TrackPointExtension>
        </extensions>
      </trkpt>
      <trkpt lat="48.572474000" lon="2.531197000">
        <ele>40.700</ele>
        <time>2024-05-19T10:45:54Z</time>
        <extensions>
          <gpxtpx:TrackPointExtension>
            <gpxtpx:hr>141</gpxtpx:hr>
          </gpxtpx:TrackPointExtension>
        </extensions>
      </trkpt>
      <trkpt lat="48.572479000" lon="2.531179000">
        <ele>40.700</ele>
        <time>2024-05-19T10:45:56Z</time>
        <extensions>
          <gpxtpx:TrackPointExtension>
            <gpxtpx:hr>135</gpxtpx:hr>
          </gpxtpx:TrackPointExtension>
        </extensions>
      </trkpt>
      <trkpt lat="48.572466000" lon="2.531183000">
        <ele>40.700</ele>
        <time>2024-05-19T10:45:58Z</time>
        <extensions>
          <gpxtpx:TrackPointExtension>
            <gpxtpx:hr>135</gpxtpx:hr>
          </gpxtpx:TrackPointExtension>
        </extensions>
      </trkpt>
      <trkpt lat="48.572467000" lon="2.531162000">
        <ele>40.700</ele>
        <time>2024-05-19T10:46:00Z</time>
        <extensions>
          <gpxtpx:TrackPointExtension>
            <gpxtpx:hr>135</gpxtpx:hr>
          </gpxtpx:TrackPointExtension>
        </extensions>
      </trkpt>
      <trkpt lat="48.572447000" lon="2.531154000">
        <ele>40.800</ele>
        <time>2024-05-19T10:46:02Z</time>
        <extensions>
          <gpxtpx:TrackPointExtension>
            <gpxtpx:hr>139</gpxtpx:hr>
          </gpxtpx:TrackPointExtension>
        </extensions>
      </trkpt>
      <trkpt lat="48.572420000" lon="2.531100000">
        <ele>40.900</ele>
        <time>2024-05-19T10:46:06Z</time>
        <extensions>
          <gpxtpx:TrackPointExtension>
            <gpxtpx:hr>139</gpxtpx:hr>
          </gpxtpx:TrackPointExtension>
        </extensions>
      </trkpt>
      <trkpt lat="48.572401000" lon="2.531098000">
        <ele>41.100</ele>
        <time>2024-05-19T10:46:08Z</time>
        <extensions>
          <gpxtpx:TrackPointExtension>
            <gpxtpx:hr>139</gpxtpx:hr>
          </gpxtpx:TrackPointExtension>
        </extensions>
      </trkpt>
      <trkpt lat="48.572419000" lon="2.531090000">
        <ele>40.900</ele>
        <time>2024-05-19T10:46:11Z</time>
        <extensions>
          <gpxtpx:TrackPointExtension>
            <gpxtpx:hr>139</gpxtpx:hr>
          </gpxtpx:TrackPointExtension>
        </extensions>
      </trkpt>
      <trkpt lat="48.572404000" lon="2.531111000">
        <ele>41.000</ele>
        <time>2024-05-19T10:46:13Z</time>
        <extensions>
          <gpxtpx:TrackPointExtension>
            <gpxtpx:hr>139</gpxtpx:hr>
          </gpxtpx:TrackPointExtension>
        </extensions>
      </trkpt>
      <trkpt lat="48.572421000" lon="2.531101000">
        <ele>40.900</ele>
        <time>2024-05-19T10:46:16Z</time>
        <extensions>
          <gpxtpx:TrackPointExtension>
            <gpxtpx:hr>139</gpxtpx:hr>
          </gpxtpx:TrackPointExtension>
        </extensions>
      </trkpt>
      <trkpt lat="48.572428000" lon="2.531084000">
        <ele>40.900</ele>
        <time>2024-05-19T10:46:18Z</time>
        <extensions>
          <gpxtpx:TrackPointExtension>
            <gpxtpx:hr>142</gpxtpx:hr>
          </gpxtpx:TrackPointExtension>
        </extensions>
      </trkpt>
      <trkpt lat="48.572421000" lon="2.531066000">
        <ele>40.900</ele>
        <time>2024-05-19T10:46:20Z</time>
        <extensions>
          <gpxtpx:TrackPointExtension>
            <gpxtpx:hr>142</gpxtpx:hr>
          </gpxtpx:TrackPointExtension>
        </extensions>
      </trkpt>
      <trkpt lat="48.572402000" lon="2.531062000">
        <ele>41.100</ele>
        <time>2024-05-19T10:46:22Z</time>
        <extensions>
          <gpxtpx:TrackPointExtension>
            <gpxtpx:hr>142</gpxtpx:hr>
          </gpxtpx:TrackPointExtension>
        </extensions>
      </trkpt>
      <trkpt lat="48.572379000" lon="2.531117000">
        <ele>41.000</ele>
        <time>2024-05-19T10:46:26Z</time>
        <extensions>
          <gpxtpx:TrackPointExtension>
            <gpxtpx:hr>147</gpxtpx:hr>
          </gpxtpx:TrackPointExtension>
        </extensions>
      </trkpt>
      <trkpt lat="48.572392000" lon="2.531082000">
        <ele>41.100</ele>
        <time>2024-05-19T10:46:28Z</time>
        <extensions>
          <gpxtpx:TrackPointExtension>
            <gpxtpx:hr>149</gpxtpx:hr>
          </gpxtpx:TrackPointExtension>
        </extensions>
      </trkpt>
      <trkpt lat="48.572430000" lon="2.531075000">
        <ele>40.900</ele>
        <time>2024-05-19T10:46:30Z</time>
        <extensions>
          <gpxtpx:TrackPointExtension>
            <gpxtpx:hr>149</gpxtpx:hr>
          </gpxtpx:TrackPointExtension>
        </extensions>
      </trkpt>
      <trkpt lat="48.572462000" lon="2.531052000">
        <ele>40.700</ele>
        <time>2024-05-19T10:46:32Z</time>
        <extensions>
          <gpxtpx:TrackPointExtension>
            <gpxtpx:hr>149</gpxtpx:hr>
          </gpxtpx:TrackPointExtension>
        </extensions>
      </trkpt>
      <trkpt lat="48.572467000" lon="2.531069000">
        <ele>40.700</ele>
        <time>2024-05-19T10:46:35Z</time>
        <extensions>
          <gpxtpx:TrackPointExtension>
            <gpxtpx:hr>149</gpxtpx:hr>
          </gpxtpx:TrackPointExtension>
        </extensions>
      </trkpt>
      <trkpt lat="48.572470000" lon="2.531061000">
        <ele>40.700</ele>
        <time>2024-05-19T10:46:37Z</time>
        <extensions>
          <gpxtpx:TrackPointExtension>
            <gpxtpx:hr>146</gpxtpx:hr>
          </gpxtpx:TrackPointExtension>
        </extensions>
      </trkpt>
      <trkpt lat="48.572451000" lon="2.530997000">
        <ele>40.900</ele>
        <time>2024-05-19T10:46:40Z</time>
        <extensions>
          <gpxtpx:TrackPointExtension>
            <gpxtpx:hr>146</gpxtpx:hr>
          </gpxtpx:TrackPointExtension>
        </extensions>
      </trkpt>
      <trkpt lat="48.572440000" lon="2.531020000">
        <ele>40.800</ele>
        <time>2024-05-19T10:46:41Z</time>
        <extensions>
          <gpxtpx:TrackPointExtension>
            <gpxtpx:hr>146</gpxtpx:hr>
          </gpxtpx:TrackPointExtension>
        </extensions>
      </trkpt>
      <trkpt lat="48.572385000" lon="2.531011000">
        <ele>41.100</ele>
        <time>2024-05-19T10:46:43Z</time>
        <extensions>
          <gpxtpx:TrackPointExtension>
            <gpxtpx:hr>145</gpxtpx:hr>
          </gpxtpx:TrackPointExtension>
        </extensions>
      </trkpt>
      <trkpt lat="48.572403000" lon="2.531058000">
        <ele>41.100</ele>
        <time>2024-05-19T10:46:46Z</time>
        <extensions>
          <gpxtpx:TrackPointExtension>
            <gpxtpx:hr>145</gpxtpx:hr>
          </gpxtpx:TrackPointExtension>
        </extensions>
      </trkpt>
      <trkpt lat="48.572396000" lon="2.531072000">
        <ele>41.100</ele>
        <time>2024-05-19T10:46:48Z</time>
        <extensions>
          <gpxtpx:TrackPointExtension>
            <gpxtpx:hr>145</gpxtpx:hr>
          </gpxtpx:TrackPointExtension>
        </extensions>
      </trkpt>
      <trkpt lat="48.572413000" lon="2.531053000">
        <ele>41.000</ele>
        <time>2024-05-19T10:46:52Z</time>
        <extensions>
          <gpxtpx:TrackPointExtension>
            <gpxtpx:hr>148</gpxtpx:hr>
          </gpxtpx:TrackPointExtension>
        </extensions>
      </trkpt>
      <trkpt lat="48.572387000" lon="2.531067000">
        <ele>41.100</ele>
        <time>2024-05-19T10:46:53Z</time>
        <extensions>
          <gpxtpx:TrackPointExtension>
            <gpxtpx:hr>148</gpxtpx:hr>
          </gpxtpx:TrackPointExtension>
        </extensions>
      </trkpt>
      <trkpt lat="48.572380000" lon="2.531057000">
        <ele>41.100</ele>
        <time>2024-05-19T10:46:54Z</time>
        <extensions>
          <gpxtpx:TrackPointExtension>
            <gpxtpx:hr>148</gpxtpx:hr>
          </gpxtpx:TrackPointExtension>
        </extensions>
      </trkpt>
      <trkpt lat="48.572408000" lon="2.531051000">
        <ele>41.000</ele>
        <time>2024-05-19T10:46:57Z</time>
        <extensions>
          <gpxtpx:TrackPointExtension>
            <gpxtpx:hr>149</gpxtpx:hr>
          </gpxtpx:TrackPointExtension>
        </extensions>
      </trkpt>
      <trkpt lat="48.572432000" lon="2.531080000">
        <ele>40.900</ele>
        <time>2024-05-19T10:46:58Z</time>
        <extensions>
          <gpxtpx:TrackPointExtension>
            <gpxtpx:hr>149</gpxtpx:hr>
          </gpxtpx:TrackPointExtension>
        </extensions>
      </trkpt>
      <trkpt lat="48.572469000" lon="2.531078000">
        <ele>40.700</ele>
        <time>2024-05-19T10:46:59Z</time>
        <extensions>
          <gpxtpx:TrackPointExtension>
            <gpxtpx:hr>149</gpxtpx:hr>
          </gpxtpx:TrackPointExtension>
        </extensions>
      </trkpt>
      <trkpt lat="48.572484000" lon="2.531049000">
        <ele>40.700</ele>
        <time>2024-05-19T10:47:00Z</time>
        <extensions>
          <gpxtpx:TrackPointExtension>
            <gpxtpx:hr>149</gpxtpx:hr>
          </gpxtpx:TrackPointExtension>
        </extensions>
      </trkpt>
      <trkpt lat="48.572467000" lon="2.531026000">
        <ele>40.700</ele>
        <time>2024-05-19T10:47:02Z</time>
        <extensions>
          <gpxtpx:TrackPointExtension>
            <gpxtpx:hr>150</gpxtpx:hr>
          </gpxtpx:TrackPointExtension>
        </extensions>
      </trkpt>
      <trkpt lat="48.572457000" lon="2.531052000">
        <ele>40.800</ele>
        <time>2024-05-19T10:47:04Z</time>
        <extensions>
          <gpxtpx:TrackPointExtension>
            <gpxtpx:hr>150</gpxtpx:hr>
          </gpxtpx:TrackPointExtension>
        </extensions>
      </trkpt>
      <trkpt lat="48.572461000" lon="2.531062000">
        <ele>40.800</ele>
        <time>2024-05-19T10:47:05Z</time>
        <extensions>
          <gpxtpx:TrackPointExtension>
            <gpxtpx:hr>150</gpxtpx:hr>
          </gpxtpx:TrackPointExtension>
        </extensions>
      </trkpt>
      <trkpt lat="48.572472000" lon="2.531060000">
        <ele>40.700</ele>
        <time>2024-05-19T10:47:14Z</time>
        <extensions>
          <gpxtpx:TrackPointExtension>
            <gpxtpx:hr>153</gpxtpx:hr>
          </gpxtpx:TrackPointExtension>
        </extensions>
      </trkpt>
      <trkpt lat="48.572467000" lon="2.531066000">
        <ele>40.700</ele>
        <time>2024-05-19T10:47:15Z</time>
        <extensions>
          <gpxtpx:TrackPointExtension>
            <gpxtpx:hr>153</gpxtpx:hr>
          </gpxtpx:TrackPointExtension>
        </extensions>
      </trkpt>
      <trkpt lat="48.572494000" lon="2.531059000">
        <ele>40.600</ele>
        <time>2024-05-19T10:47:21Z</time>
        <extensions>
          <gpxtpx:TrackPointExtension>
            <gpxtpx:hr>152</gpxtpx:hr>
          </gpxtpx:TrackPointExtension>
        </extensions>
      </trkpt>
      <trkpt lat="48.572462000" lon="2.531076000">
        <ele>40.700</ele>
        <time>2024-05-19T10:47:24Z</time>
        <extensions>
          <gpxtpx:TrackPointExtension>
            <gpxtpx:hr>151</gpxtpx:hr>
          </gpxtpx:TrackPointExtension>
        </extensions>
      </trkpt>
      <trkpt lat="48.572489000" lon="2.531070000">
        <ele>40.700</ele>
        <time>2024-05-19T10:47:27Z</time>
        <extensions>
          <gpxtpx:TrackPointExtension>
            <gpxtpx:hr>151</gpxtpx:hr>
          </gpxtpx:TrackPointExtension>
        </extensions>
      </trkpt>
      <trkpt lat="48.572479000" lon="2.531069000">
        <ele>40.700</ele>
        <time>2024-05-19T10:47:28Z</time>
        <extensions>
          <gpxtpx:TrackPointExtension>
            <gpxtpx:hr>151</gpxtpx:hr>
          </gpxtpx:TrackPointExtension>
        </extensions>
      </trkpt>
      <trkpt lat="48.572488000" lon="2.531059000">
        <ele>40.700</ele>
        <time>2024-05-19T10:47:30Z</time>
        <extensions>
          <gpxtpx:TrackPointExtension>
            <gpxtpx:hr>151</gpxtpx:hr>
          </gpxtpx:TrackPointExtension>
        </extensions>
      </trkpt>
      <trkpt lat="48.572494000" lon="2.531080000">
        <ele>40.600</ele>
        <time>2024-05-19T10:47:39Z</time>
        <extensions>
          <gpxtpx:TrackPointExtension>
            <gpxtpx:hr>148</gpxtpx:hr>
          </gpxtpx:TrackPointExtension>
        </extensions>
      </trkpt>
      <trkpt lat="48.572491000" lon="2.531074000">
        <ele>40.600</ele>
        <time>2024-05-19T10:47:40Z</time>
        <extensions>
          <gpxtpx:TrackPointExtension>
            <gpxtpx:hr>148</gpxtpx:hr>
          </gpxtpx:TrackPointExtension>
        </extensions>
      </trkpt>
      <trkpt lat="48.572519000" lon="2.531022000">
        <ele>40.500</ele>
        <time>2024-05-19T10:47:43Z</time>
        <extensions>
          <gpxtpx:TrackPointExtension>
            <gpxtpx:hr>148</gpxtpx:hr>
          </gpxtpx:TrackPointExtension>
        </extensions>
      </trkpt>
      <trkpt lat="48.572481000" lon="2.531059000">
        <ele>40.700</ele>
        <time>2024-05-19T10:47:45Z</time>
        <extensions>
          <gpxtpx:TrackPointExtension>
            <gpxtpx:hr>148</gpxtpx:hr>
          </gpxtpx:TrackPointExtension>
        </extensions>
      </trkpt>
      <trkpt lat="48.572483000" lon="2.531067000">
        <ele>40.700</ele>
        <time>2024-05-19T10:47:46Z</time>
        <extensions>
          <gpxtpx:TrackPointExtension>
            <gpxtpx:hr>148</gpxtpx:hr>
          </gpxtpx:TrackPointExtension>
        </extensions>
      </trkpt>
      <trkpt lat="48.572425000" lon="2.531101000">
        <ele>40.900</ele>
        <time>2024-05-19T10:47:52Z</time>
        <extensions>
          <gpxtpx:TrackPointExtension>
            <gpxtpx:hr>144</gpxtpx:hr>
          </gpxtpx:TrackPointExtension>
        </extensions>
      </trkpt>
      <trkpt lat="48.572409000" lon="2.531064000">
        <ele>40.900</ele>
        <time>2024-05-19T10:47:57Z</time>
        <extensions>
          <gpxtpx:TrackPointExtension>
            <gpxtpx:hr>143</gpxtpx:hr>
          </gpxtpx:TrackPointExtension>
        </extensions>
      </trkpt>
      <trkpt lat="48.572432000" lon="2.531057000">
        <ele>41.000</ele>
        <time>2024-05-19T10:47:58Z</time>
        <extensions>
          <gpxtpx:TrackPointExtension>
            <gpxtpx:hr>143</gpxtpx:hr>
          </gpxtpx:TrackPointExtension>
        </extensions>
      </trkpt>
      <trkpt lat="48.572452000" lon="2.531095000">
        <ele>40.800</ele>
        <time>2024-05-19T10:48:01Z</time>
        <extensions>
          <gpxtpx:TrackPointExtension>
            <gpxtpx:hr>143</gpxtpx:hr>
          </gpxtpx:TrackPointExtension>
        </extensions>
      </trkpt>
      <trkpt lat="48.572455000" lon="2.531141000">
        <ele>40.800</ele>
        <time>2024-05-19T10:48:04Z</time>
        <extensions>
          <gpxtpx:TrackPointExtension>
            <gpxtpx:hr>143</gpxtpx:hr>
          </gpxtpx:TrackPointExtension>
        </extensions>
      </trkpt>
      <trkpt lat="48.572467000" lon="2.531161000">
        <ele>40.700</ele>
        <time>2024-05-19T10:48:07Z</time>
        <extensions>
          <gpxtpx:TrackPointExtension>
            <gpxtpx:hr>143</gpxtpx:hr>
          </gpxtpx:TrackPointExtension>
        </extensions>
      </trkpt>
      <trkpt lat="48.572472000" lon="2.531144000">
        <ele>40.700</ele>
        <time>2024-05-19T10:48:09Z</time>
        <extensions>
          <gpxtpx:TrackPointExtension>
            <gpxtpx:hr>143</gpxtpx:hr>
          </gpxtpx:TrackPointExtension>
        </extensions>
      </trkpt>
      <trkpt lat="48.572475000" lon="2.531165000">
        <ele>40.700</ele>
        <time>2024-05-19T10:48:13Z</time>
        <extensions>
          <gpxtpx:TrackPointExtension>
            <gpxtpx:hr>143</gpxtpx:hr>
          </gpxtpx:TrackPointExtension>
        </extensions>
      </trkpt>
      <trkpt lat="48.572555000" lon="2.531142000">
        <ele>40.300</ele>
        <time>2024-05-19T10:48:24Z</time>
        <extensions>
          <gpxtpx:TrackPointExtension>
            <gpxtpx:hr>141</gpxtpx:hr>
          </gpxtpx:TrackPointExtension>
        </extensions>
      </trkpt>
      <trkpt lat="48.572539000" lon="2.531138000">
        <ele>40.400</ele>
        <time>2024-05-19T10:48:25Z</time>
        <extensions>
          <gpxtpx:TrackPointExtension>
            <gpxtpx:hr>142</gpxtpx:hr>
          </gpxtpx:TrackPointExtension>
        </extensions>
      </trkpt>
      <trkpt lat="48.572511000" lon="2.531103000">
        <ele>40.600</ele>
        <time>2024-05-19T10:48:27Z</time>
        <extensions>
          <gpxtpx:TrackPointExtension>
            <gpxtpx:hr>142</gpxtpx:hr>
          </gpxtpx:TrackPointExtension>
        </extensions>
      </trkpt>
      <trkpt lat="48.572513000" lon="2.531090000">
        <ele>40.600</ele>
        <time>2024-05-19T10:48:28Z</time>
        <extensions>
          <gpxtpx:TrackPointExtension>
            <gpxtpx:hr>142</gpxtpx:hr>
          </gpxtpx:TrackPointExtension>
        </extensions>
      </trkpt>
      <trkpt lat="48.572521000" lon="2.531095000">
        <ele>40.400</ele>
        <time>2024-05-19T10:48:29Z</time>
        <extensions>
          <gpxtpx:TrackPointExtension>
            <gpxtpx:hr>142</gpxtpx:hr>
          </gpxtpx:TrackPointExtension>
        </extensions>
      </trkpt>
      <trkpt lat="48.572548000" lon="2.531061000">
        <ele>40.300</ele>
        <time>2024-05-19T10:48:40Z</time>
        <extensions>
          <gpxtpx:TrackPointExtension>
            <gpxtpx:hr>140</gpxtpx:hr>
          </gpxtpx:TrackPointExtension>
        </extensions>
      </trkpt>
      <trkpt lat="48.572527000" lon="2.531057000">
        <ele>40.500</ele>
        <time>2024-05-19T10:48:43Z</time>
        <extensions>
          <gpxtpx:TrackPointExtension>
            <gpxtpx:hr>140</gpxtpx:hr>
          </gpxtpx:TrackPointExtension>
        </extensions>
      </trkpt>
      <trkpt lat="48.572545000" lon="2.530947000">
        <ele>40.500</ele>
        <time>2024-05-19T10:48:56Z</time>
        <extensions>
          <gpxtpx:TrackPointExtension>
            <gpxtpx:hr>137</gpxtpx:hr>
          </gpxtpx:TrackPointExtension>
        </extensions>
      </trkpt>
      <trkpt lat="48.572517000" lon="2.530938000">
        <ele>40.600</ele>
        <time>2024-05-19T10:49:00Z</time>
        <extensions>
          <gpxtpx:TrackPointExtension>
            <gpxtpx:hr>134</gpxtpx:hr>
          </gpxtpx:TrackPointExtension>
        </extensions>
      </trkpt>
      <trkpt lat="48.572525000" lon="2.530924000">
        <ele>40.500</ele>
        <time>2024-05-19T10:49:02Z</time>
        <extensions>
          <gpxtpx:TrackPointExtension>
            <gpxtpx:hr>134</gpxtpx:hr>
          </gpxtpx:TrackPointExtension>
        </extensions>
      </trkpt>
      <trkpt lat="48.572516000" lon="2.530920000">
        <ele>40.600</ele>
        <time>2024-05-19T10:49:05Z</time>
        <extensions>
          <gpxtpx:TrackPointExtension>
            <gpxtpx:hr>134</gpxtpx:hr>
          </gpxtpx:TrackPointExtension>
        </extensions>
      </trkpt>
      <trkpt lat="48.572526000" lon="2.530919000">
        <ele>40.500</ele>
        <time>2024-05-19T10:49:07Z</time>
        <extensions>
          <gpxtpx:TrackPointExtension>
            <gpxtpx:hr>134</gpxtpx:hr>
          </gpxtpx:TrackPointExtension>
        </extensions>
      </trkpt>
      <trkpt lat="48.572531000" lon="2.530952000">
        <ele>40.500</ele>
        <time>2024-05-19T10:49:09Z</time>
        <extensions>
          <gpxtpx:TrackPointExtension>
            <gpxtpx:hr>134</gpxtpx:hr>
          </gpxtpx:TrackPointExtension>
        </extensions>
      </trkpt>
      <trkpt lat="48.572515000" lon="2.530984000">
        <ele>40.600</ele>
        <time>2024-05-19T10:49:12Z</time>
        <extensions>
          <gpxtpx:TrackPointExtension>
            <gpxtpx:hr>134</gpxtpx:hr>
          </gpxtpx:TrackPointExtension>
        </extensions>
      </trkpt>
      <trkpt lat="48.572516000" lon="2.531010000">
        <ele>40.600</ele>
        <time>2024-05-19T10:49:14Z</time>
        <extensions>
          <gpxtpx:TrackPointExtension>
            <gpxtpx:hr>134</gpxtpx:hr>
          </gpxtpx:TrackPointExtension>
        </extensions>
      </trkpt>
      <trkpt lat="48.572495000" lon="2.531061000">
        <ele>40.600</ele>
        <time>2024-05-19T10:49:18Z</time>
        <extensions>
          <gpxtpx:TrackPointExtension>
            <gpxtpx:hr>134</gpxtpx:hr>
          </gpxtpx:TrackPointExtension>
        </extensions>
      </trkpt>
      <trkpt lat="48.572516000" lon="2.531032000">
        <ele>40.600</ele>
        <time>2024-05-19T10:49:24Z</time>
        <extensions>
          <gpxtpx:TrackPointExtension>
            <gpxtpx:hr>139</gpxtpx:hr>
          </gpxtpx:TrackPointExtension>
        </extensions>
      </trkpt>
      <trkpt lat="48.572525000" lon="2.531033000">
        <ele>40.500</ele>
        <time>2024-05-19T10:49:27Z</time>
        <extensions>
          <gpxtpx:TrackPointExtension>
            <gpxtpx:hr>139</gpxtpx:hr>
          </gpxtpx:TrackPointExtension>
        </extensions>
      </trkpt>
      <trkpt lat="48.572486000" lon="2.530988000">
        <ele>40.700</ele>
        <time>2024-05-19T10:49:41Z</time>
        <extensions>
          <gpxtpx:TrackPointExtension>
            <gpxtpx:hr>138</gpxtpx:hr>
          </gpxtpx:TrackPointExtension>
        </extensions>
      </trkpt>
      <trkpt lat="48.572494000" lon="2.530970000">
        <ele>40.600</ele>
        <time>2024-05-19T10:49:42Z</time>
        <extensions>
          <gpxtpx:TrackPointExtension>
            <gpxtpx:hr>138</gpxtpx:hr>
          </gpxtpx:TrackPointExtension>
        </extensions>
      </trkpt>
      <trkpt lat="48.572489000" lon="2.530960000">
        <ele>40.800</ele>
        <time>2024-05-19T10:49:43Z</time>
        <extensions>
          <gpxtpx:TrackPointExtension>
            <gpxtpx:hr>138</gpxtpx:hr>
          </gpxtpx:TrackPointExtension>
        </extensions>
      </trkpt>
      <trkpt lat="48.572493000" lon="2.530974000">
        <ele>40.600</ele>
        <time>2024-05-19T10:49:44Z</time>
        <extensions>
          <gpxtpx:TrackPointExtension>
            <gpxtpx:hr>138</gpxtpx:hr>
          </gpxtpx:TrackPointExtension>
        </extensions>
      </trkpt>
      <trkpt lat="48.572523000" lon="2.530933000">
        <ele>40.500</ele>
        <time>2024-05-19T10:49:46Z</time>
        <extensions>
          <gpxtpx:TrackPointExtension>
            <gpxtpx:hr>138</gpxtpx:hr>
          </gpxtpx:TrackPointExtension>
        </extensions>
      </trkpt>
      <trkpt lat="48.572526000" lon="2.530947000">
        <ele>40.500</ele>
        <time>2024-05-19T10:49:48Z</time>
        <extensions>
          <gpxtpx:TrackPointExtension>
            <gpxtpx:hr>136</gpxtpx:hr>
          </gpxtpx:TrackPointExtension>
        </extensions>
      </trkpt>
      <trkpt lat="48.572535000" lon="2.530927000">
        <ele>40.500</ele>
        <time>2024-05-19T10:49:50Z</time>
        <extensions>
          <gpxtpx:TrackPointExtension>
            <gpxtpx:hr>136</gpxtpx:hr>
          </gpxtpx:TrackPointExtension>
        </extensions>
      </trkpt>
      <trkpt lat="48.572543000" lon="2.530941000">
        <ele>40.500</ele>
        <time>2024-05-19T10:49:53Z</time>
        <extensions>
          <gpxtpx:TrackPointExtension>
            <gpxtpx:hr>136</gpxtpx:hr>
          </gpxtpx:TrackPointExtension>
        </extensions>
      </trkpt>
      <trkpt lat="48.572531000" lon="2.530925000">
        <ele>40.500</ele>
        <time>2024-05-19T10:49:56Z</time>
        <extensions>
          <gpxtpx:TrackPointExtension>
            <gpxtpx:hr>134</gpxtpx:hr>
          </gpxtpx:TrackPointExtension>
        </extensions>
      </trkpt>
      <trkpt lat="48.572524000" lon="2.530934000">
        <ele>40.500</ele>
        <time>2024-05-19T10:49:57Z</time>
        <extensions>
          <gpxtpx:TrackPointExtension>
            <gpxtpx:hr>134</gpxtpx:hr>
          </gpxtpx:TrackPointExtension>
        </extensions>
      </trkpt>
      <trkpt lat="48.572528000" lon="2.530962000">
        <ele>40.500</ele>
        <time>2024-05-19T10:50:04Z</time>
        <extensions>
          <gpxtpx:TrackPointExtension>
            <gpxtpx:hr>134</gpxtpx:hr>
          </gpxtpx:TrackPointExtension>
        </extensions>
      </trkpt>
      <trkpt lat="48.572514000" lon="2.530963000">
        <ele>40.600</ele>
        <time>2024-05-19T10:50:07Z</time>
        <extensions>
          <gpxtpx:TrackPointExtension>
            <gpxtpx:hr>136</gpxtpx:hr>
          </gpxtpx:TrackPointExtension>
        </extensions>
      </trkpt>
      <trkpt lat="48.572520000" lon="2.530944000">
        <ele>40.500</ele>
        <time>2024-05-19T10:50:16Z</time>
        <extensions>
          <gpxtpx:TrackPointExtension>
            <gpxtpx:hr>140</gpxtpx:hr>
          </gpxtpx:TrackPointExtension>
        </extensions>
      </trkpt>
      <trkpt lat="48.572514000" lon="2.530942000">
        <ele>40.600</ele>
        <time>2024-05-19T10:50:17Z</time>
        <extensions>
          <gpxtpx:TrackPointExtension>
            <gpxtpx:hr>140</gpxtpx:hr>
          </gpxtpx:TrackPointExtension>
        </extensions>
      </trkpt>
      <trkpt lat="48.572516000" lon="2.530964000">
        <ele>40.600</ele>
        <time>2024-05-19T10:50:18Z</time>
        <extensions>
          <gpxtpx:TrackPointExtension>
            <gpxtpx:hr>140</gpxtpx:hr>
          </gpxtpx:TrackPointExtension>
        </extensions>
      </trkpt>
      <trkpt lat="48.572529000" lon="2.530964000">
        <ele>40.500</ele>
        <time>2024-05-19T10:50:20Z</time>
        <extensions>
          <gpxtpx:TrackPointExtension>
            <gpxtpx:hr>140</gpxtpx:hr>
          </gpxtpx:TrackPointExtension>
        </extensions>
      </trkpt>
      <trkpt lat="48.572493000" lon="2.530980000">
        <ele>40.600</ele>
        <time>2024-05-19T10:50:27Z</time>
        <extensions>
          <gpxtpx:TrackPointExtension>
            <gpxtpx:hr>139</gpxtpx:hr>
          </gpxtpx:TrackPointExtension>
        </extensions>
      </trkpt>
      <trkpt lat="48.572488000" lon="2.530993000">
        <ele>40.700</ele>
        <time>2024-05-19T10:50:29Z</time>
        <extensions>
          <gpxtpx:TrackPointExtension>
            <gpxtpx:hr>139</gpxtpx:hr>
          </gpxtpx:TrackPointExtension>
        </extensions>
      </trkpt>
      <trkpt lat="48.572491000" lon="2.531039000">
        <ele>40.600</ele>
        <time>2024-05-19T10:50:33Z</time>
        <extensions>
          <gpxtpx:TrackPointExtension>
            <gpxtpx:hr>139</gpxtpx:hr>
          </gpxtpx:TrackPointExtension>
        </extensions>
      </trkpt>
      <trkpt lat="48.572502000" lon="2.531076000">
        <ele>40.600</ele>
        <time>2024-05-19T10:50:35Z</time>
        <extensions>
          <gpxtpx:TrackPointExtension>
            <gpxtpx:hr>139</gpxtpx:hr>
          </gpxtpx:TrackPointExtension>
        </extensions>
      </trkpt>
      <trkpt lat="48.572494000" lon="2.531077000">
        <ele>40.600</ele>
        <time>2024-05-19T10:50:36Z</time>
        <extensions>
          <gpxtpx:TrackPointExtension>
            <gpxtpx:hr>139</gpxtpx:hr>
          </gpxtpx:TrackPointExtension>
        </extensions>
      </trkpt>
      <trkpt lat="48.572492000" lon="2.531058000">
        <ele>40.600</ele>
        <time>2024-05-19T10:50:37Z</time>
        <extensions>
          <gpxtpx:TrackPointExtension>
            <gpxtpx:hr>139</gpxtpx:hr>
          </gpxtpx:TrackPointExtension>
        </extensions>
      </trkpt>
      <trkpt lat="48.572505000" lon="2.531032000">
        <ele>40.600</ele>
        <time>2024-05-19T10:50:40Z</time>
        <extensions>
          <gpxtpx:TrackPointExtension>
            <gpxtpx:hr>137</gpxtpx:hr>
          </gpxtpx:TrackPointExtension>
        </extensions>
      </trkpt>
      <trkpt lat="48.572497000" lon="2.531046000">
        <ele>40.600</ele>
        <time>2024-05-19T10:50:41Z</time>
        <extensions>
          <gpxtpx:TrackPointExtension>
            <gpxtpx:hr>137</gpxtpx:hr>
          </gpxtpx:TrackPointExtension>
        </extensions>
      </trkpt>
      <trkpt lat="48.572482000" lon="2.530989000">
        <ele>40.800</ele>
        <time>2024-05-19T10:50:54Z</time>
        <extensions>
          <gpxtpx:TrackPointExtension>
            <gpxtpx:hr>138</gpxtpx:hr>
          </gpxtpx:TrackPointExtension>
        </extensions>
      </trkpt>
      <trkpt lat="48.572505000" lon="2.530973000">
        <ele>40.600</ele>
        <time>2024-05-19T10:50:56Z</time>
        <extensions>
          <gpxtpx:TrackPointExtension>
            <gpxtpx:hr>138</gpxtpx:hr>
          </gpxtpx:TrackPointExtension>
        </extensions>
      </trkpt>
      <trkpt lat="48.572502000" lon="2.530944000">
        <ele>40.600</ele>
        <time>2024-05-19T10:50:58Z</time>
        <extensions>
          <gpxtpx:TrackPointExtension>
            <gpxtpx:hr>138</gpxtpx:hr>
          </gpxtpx:TrackPointExtension>
        </extensions>
      </trkpt>
      <trkpt lat="48.572515000" lon="2.530949000">
        <ele>40.600</ele>
        <time>2024-05-19T10:51:01Z</time>
        <extensions>
          <gpxtpx:TrackPointExtension>
            <gpxtpx:hr>139</gpxtpx:hr>
          </gpxtpx:TrackPointExtension>
        </extensions>
      </trkpt>
      <trkpt lat="48.572524000" lon="2.530919000">
        <ele>40.500</ele>
        <time>2024-05-19T10:51:03Z</time>
        <extensions>
          <gpxtpx:TrackPointExtension>
            <gpxtpx:hr>139</gpxtpx:hr>
          </gpxtpx:TrackPointExtension>
        </extensions>
      </trkpt>
      <trkpt lat="48.572517000" lon="2.530932000">
        <ele>40.600</ele>
        <time>2024-05-19T10:51:08Z</time>
        <extensions>
          <gpxtpx:TrackPointExtension>
            <gpxtpx:hr>136</gpxtpx:hr>
          </gpxtpx:TrackPointExtension>
        </extensions>
      </trkpt>
      <trkpt lat="48.572515000" lon="2.530925000">
        <ele>40.600</ele>
        <time>2024-05-19T10:51:09Z</time>
        <extensions>
          <gpxtpx:TrackPointExtension>
            <gpxtpx:hr>136</gpxtpx:hr>
          </gpxtpx:TrackPointExtension>
        </extensions>
      </trkpt>
      <trkpt lat="48.572490000" lon="2.530934000">
        <ele>40.600</ele>
        <time>2024-05-19T10:51:19Z</time>
        <extensions>
          <gpxtpx:TrackPointExtension>
            <gpxtpx:hr>133</gpxtpx:hr>
          </gpxtpx:TrackPointExtension>
        </extensions>
      </trkpt>
      <trkpt lat="48.572499000" lon="2.530963000">
        <ele>40.600</ele>
        <time>2024-05-19T10:51:22Z</time>
        <extensions>
          <gpxtpx:TrackPointExtension>
            <gpxtpx:hr>132</gpxtpx:hr>
          </gpxtpx:TrackPointExtension>
        </extensions>
      </trkpt>
      <trkpt lat="48.572471000" lon="2.531017000">
        <ele>40.800</ele>
        <time>2024-05-19T10:51:30Z</time>
        <extensions>
          <gpxtpx:TrackPointExtension>
            <gpxtpx:hr>132</gpxtpx:hr>
          </gpxtpx:TrackPointExtension>
        </extensions>
      </trkpt>
      <trkpt lat="48.572489000" lon="2.531044000">
        <ele>40.700</ele>
        <time>2024-05-19T10:51:32Z</time>
        <extensions>
          <gpxtpx:TrackPointExtension>
            <gpxtpx:hr>132</gpxtpx:hr>
          </gpxtpx:TrackPointExtension>
        </extensions>
      </trkpt>
      <trkpt lat="48.572483000" lon="2.531057000">
        <ele>40.700</ele>
        <time>2024-05-19T10:51:33Z</time>
        <extensions>
          <gpxtpx:TrackPointExtension>
            <gpxtpx:hr>132</gpxtpx:hr>
          </gpxtpx:TrackPointExtension>
        </extensions>
      </trkpt>
      <trkpt lat="48.572484000" lon="2.531133000">
        <ele>40.700</ele>
        <time>2024-05-19T10:51:36Z</time>
        <extensions>
          <gpxtpx:TrackPointExtension>
            <gpxtpx:hr>132</gpxtpx:hr>
          </gpxtpx:TrackPointExtension>
        </extensions>
      </trkpt>
      <trkpt lat="48.572516000" lon="2.531088000">
        <ele>40.600</ele>
        <time>2024-05-19T10:51:39Z</time>
        <extensions>
          <gpxtpx:TrackPointExtension>
            <gpxtpx:hr>132</gpxtpx:hr>
          </gpxtpx:TrackPointExtension>
        </extensions>
      </trkpt>
      <trkpt lat="48.572523000" lon="2.531049000">
        <ele>40.500</ele>
        <time>2024-05-19T10:51:42Z</time>
        <extensions>
          <gpxtpx:TrackPointExtension>
            <gpxtpx:hr>130</gpxtpx:hr>
          </gpxtpx:TrackPointExtension>
        </extensions>
      </trkpt>
      <trkpt lat="48.572537000" lon="2.531050000">
        <ele>40.500</ele>
        <time>2024-05-19T10:51:45Z</time>
        <extensions>
          <gpxtpx:TrackPointExtension>
            <gpxtpx:hr>130</gpxtpx:hr>
          </gpxtpx:TrackPointExtension>
        </extensions>
      </trkpt>
      <trkpt lat="48.572518000" lon="2.531024000">
        <ele>40.600</ele>
        <time>2024-05-19T10:51:50Z</time>
        <extensions>
          <gpxtpx:TrackPointExtension>
            <gpxtpx:hr>131</gpxtpx:hr>
          </gpxtpx:TrackPointExtension>
        </extensions>
      </trkpt>
      <trkpt lat="48.572518000" lon="2.531010000">
        <ele>40.600</ele>
        <time>2024-05-19T10:51:52Z</time>
        <extensions>
          <gpxtpx:TrackPointExtension>
            <gpxtpx:hr>131</gpxtpx:hr>
          </gpxtpx:TrackPointExtension>
        </extensions>
      </trkpt>
      <trkpt lat="48.572533000" lon="2.530984000">
        <ele>40.500</ele>
        <time>2024-05-19T10:51:55Z</time>
        <extensions>
          <gpxtpx:TrackPointExtension>
            <gpxtpx:hr>132</gpxtpx:hr>
          </gpxtpx:TrackPointExtension>
        </extensions>
      </trkpt>
      <trkpt lat="48.572551000" lon="2.531005000">
        <ele>40.400</ele>
        <time>2024-05-19T10:51:58Z</time>
        <extensions>
          <gpxtpx:TrackPointExtension>
            <gpxtpx:hr>133</gpxtpx:hr>
          </gpxtpx:TrackPointExtension>
        </extensions>
      </trkpt>
      <trkpt lat="48.572608000" lon="2.531017000">
        <ele>40.100</ele>
        <time>2024-05-19T10:52:01Z</time>
        <extensions>
          <gpxtpx:TrackPointExtension>
            <gpxtpx:hr>133</gpxtpx:hr>
          </gpxtpx:TrackPointExtension>
        </extensions>
      </trkpt>
      <trkpt lat="48.572671000" lon="2.530999000">
        <ele>39.900</ele>
        <time>2024-05-19T10:52:06Z</time>
        <extensions>
          <gpxtpx:TrackPointExtension>
            <gpxtpx:hr>133</gpxtpx:hr>
          </gpxtpx:TrackPointExtension>
        </extensions>
      </trkpt>
      <trkpt lat="48.572679000" lon="2.530985000">
        <ele>39.900</ele>
        <time>2024-05-19T10:52:07Z</time>
        <extensions>
          <gpxtpx:TrackPointExtension>
            <gpxtpx:hr>132</gpxtpx:hr>
          </gpxtpx:TrackPointExtension>
        </extensions>
      </trkpt>
      <trkpt lat="48.572668000" lon="2.530984000">
        <ele>39.900</ele>
        <time>2024-05-19T10:52:08Z</time>
        <extensions>
          <gpxtpx:TrackPointExtension>
            <gpxtpx:hr>132</gpxtpx:hr>
          </gpxtpx:TrackPointExtension>
        </extensions>
      </trkpt>
      <trkpt lat="48.572687000" lon="2.530949000">
        <ele>40.000</ele>
        <time>2024-05-19T10:52:12Z</time>
        <extensions>
          <gpxtpx:TrackPointExtension>
            <gpxtpx:hr>132</gpxtpx:hr>
          </gpxtpx:TrackPointExtension>
        </extensions>
      </trkpt>
      <trkpt lat="48.572680000" lon="2.530946000">
        <ele>40.000</ele>
        <time>2024-05-19T10:52:13Z</time>
        <extensions>
          <gpxtpx:TrackPointExtension>
            <gpxtpx:hr>132</gpxtpx:hr>
          </gpxtpx:TrackPointExtension>
        </extensions>
      </trkpt>
      <trkpt lat="48.572687000" lon="2.530935000">
        <ele>40.000</ele>
        <time>2024-05-19T10:52:14Z</time>
        <extensions>
          <gpxtpx:TrackPointExtension>
            <gpxtpx:hr>132</gpxtpx:hr>
          </gpxtpx:TrackPointExtension>
        </extensions>
      </trkpt>
      <trkpt lat="48.572662000" lon="2.530964000">
        <ele>40.000</ele>
        <time>2024-05-19T10:52:17Z</time>
        <extensions>
          <gpxtpx:TrackPointExtension>
            <gpxtpx:hr>132</gpxtpx:hr>
          </gpxtpx:TrackPointExtension>
        </extensions>
      </trkpt>
      <trkpt lat="48.572622000" lon="2.530929000">
        <ele>40.200</ele>
        <time>2024-05-19T10:52:25Z</time>
        <extensions>
          <gpxtpx:TrackPointExtension>
            <gpxtpx:hr>137</gpxtpx:hr>
          </gpxtpx:TrackPointExtension>
        </extensions>
      </trkpt>
      <trkpt lat="48.572608000" lon="2.530941000">
        <ele>40.200</ele>
        <time>2024-05-19T10:52:31Z</time>
        <extensions>
          <gpxtpx:TrackPointExtension>
            <gpxtpx:hr>137</gpxtpx:hr>
          </gpxtpx:TrackPointExtension>
        </extensions>
      </trkpt>
      <trkpt lat="48.572576000" lon="2.530933000">
        <ele>40.300</ele>
        <time>2024-05-19T10:52:39Z</time>
        <extensions>
          <gpxtpx:TrackPointExtension>
            <gpxtpx:hr>139</gpxtpx:hr>
          </gpxtpx:TrackPointExtension>
        </extensions>
      </trkpt>
      <trkpt lat="48.572588000" lon="2.530939000">
        <ele>40.300</ele>
        <time>2024-05-19T10:52:40Z</time>
        <extensions>
          <gpxtpx:TrackPointExtension>
            <gpxtpx:hr>139</gpxtpx:hr>
          </gpxtpx:TrackPointExtension>
        </extensions>
      </trkpt>
      <trkpt lat="48.572586000" lon="2.530989000">
        <ele>40.300</ele>
        <time>2024-05-19T10:52:43Z</time>
        <extensions>
          <gpxtpx:TrackPointExtension>
            <gpxtpx:hr>139</gpxtpx:hr>
          </gpxtpx:TrackPointExtension>
        </extensions>
      </trkpt>
      <trkpt lat="48.572604000" lon="2.531050000">
        <ele>40.100</ele>
        <time>2024-05-19T10:52:45Z</time>
        <extensions>
          <gpxtpx:TrackPointExtension>
            <gpxtpx:hr>139</gpxtpx:hr>
          </gpxtpx:TrackPointExtension>
        </extensions>
      </trkpt>
      <trkpt lat="48.572625000" lon="2.531034000">
        <ele>40.100</ele>
        <time>2024-05-19T10:52:47Z</time>
        <extensions>
          <gpxtpx:TrackPointExtension>
            <gpxtpx:hr>139</gpxtpx:hr>
          </gpxtpx:TrackPointExtension>
        </extensions>
      </trkpt>
      <trkpt lat="48.572620000" lon="2.531017000">
        <ele>40.200</ele>
        <time>2024-05-19T10:52:48Z</time>
        <extensions>
          <gpxtpx:TrackPointExtension>
            <gpxtpx:hr>139</gpxtpx:hr>
          </gpxtpx:TrackPointExtension>
        </extensions>
      </trkpt>
      <trkpt lat="48.572567000" lon="2.530973000">
        <ele>40.400</ele>
        <time>2024-05-19T10:52:55Z</time>
        <extensions>
          <gpxtpx:TrackPointExtension>
            <gpxtpx:hr>138</gpxtpx:hr>
          </gpxtpx:TrackPointExtension>
        </extensions>
      </trkpt>
      <trkpt lat="48.572542000" lon="2.530964000">
        <ele>40.500</ele>
        <time>2024-05-19T10:53:01Z</time>
        <extensions>
          <gpxtpx:TrackPointExtension>
            <gpxtpx:hr>137</gpxtpx:hr>
          </gpxtpx:TrackPointExtension>
        </extensions>
      </trkpt>
      <trkpt lat="48.572526000" lon="2.530972000">
        <ele>40.500</ele>
        <time>2024-05-19T10:53:05Z</time>
        <extensions>
          <gpxtpx:TrackPointExtension>
            <gpxtpx:hr>134</gpxtpx:hr>
          </gpxtpx:TrackPointExtension>
        </extensions>
      </trkpt>
      <trkpt lat="48.572531000" lon="2.530968000">
        <ele>40.500</ele>
        <time>2024-05-19T10:53:08Z</time>
        <extensions>
          <gpxtpx:TrackPointExtension>
            <gpxtpx:hr>134</gpxtpx:hr>
          </gpxtpx:TrackPointExtension>
        </extensions>
      </trkpt>
      <trkpt lat="48.572531000" lon="2.530982000">
        <ele>40.500</ele>
        <time>2024-05-19T10:53:11Z</time>
        <extensions>
          <gpxtpx:TrackPointExtension>
            <gpxtpx:hr>135</gpxtpx:hr>
          </gpxtpx:TrackPointExtension>
        </extensions>
      </trkpt>
      <trkpt lat="48.572542000" lon="2.530984000">
        <ele>40.500</ele>
        <time>2024-05-19T10:53:12Z</time>
        <extensions>
          <gpxtpx:TrackPointExtension>
            <gpxtpx:hr>135</gpxtpx:hr>
          </gpxtpx:TrackPointExtension>
        </extensions>
      </trkpt>
      <trkpt lat="48.572597000" lon="2.530942000">
        <ele>40.300</ele>
        <time>2024-05-19T10:53:18Z</time>
        <extensions>
          <gpxtpx:TrackPointExtension>
            <gpxtpx:hr>134</gpxtpx:hr>
          </gpxtpx:TrackPointExtension>
        </extensions>
      </trkpt>
      <trkpt lat="48.572605000" lon="2.530948000">
        <ele>40.200</ele>
        <time>2024-05-19T10:53:20Z</time>
        <extensions>
          <gpxtpx:TrackPointExtension>
            <gpxtpx:hr>134</gpxtpx:hr>
          </gpxtpx:TrackPointExtension>
        </extensions>
      </trkpt>
      <trkpt lat="48.572578000" lon="2.530906000">
        <ele>40.300</ele>
        <time>2024-05-19T10:53:27Z</time>
        <extensions>
          <gpxtpx:TrackPointExtension>
            <gpxtpx:hr>130</gpxtpx:hr>
          </gpxtpx:TrackPointExtension>
        </extensions>
      </trkpt>
      <trkpt lat="48.572587000" lon="2.530899000">
        <ele>40.300</ele>
        <time>2024-05-19T10:53:29Z</time>
        <extensions>
          <gpxtpx:TrackPointExtension>
            <gpxtpx:hr>132</gpxtpx:hr>
          </gpxtpx:TrackPointExtension>
        </extensions>
      </trkpt>
      <trkpt lat="48.572575000" lon="2.530920000">
        <ele>40.400</ele>
        <time>2024-05-19T10:53:31Z</time>
        <extensions>
          <gpxtpx:TrackPointExtension>
            <gpxtpx:hr>132</gpxtpx:hr>
          </gpxtpx:TrackPointExtension>
        </extensions>
      </trkpt>
      <trkpt lat="48.572585000" lon="2.530939000">
        <ele>40.300</ele>
        <time>2024-05-19T10:53:32Z</time>
        <extensions>
          <gpxtpx:TrackPointExtension>
            <gpxtpx:hr>132</gpxtpx:hr>
          </gpxtpx:TrackPointExtension>
        </extensions>
      </trkpt>
      <trkpt lat="48.572610000" lon="2.530939000">
        <ele>40.200</ele>
        <time>2024-05-19T10:53:33Z</time>
        <extensions>
          <gpxtpx:TrackPointExtension>
            <gpxtpx:hr>132</gpxtpx:hr>
          </gpxtpx:TrackPointExtension>
        </extensions>
      </trkpt>
      <trkpt lat="48.572616000" lon="2.530998000">
        <ele>40.200</ele>
        <time>2024-05-19T10:53:36Z</time>
        <extensions>
          <gpxtpx:TrackPointExtension>
            <gpxtpx:hr>134</gpxtpx:hr>
          </gpxtpx:TrackPointExtension>
        </extensions>
      </trkpt>
      <trkpt lat="48.572632000" lon="2.530986000">
        <ele>40.100</ele>
        <time>2024-05-19T10:53:37Z</time>
        <extensions>
          <gpxtpx:TrackPointExtension>
            <gpxtpx:hr>134</gpxtpx:hr>
          </gpxtpx:TrackPointExtension>
        </extensions>
      </trkpt>
      <trkpt lat="48.572637000" lon="2.530966000">
        <ele>40.100</ele>
        <time>2024-05-19T10:53:39Z</time>
        <extensions>
          <gpxtpx:TrackPointExtension>
            <gpxtpx:hr>134</gpxtpx:hr>
          </gpxtpx:TrackPointExtension>
        </extensions>
      </trkpt>
      <trkpt lat="48.572603000" lon="2.530985000">
        <ele>40.300</ele>
        <time>2024-05-19T10:53:41Z</time>
        <extensions>
          <gpxtpx:TrackPointExtension>
            <gpxtpx:hr>137</gpxtpx:hr>
          </gpxtpx:TrackPointExtension>
        </extensions>
      </trkpt>
      <trkpt lat="48.572611000" lon="2.531050000">
        <ele>40.200</ele>
        <time>2024-05-19T10:53:45Z</time>
        <extensions>
          <gpxtpx:TrackPointExtension>
            <gpxtpx:hr>136</gpxtpx:hr>
          </gpxtpx:TrackPointExtension>
        </extensions>
      </trkpt>
      <trkpt lat="48.572615000" lon="2.531036000">
        <ele>40.200</ele>
        <time>2024-05-19T10:53:46Z</time>
        <extensions>
          <gpxtpx:TrackPointExtension>
            <gpxtpx:hr>136</gpxtpx:hr>
          </gpxtpx:TrackPointExtension>
        </extensions>
      </trkpt>
      <trkpt lat="48.572620000" lon="2.531056000">
        <ele>40.200</ele>
        <time>2024-05-19T10:53:49Z</time>
        <extensions>
          <gpxtpx:TrackPointExtension>
            <gpxtpx:hr>136</gpxtpx:hr>
          </gpxtpx:TrackPointExtension>
        </extensions>
      </trkpt>
      <trkpt lat="48.572604000" lon="2.531016000">
        <ele>40.200</ele>
        <time>2024-05-19T10:53:51Z</time>
        <extensions>
          <gpxtpx:TrackPointExtension>
            <gpxtpx:hr>135</gpxtpx:hr>
          </gpxtpx:TrackPointExtension>
        </extensions>
      </trkpt>
      <trkpt lat="48.572609000" lon="2.531008000">
        <ele>40.200</ele>
        <time>2024-05-19T10:53:52Z</time>
        <extensions>
          <gpxtpx:TrackPointExtension>
            <gpxtpx:hr>136</gpxtpx:hr>
          </gpxtpx:TrackPointExtension>
        </extensions>
      </trkpt>
      <trkpt lat="48.572597000" lon="2.530991000">
        <ele>40.300</ele>
        <time>2024-05-19T10:53:53Z</time>
        <extensions>
          <gpxtpx:TrackPointExtension>
            <gpxtpx:hr>136</gpxtpx:hr>
          </gpxtpx:TrackPointExtension>
        </extensions>
      </trkpt>
      <trkpt lat="48.572550000" lon="2.530970000">
        <ele>40.400</ele>
        <time>2024-05-19T10:53:56Z</time>
        <extensions>
          <gpxtpx:TrackPointExtension>
            <gpxtpx:hr>136</gpxtpx:hr>
          </gpxtpx:TrackPointExtension>
        </extensions>
      </trkpt>
      <trkpt lat="48.572551000" lon="2.530960000">
        <ele>40.400</ele>
        <time>2024-05-19T10:53:57Z</time>
        <extensions>
          <gpxtpx:TrackPointExtension>
            <gpxtpx:hr>136</gpxtpx:hr>
          </gpxtpx:TrackPointExtension>
        </extensions>
      </trkpt>
      <trkpt lat="48.572541000" lon="2.530952000">
        <ele>40.500</ele>
        <time>2024-05-19T10:54:00Z</time>
        <extensions>
          <gpxtpx:TrackPointExtension>
            <gpxtpx:hr>136</gpxtpx:hr>
          </gpxtpx:TrackPointExtension>
        </extensions>
      </trkpt>
      <trkpt lat="48.572545000" lon="2.530945000">
        <ele>40.500</ele>
        <time>2024-05-19T10:54:02Z</time>
        <extensions>
          <gpxtpx:TrackPointExtension>
            <gpxtpx:hr>135</gpxtpx:hr>
          </gpxtpx:TrackPointExtension>
        </extensions>
      </trkpt>
      <trkpt lat="48.572566000" lon="2.530958000">
        <ele>40.400</ele>
        <time>2024-05-19T10:54:04Z</time>
        <extensions>
          <gpxtpx:TrackPointExtension>
            <gpxtpx:hr>135</gpxtpx:hr>
          </gpxtpx:TrackPointExtension>
        </extensions>
      </trkpt>
      <trkpt lat="48.572589000" lon="2.531038000">
        <ele>40.300</ele>
        <time>2024-05-19T10:54:06Z</time>
        <extensions>
          <gpxtpx:TrackPointExtension>
            <gpxtpx:hr>135</gpxtpx:hr>
          </gpxtpx:TrackPointExtension>
        </extensions>
      </trkpt>
      <trkpt lat="48.572601000" lon="2.531050000">
        <ele>40.300</ele>
        <time>2024-05-19T10:54:07Z</time>
        <extensions>
          <gpxtpx:TrackPointExtension>
            <gpxtpx:hr>135</gpxtpx:hr>
          </gpxtpx:TrackPointExtension>
        </extensions>
      </trkpt>
      <trkpt lat="48.572604000" lon="2.531070000">
        <ele>40.100</ele>
        <time>2024-05-19T10:54:08Z</time>
        <extensions>
          <gpxtpx:TrackPointExtension>
            <gpxtpx:hr>135</gpxtpx:hr>
          </gpxtpx:TrackPointExtension>
        </extensions>
      </trkpt>
      <trkpt lat="48.572637000" lon="2.530966000">
        <ele>40.100</ele>
        <time>2024-05-19T10:54:13Z</time>
        <extensions>
          <gpxtpx:TrackPointExtension>
            <gpxtpx:hr>135</gpxtpx:hr>
          </gpxtpx:TrackPointExtension>
        </extensions>
      </trkpt>
      <trkpt lat="48.572630000" lon="2.530973000">
        <ele>40.200</ele>
        <time>2024-05-19T10:54:15Z</time>
        <extensions>
          <gpxtpx:TrackPointExtension>
            <gpxtpx:hr>135</gpxtpx:hr>
          </gpxtpx:TrackPointExtension>
        </extensions>
      </trkpt>
      <trkpt lat="48.572629000" lon="2.530960000">
        <ele>40.200</ele>
        <time>2024-05-19T10:54:18Z</time>
        <extensions>
          <gpxtpx:TrackPointExtension>
            <gpxtpx:hr>135</gpxtpx:hr>
          </gpxtpx:TrackPointExtension>
        </extensions>
      </trkpt>
      <trkpt lat="48.572641000" lon="2.530973000">
        <ele>40.100</ele>
        <time>2024-05-19T10:54:20Z</time>
        <extensions>
          <gpxtpx:TrackPointExtension>
            <gpxtpx:hr>135</gpxtpx:hr>
          </gpxtpx:TrackPointExtension>
        </extensions>
      </trkpt>
      <trkpt lat="48.572632000" lon="2.530948000">
        <ele>40.100</ele>
        <time>2024-05-19T10:54:23Z</time>
        <extensions>
          <gpxtpx:TrackPointExtension>
            <gpxtpx:hr>132</gpxtpx:hr>
          </gpxtpx:TrackPointExtension>
        </extensions>
      </trkpt>
      <trkpt lat="48.572634000" lon="2.530964000">
        <ele>40.100</ele>
        <time>2024-05-19T10:54:24Z</time>
        <extensions>
          <gpxtpx:TrackPointExtension>
            <gpxtpx:hr>132</gpxtpx:hr>
          </gpxtpx:TrackPointExtension>
        </extensions>
      </trkpt>
      <trkpt lat="48.572599000" lon="2.530963000">
        <ele>40.300</ele>
        <time>2024-05-19T10:54:25Z</time>
        <extensions>
          <gpxtpx:TrackPointExtension>
            <gpxtpx:hr>132</gpxtpx:hr>
          </gpxtpx:TrackPointExtension>
        </extensions>
      </trkpt>
      <trkpt lat="48.572605000" lon="2.530970000">
        <ele>40.200</ele>
        <time>2024-05-19T10:54:26Z</time>
        <extensions>
          <gpxtpx:TrackPointExtension>
            <gpxtpx:hr>132</gpxtpx:hr>
          </gpxtpx:TrackPointExtension>
        </extensions>
      </trkpt>
      <trkpt lat="48.572601000" lon="2.531020000">
        <ele>40.300</ele>
        <time>2024-05-19T10:54:27Z</time>
        <extensions>
          <gpxtpx:TrackPointExtension>
            <gpxtpx:hr>137</gpxtpx:hr>
          </gpxtpx:TrackPointExtension>
        </extensions>
      </trkpt>
      <trkpt lat="48.572606000" lon="2.531008000">
        <ele>40.200</ele>
        <time>2024-05-19T10:54:28Z</time>
        <extensions>
          <gpxtpx:TrackPointExtension>
            <gpxtpx:hr>137</gpxtpx:hr>
          </gpxtpx:TrackPointExtension>
        </extensions>
      </trkpt>
      <trkpt lat="48.572630000" lon="2.531009000">
        <ele>40.200</ele>
        <time>2024-05-19T10:54:29Z</time>
        <extensions>
          <gpxtpx:TrackPointExtension>
            <gpxtpx:hr>137</gpxtpx:hr>
          </gpxtpx:TrackPointExtension>
        </extensions>
      </trkpt>
      <trkpt lat="48.572629000" lon="2.530970000">
        <ele>40.200</ele>
        <time>2024-05-19T10:54:30Z</time>
        <extensions>
          <gpxtpx:TrackPointExtension>
            <gpxtpx:hr>137</gpxtpx:hr>
          </gpxtpx:TrackPointExtension>
        </extensions>
      </trkpt>
      <trkpt lat="48.572661000" lon="2.530970000">
        <ele>40.000</ele>
        <time>2024-05-19T10:54:31Z</time>
        <extensions>
          <gpxtpx:TrackPointExtension>
            <gpxtpx:hr>137</gpxtpx:hr>
          </gpxtpx:TrackPointExtension>
        </extensions>
      </trkpt>
      <trkpt lat="48.572677000" lon="2.530957000">
        <ele>40.000</ele>
        <time>2024-05-19T10:54:32Z</time>
        <extensions>
          <gpxtpx:TrackPointExtension>
            <gpxtpx:hr>137</gpxtpx:hr>
          </gpxtpx:TrackPointExtension>
        </extensions>
      </trkpt>
      <trkpt lat="48.572664000" lon="2.530939000">
        <ele>40.000</ele>
        <time>2024-05-19T10:54:34Z</time>
        <extensions>
          <gpxtpx:TrackPointExtension>
            <gpxtpx:hr>137</gpxtpx:hr>
          </gpxtpx:TrackPointExtension>
        </extensions>
      </trkpt>
      <trkpt lat="48.572599000" lon="2.530960000">
        <ele>40.300</ele>
        <time>2024-05-19T10:54:38Z</time>
        <extensions>
          <gpxtpx:TrackPointExtension>
            <gpxtpx:hr>150</gpxtpx:hr>
          </gpxtpx:TrackPointExtension>
        </extensions>
      </trkpt>
      <trkpt lat="48.572597000" lon="2.530971000">
        <ele>40.300</ele>
        <time>2024-05-19T10:54:39Z</time>
        <extensions>
          <gpxtpx:TrackPointExtension>
            <gpxtpx:hr>150</gpxtpx:hr>
          </gpxtpx:TrackPointExtension>
        </extensions>
      </trkpt>
      <trkpt lat="48.572581000" lon="2.530976000">
        <ele>40.300</ele>
        <time>2024-05-19T10:54:41Z</time>
        <extensions>
          <gpxtpx:TrackPointExtension>
            <gpxtpx:hr>150</gpxtpx:hr>
          </gpxtpx:TrackPointExtension>
        </extensions>
      </trkpt>
      <trkpt lat="48.572572000" lon="2.530950000">
        <ele>40.400</ele>
        <time>2024-05-19T10:54:44Z</time>
        <extensions>
          <gpxtpx:TrackPointExtension>
            <gpxtpx:hr>150</gpxtpx:hr>
          </gpxtpx:TrackPointExtension>
        </extensions>
      </trkpt>
      <trkpt lat="48.572560000" lon="2.530947000">
        <ele>40.400</ele>
        <time>2024-05-19T10:54:46Z</time>
        <extensions>
          <gpxtpx:TrackPointExtension>
            <gpxtpx:hr>149</gpxtpx:hr>
          </gpxtpx:TrackPointExtension>
        </extensions>
      </trkpt>
      <trkpt lat="48.572562000" lon="2.530959000">
        <ele>40.400</ele>
        <time>2024-05-19T10:54:47Z</time>
        <extensions>
          <gpxtpx:TrackPointExtension>
            <gpxtpx:hr>149</gpxtpx:hr>
          </gpxtpx:TrackPointExtension>
        </extensions>
      </trkpt>
      <trkpt lat="48.572526000" lon="2.530944000">
        <ele>40.500</ele>
        <time>2024-05-19T10:54:57Z</time>
        <extensions>
          <gpxtpx:TrackPointExtension>
            <gpxtpx:hr>149</gpxtpx:hr>
          </gpxtpx:TrackPointExtension>
        </extensions>
      </trkpt>
      <trkpt lat="48.572537000" lon="2.530945000">
        <ele>40.500</ele>
        <time>2024-05-19T10:54:59Z</time>
        <extensions>
          <gpxtpx:TrackPointExtension>
            <gpxtpx:hr>149</gpxtpx:hr>
          </gpxtpx:TrackPointExtension>
        </extensions>
      </trkpt>
      <trkpt lat="48.572532000" lon="2.530960000">
        <ele>40.500</ele>
        <time>2024-05-19T10:55:01Z</time>
        <extensions>
          <gpxtpx:TrackPointExtension>
            <gpxtpx:hr>148</gpxtpx:hr>
          </gpxtpx:TrackPointExtension>
        </extensions>
      </trkpt>
      <trkpt lat="48.572548000" lon="2.531022000">
        <ele>40.400</ele>
        <time>2024-05-19T10:55:03Z</time>
        <extensions>
          <gpxtpx:TrackPointExtension>
            <gpxtpx:hr>148</gpxtpx:hr>
          </gpxtpx:TrackPointExtension>
        </extensions>
      </trkpt>
      <trkpt lat="48.572578000" lon="2.531070000">
        <ele>40.300</ele>
        <time>2024-05-19T10:55:06Z</time>
        <extensions>
          <gpxtpx:TrackPointExtension>
            <gpxtpx:hr>148</gpxtpx:hr>
          </gpxtpx:TrackPointExtension>
        </extensions>
      </trkpt>
      <trkpt lat="48.572548000" lon="2.531090000">
        <ele>40.400</ele>
        <time>2024-05-19T10:55:08Z</time>
        <extensions>
          <gpxtpx:TrackPointExtension>
            <gpxtpx:hr>148</gpxtpx:hr>
          </gpxtpx:TrackPointExtension>
        </extensions>
      </trkpt>
      <trkpt lat="48.572505000" lon="2.531087000">
        <ele>40.600</ele>
        <time>2024-05-19T10:55:12Z</time>
        <extensions>
          <gpxtpx:TrackPointExtension>
            <gpxtpx:hr>146</gpxtpx:hr>
          </gpxtpx:TrackPointExtension>
        </extensions>
      </trkpt>
      <trkpt lat="48.572482000" lon="2.531104000">
        <ele>40.700</ele>
        <time>2024-05-19T10:55:14Z</time>
        <extensions>
          <gpxtpx:TrackPointExtension>
            <gpxtpx:hr>143</gpxtpx:hr>
          </gpxtpx:TrackPointExtension>
        </extensions>
      </trkpt>
      <trkpt lat="48.572433000" lon="2.531094000">
        <ele>41.000</ele>
        <time>2024-05-19T10:55:18Z</time>
        <extensions>
          <gpxtpx:TrackPointExtension>
            <gpxtpx:hr>143</gpxtpx:hr>
          </gpxtpx:TrackPointExtension>
        </extensions>
      </trkpt>
      <trkpt lat="48.572452000" lon="2.531093000">
        <ele>40.900</ele>
        <time>2024-05-19T10:55:23Z</time>
        <extensions>
          <gpxtpx:TrackPointExtension>
            <gpxtpx:hr>141</gpxtpx:hr>
          </gpxtpx:TrackPointExtension>
        </extensions>
      </trkpt>
      <trkpt lat="48.572453000" lon="2.531078000">
        <ele>40.900</ele>
        <time>2024-05-19T10:55:27Z</time>
        <extensions>
          <gpxtpx:TrackPointExtension>
            <gpxtpx:hr>140</gpxtpx:hr>
          </gpxtpx:TrackPointExtension>
        </extensions>
      </trkpt>
      <trkpt lat="48.572466000" lon="2.531092000">
        <ele>40.700</ele>
        <time>2024-05-19T10:55:30Z</time>
        <extensions>
          <gpxtpx:TrackPointExtension>
            <gpxtpx:hr>140</gpxtpx:hr>
          </gpxtpx:TrackPointExtension>
        </extensions>
      </trkpt>
      <trkpt lat="48.572462000" lon="2.531101000">
        <ele>40.700</ele>
        <time>2024-05-19T10:55:33Z</time>
        <extensions>
          <gpxtpx:TrackPointExtension>
            <gpxtpx:hr>140</gpxtpx:hr>
          </gpxtpx:TrackPointExtension>
        </extensions>
      </trkpt>
      <trkpt lat="48.572467000" lon="2.531097000">
        <ele>40.700</ele>
        <time>2024-05-19T10:55:35Z</time>
        <extensions>
          <gpxtpx:TrackPointExtension>
            <gpxtpx:hr>143</gpxtpx:hr>
          </gpxtpx:TrackPointExtension>
        </extensions>
      </trkpt>
      <trkpt lat="48.572484000" lon="2.531123000">
        <ele>40.700</ele>
        <time>2024-05-19T10:55:40Z</time>
        <extensions>
          <gpxtpx:TrackPointExtension>
            <gpxtpx:hr>144</gpxtpx:hr>
          </gpxtpx:TrackPointExtension>
        </extensions>
      </trkpt>
      <trkpt lat="48.572488000" lon="2.531145000">
        <ele>40.700</ele>
        <time>2024-05-19T10:55:43Z</time>
        <extensions>
          <gpxtpx:TrackPointExtension>
            <gpxtpx:hr>143</gpxtpx:hr>
          </gpxtpx:TrackPointExtension>
        </extensions>
      </trkpt>
      <trkpt lat="48.572462000" lon="2.531128000">
        <ele>40.700</ele>
        <time>2024-05-19T10:55:45Z</time>
        <extensions>
          <gpxtpx:TrackPointExtension>
            <gpxtpx:hr>143</gpxtpx:hr>
          </gpxtpx:TrackPointExtension>
        </extensions>
      </trkpt>
      <trkpt lat="48.572406000" lon="2.531051000">
        <ele>41.000</ele>
        <time>2024-05-19T10:55:51Z</time>
        <extensions>
          <gpxtpx:TrackPointExtension>
            <gpxtpx:hr>143</gpxtpx:hr>
          </gpxtpx:TrackPointExtension>
        </extensions>
      </trkpt>
      <trkpt lat="48.572396000" lon="2.531021000">
        <ele>41.100</ele>
        <time>2024-05-19T10:55:53Z</time>
        <extensions>
          <gpxtpx:TrackPointExtension>
            <gpxtpx:hr>142</gpxtpx:hr>
          </gpxtpx:TrackPointExtension>
        </extensions>
      </trkpt>
      <trkpt lat="48.572379000" lon="2.531013000">
        <ele>41.200</ele>
        <time>2024-05-19T10:55:55Z</time>
        <extensions>
          <gpxtpx:TrackPointExtension>
            <gpxtpx:hr>142</gpxtpx:hr>
          </gpxtpx:TrackPointExtension>
        </extensions>
      </trkpt>
      <trkpt lat="48.572370000" lon="2.530995000">
        <ele>41.300</ele>
        <time>2024-05-19T10:55:57Z</time>
        <extensions>
          <gpxtpx:TrackPointExtension>
            <gpxtpx:hr>142</gpxtpx:hr>
          </gpxtpx:TrackPointExtension>
        </extensions>
      </trkpt>
      <trkpt lat="48.572381000" lon="2.531012000">
        <ele>41.200</ele>
        <time>2024-05-19T10:56:00Z</time>
        <extensions>
          <gpxtpx:TrackPointExtension>
            <gpxtpx:hr>140</gpxtpx:hr>
          </gpxtpx:TrackPointExtension>
        </extensions>
      </trkpt>
      <trkpt lat="48.572400000" lon="2.531083000">
        <ele>41.100</ele>
        <time>2024-05-19T10:56:04Z</time>
        <extensions>
          <gpxtpx:TrackPointExtension>
            <gpxtpx:hr>140</gpxtpx:hr>
          </gpxtpx:TrackPointExtension>
        </extensions>
      </trkpt>
      <trkpt lat="48.572388000" lon="2.531079000">
        <ele>41.100</ele>
        <time>2024-05-19T10:56:06Z</time>
        <extensions>
          <gpxtpx:TrackPointExtension>
            <gpxtpx:hr>140</gpxtpx:hr>
          </gpxtpx:TrackPointExtension>
        </extensions>
      </trkpt>
      <trkpt lat="48.572394000" lon="2.531092000">
        <ele>41.100</ele>
        <time>2024-05-19T10:56:09Z</time>
        <extensions>
          <gpxtpx:TrackPointExtension>
            <gpxtpx:hr>140</gpxtpx:hr>
          </gpxtpx:TrackPointExtension>
        </extensions>
      </trkpt>
      <trkpt lat="48.572366000" lon="2.531084000">
        <ele>41.300</ele>
        <time>2024-05-19T10:56:11Z</time>
        <extensions>
          <gpxtpx:TrackPointExtension>
            <gpxtpx:hr>140</gpxtpx:hr>
          </gpxtpx:TrackPointExtension>
        </extensions>
      </trkpt>
      <trkpt lat="48.572368000" lon="2.531095000">
        <ele>41.300</ele>
        <time>2024-05-19T10:56:12Z</time>
        <extensions>
          <gpxtpx:TrackPointExtension>
            <gpxtpx:hr>138</gpxtpx:hr>
          </gpxtpx:TrackPointExtension>
        </extensions>
      </trkpt>
      <trkpt lat="48.572405000" lon="2.531054000">
        <ele>41.000</ele>
        <time>2024-05-19T10:56:15Z</time>
        <extensions>
          <gpxtpx:TrackPointExtension>
            <gpxtpx:hr>138</gpxtpx:hr>
          </gpxtpx:TrackPointExtension>
        </extensions>
      </trkpt>
      <trkpt lat="48.572397000" lon="2.531081000">
        <ele>41.100</ele>
        <time>2024-05-19T10:56:16Z</time>
        <extensions>
          <gpxtpx:TrackPointExtension>
            <gpxtpx:hr>138</gpxtpx:hr>
          </gpxtpx:TrackPointExtension>
        </extensions>
      </trkpt>
      <trkpt lat="48.572395000" lon="2.531068000">
        <ele>41.100</ele>
        <time>2024-05-19T10:56:17Z</time>
        <extensions>
          <gpxtpx:TrackPointExtension>
            <gpxtpx:hr>138</gpxtpx:hr>
          </gpxtpx:TrackPointExtension>
        </extensions>
      </trkpt>
      <trkpt lat="48.572404000" lon="2.531079000">
        <ele>41.100</ele>
        <time>2024-05-19T10:56:18Z</time>
        <extensions>
          <gpxtpx:TrackPointExtension>
            <gpxtpx:hr>138</gpxtpx:hr>
          </gpxtpx:TrackPointExtension>
        </extensions>
      </trkpt>
      <trkpt lat="48.572410000" lon="2.531067000">
        <ele>41.000</ele>
        <time>2024-05-19T10:56:19Z</time>
        <extensions>
          <gpxtpx:TrackPointExtension>
            <gpxtpx:hr>138</gpxtpx:hr>
          </gpxtpx:TrackPointExtension>
        </extensions>
      </trkpt>
      <trkpt lat="48.572392000" lon="2.531064000">
        <ele>41.100</ele>
        <time>2024-05-19T10:56:21Z</time>
        <extensions>
          <gpxtpx:TrackPointExtension>
            <gpxtpx:hr>141</gpxtpx:hr>
          </gpxtpx:TrackPointExtension>
        </extensions>
      </trkpt>
      <trkpt lat="48.572404000" lon="2.531059000">
        <ele>41.100</ele>
        <time>2024-05-19T10:56:23Z</time>
        <extensions>
          <gpxtpx:TrackPointExtension>
            <gpxtpx:hr>141</gpxtpx:hr>
          </gpxtpx:TrackPointExtension>
        </extensions>
      </trkpt>
      <trkpt lat="48.572409000" lon="2.531070000">
        <ele>41.000</ele>
        <time>2024-05-19T10:56:24Z</time>
        <extensions>
          <gpxtpx:TrackPointExtension>
            <gpxtpx:hr>141</gpxtpx:hr>
          </gpxtpx:TrackPointExtension>
        </extensions>
      </trkpt>
      <trkpt lat="48.572422000" lon="2.531056000">
        <ele>41.000</ele>
        <time>2024-05-19T10:56:25Z</time>
        <extensions>
          <gpxtpx:TrackPointExtension>
            <gpxtpx:hr>141</gpxtpx:hr>
          </gpxtpx:TrackPointExtension>
        </extensions>
      </trkpt>
      <trkpt lat="48.572426000" lon="2.530981000">
        <ele>41.000</ele>
        <time>2024-05-19T10:56:30Z</time>
        <extensions>
          <gpxtpx:TrackPointExtension>
            <gpxtpx:hr>141</gpxtpx:hr>
          </gpxtpx:TrackPointExtension>
        </extensions>
      </trkpt>
      <trkpt lat="48.572434000" lon="2.530990000">
        <ele>40.900</ele>
        <time>2024-05-19T10:56:32Z</time>
        <extensions>
          <gpxtpx:TrackPointExtension>
            <gpxtpx:hr>145</gpxtpx:hr>
          </gpxtpx:TrackPointExtension>
        </extensions>
      </trkpt>
      <trkpt lat="48.572416000" lon="2.530977000">
        <ele>41.000</ele>
        <time>2024-05-19T10:56:34Z</time>
        <extensions>
          <gpxtpx:TrackPointExtension>
            <gpxtpx:hr>145</gpxtpx:hr>
          </gpxtpx:TrackPointExtension>
        </extensions>
      </trkpt>
      <trkpt lat="48.572397000" lon="2.531006000">
        <ele>41.200</ele>
        <time>2024-05-19T10:56:39Z</time>
        <extensions>
          <gpxtpx:TrackPointExtension>
            <gpxtpx:hr>143</gpxtpx:hr>
          </gpxtpx:TrackPointExtension>
        </extensions>
      </trkpt>
      <trkpt lat="48.572422000" lon="2.531023000">
        <ele>41.000</ele>
        <time>2024-05-19T10:56:41Z</time>
        <extensions>
          <gpxtpx:TrackPointExtension>
            <gpxtpx:hr>143</gpxtpx:hr>
          </gpxtpx:TrackPointExtension>
        </extensions>
      </trkpt>
      <trkpt lat="48.572457000" lon="2.530994000">
        <ele>40.900</ele>
        <time>2024-05-19T10:56:42Z</time>
        <extensions>
          <gpxtpx:TrackPointExtension>
            <gpxtpx:hr>143</gpxtpx:hr>
          </gpxtpx:TrackPointExtension>
        </extensions>
      </trkpt>
      <trkpt lat="48.572411000" lon="2.530952000">
        <ele>41.100</ele>
        <time>2024-05-19T10:56:43Z</time>
        <extensions>
          <gpxtpx:TrackPointExtension>
            <gpxtpx:hr>142</gpxtpx:hr>
          </gpxtpx:TrackPointExtension>
        </extensions>
      </trkpt>
      <trkpt lat="48.572219000" lon="2.530959000">
        <ele>42.200</ele>
        <time>2024-05-19T10:56:46Z</time>
        <extensions>
          <gpxtpx:TrackPointExtension>
            <gpxtpx:hr>142</gpxtpx:hr>
          </gpxtpx:TrackPointExtension>
        </extensions>
      </trkpt>
      <trkpt lat="48.572447000" lon="2.531037000">
        <ele>40.900</ele>
        <time>2024-05-19T10:56:48Z</time>
        <extensions>
          <gpxtpx:TrackPointExtension>
            <gpxtpx:hr>142</gpxtpx:hr>
          </gpxtpx:TrackPointExtension>
        </extensions>
      </trkpt>
      <trkpt lat="48.572430000" lon="2.531029000">
        <ele>41.000</ele>
        <time>2024-05-19T10:56:49Z</time>
        <extensions>
          <gpxtpx:TrackPointExtension>
            <gpxtpx:hr>146</gpxtpx:hr>
          </gpxtpx:TrackPointExtension>
        </extensions>
      </trkpt>
      <trkpt lat="48.572428000" lon="2.531000000">
        <ele>41.000</ele>
        <time>2024-05-19T10:56:50Z</time>
        <extensions>
          <gpxtpx:TrackPointExtension>
            <gpxtpx:hr>146</gpxtpx:hr>
          </gpxtpx:TrackPointExtension>
        </extensions>
      </trkpt>
      <trkpt lat="48.572404000" lon="2.530975000">
        <ele>41.200</ele>
        <time>2024-05-19T10:56:59Z</time>
        <extensions>
          <gpxtpx:TrackPointExtension>
            <gpxtpx:hr>146</gpxtpx:hr>
          </gpxtpx:TrackPointExtension>
        </extensions>
      </trkpt>
      <trkpt lat="48.572384000" lon="2.530984000">
        <ele>41.200</ele>
        <time>2024-05-19T10:57:00Z</time>
        <extensions>
          <gpxtpx:TrackPointExtension>
            <gpxtpx:hr>144</gpxtpx:hr>
          </gpxtpx:TrackPointExtension>
        </extensions>
      </trkpt>
      <trkpt lat="48.572402000" lon="2.530994000">
        <ele>41.200</ele>
        <time>2024-05-19T10:57:01Z</time>
        <extensions>
          <gpxtpx:TrackPointExtension>
            <gpxtpx:hr>144</gpxtpx:hr>
          </gpxtpx:TrackPointExtension>
        </extensions>
      </trkpt>
      <trkpt lat="48.572418000" lon="2.530981000">
        <ele>41.000</ele>
        <time>2024-05-19T10:57:02Z</time>
        <extensions>
          <gpxtpx:TrackPointExtension>
            <gpxtpx:hr>144</gpxtpx:hr>
          </gpxtpx:TrackPointExtension>
        </extensions>
      </trkpt>
      <trkpt lat="48.572413000" lon="2.530942000">
        <ele>41.100</ele>
        <time>2024-05-19T10:57:04Z</time>
        <extensions>
          <gpxtpx:TrackPointExtension>
            <gpxtpx:hr>144</gpxtpx:hr>
          </gpxtpx:TrackPointExtension>
        </extensions>
      </trkpt>
      <trkpt lat="48.572402000" lon="2.531034000">
        <ele>41.100</ele>
        <time>2024-05-19T10:57:07Z</time>
        <extensions>
          <gpxtpx:TrackPointExtension>
            <gpxtpx:hr>144</gpxtpx:hr>
          </gpxtpx:TrackPointExtension>
        </extensions>
      </trkpt>
      <trkpt lat="48.572424000" lon="2.531077000">
        <ele>41.000</ele>
        <time>2024-05-19T10:57:10Z</time>
        <extensions>
          <gpxtpx:TrackPointExtension>
            <gpxtpx:hr>144</gpxtpx:hr>
          </gpxtpx:TrackPointExtension>
        </extensions>
      </trkpt>
      <trkpt lat="48.572421000" lon="2.531103000">
        <ele>41.000</ele>
        <time>2024-05-19T10:57:12Z</time>
        <extensions>
          <gpxtpx:TrackPointExtension>
            <gpxtpx:hr>153</gpxtpx:hr>
          </gpxtpx:TrackPointExtension>
        </extensions>
      </trkpt>
      <trkpt lat="48.572396000" lon="2.531074000">
        <ele>41.100</ele>
        <time>2024-05-19T10:57:14Z</time>
        <extensions>
          <gpxtpx:TrackPointExtension>
            <gpxtpx:hr>153</gpxtpx:hr>
          </gpxtpx:TrackPointExtension>
        </extensions>
      </trkpt>
      <trkpt lat="48.572380000" lon="2.531083000">
        <ele>41.100</ele>
        <time>2024-05-19T10:57:15Z</time>
        <extensions>
          <gpxtpx:TrackPointExtension>
            <gpxtpx:hr>153</gpxtpx:hr>
          </gpxtpx:TrackPointExtension>
        </extensions>
      </trkpt>
      <trkpt lat="48.572363000" lon="2.531068000">
        <ele>41.300</ele>
        <time>2024-05-19T10:57:17Z</time>
        <extensions>
          <gpxtpx:TrackPointExtension>
            <gpxtpx:hr>153</gpxtpx:hr>
          </gpxtpx:TrackPointExtension>
        </extensions>
      </trkpt>
      <trkpt lat="48.572364000" lon="2.531079000">
        <ele>41.300</ele>
        <time>2024-05-19T10:57:19Z</time>
        <extensions>
          <gpxtpx:TrackPointExtension>
            <gpxtpx:hr>153</gpxtpx:hr>
          </gpxtpx:TrackPointExtension>
        </extensions>
      </trkpt>
      <trkpt lat="48.572401000" lon="2.531096000">
        <ele>41.100</ele>
        <time>2024-05-19T10:57:23Z</time>
        <extensions>
          <gpxtpx:TrackPointExtension>
            <gpxtpx:hr>151</gpxtpx:hr>
          </gpxtpx:TrackPointExtension>
        </extensions>
      </trkpt>
      <trkpt lat="48.572419000" lon="2.531085000">
        <ele>41.000</ele>
        <time>2024-05-19T10:57:25Z</time>
        <extensions>
          <gpxtpx:TrackPointExtension>
            <gpxtpx:hr>151</gpxtpx:hr>
          </gpxtpx:TrackPointExtension>
        </extensions>
      </trkpt>
      <trkpt lat="48.572404000" lon="2.531080000">
        <ele>41.100</ele>
        <time>2024-05-19T10:57:28Z</time>
        <extensions>
          <gpxtpx:TrackPointExtension>
            <gpxtpx:hr>149</gpxtpx:hr>
          </gpxtpx:TrackPointExtension>
        </extensions>
      </trkpt>
      <trkpt lat="48.572400000" lon="2.531097000">
        <ele>41.100</ele>
        <time>2024-05-19T10:57:30Z</time>
        <extensions>
          <gpxtpx:TrackPointExtension>
            <gpxtpx:hr>149</gpxtpx:hr>
          </gpxtpx:TrackPointExtension>
        </extensions>
      </trkpt>
      <trkpt lat="48.572392000" lon="2.531098000">
        <ele>41.100</ele>
        <time>2024-05-19T10:57:31Z</time>
        <extensions>
          <gpxtpx:TrackPointExtension>
            <gpxtpx:hr>147</gpxtpx:hr>
          </gpxtpx:TrackPointExtension>
        </extensions>
      </trkpt>
      <trkpt lat="48.572409000" lon="2.531096000">
        <ele>41.000</ele>
        <time>2024-05-19T10:57:34Z</time>
        <extensions>
          <gpxtpx:TrackPointExtension>
            <gpxtpx:hr>147</gpxtpx:hr>
          </gpxtpx:TrackPointExtension>
        </extensions>
      </trkpt>
      <trkpt lat="48.572331000" lon="2.531116000">
        <ele>41.400</ele>
        <time>2024-05-19T10:57:36Z</time>
        <extensions>
          <gpxtpx:TrackPointExtension>
            <gpxtpx:hr>147</gpxtpx:hr>
          </gpxtpx:TrackPointExtension>
        </extensions>
      </trkpt>
      <trkpt lat="48.572281000" lon="2.531177000">
        <ele>41.700</ele>
        <time>2024-05-19T10:57:37Z</time>
        <extensions>
          <gpxtpx:TrackPointExtension>
            <gpxtpx:hr>147</gpxtpx:hr>
          </gpxtpx:TrackPointExtension>
        </extensions>
      </trkpt>
      <trkpt lat="48.572260000" lon="2.531244000">
        <ele>41.900</ele>
        <time>2024-05-19T10:57:38Z</time>
        <extensions>
          <gpxtpx:TrackPointExtension>
            <gpxtpx:hr>149</gpxtpx:hr>
          </gpxtpx:TrackPointExtension>
        </extensions>
      </trkpt>
      <trkpt lat="48.572197000" lon="2.531327000">
        <ele>42.400</ele>
        <time>2024-05-19T10:57:39Z</time>
        <extensions>
          <gpxtpx:TrackPointExtension>
            <gpxtpx:hr>149</gpxtpx:hr>
          </gpxtpx:TrackPointExtension>
        </extensions>
      </trkpt>
      <trkpt lat="48.572402000" lon="2.531108000">
        <ele>41.100</ele>
        <time>2024-05-19T10:57:41Z</time>
        <extensions>
          <gpxtpx:TrackPointExtension>
            <gpxtpx:hr>149</gpxtpx:hr>
          </gpxtpx:TrackPointExtension>
        </extensions>
      </trkpt>
      <trkpt lat="48.572391000" lon="2.531095000">
        <ele>41.100</ele>
        <time>2024-05-19T10:57:42Z</time>
        <extensions>
          <gpxtpx:TrackPointExtension>
            <gpxtpx:hr>150</gpxtpx:hr>
          </gpxtpx:TrackPointExtension>
        </extensions>
      </trkpt>
      <trkpt lat="48.572413000" lon="2.530967000">
        <ele>41.100</ele>
        <time>2024-05-19T10:57:48Z</time>
        <extensions>
          <gpxtpx:TrackPointExtension>
            <gpxtpx:hr>150</gpxtpx:hr>
          </gpxtpx:TrackPointExtension>
        </extensions>
      </trkpt>
      <trkpt lat="48.572383000" lon="2.530993000">
        <ele>41.200</ele>
        <time>2024-05-19T10:57:52Z</time>
        <extensions>
          <gpxtpx:TrackPointExtension>
            <gpxtpx:hr>150</gpxtpx:hr>
          </gpxtpx:TrackPointExtension>
        </extensions>
      </trkpt>
      <trkpt lat="48.572388000" lon="2.531021000">
        <ele>41.200</ele>
        <time>2024-05-19T10:57:54Z</time>
        <extensions>
          <gpxtpx:TrackPointExtension>
            <gpxtpx:hr>150</gpxtpx:hr>
          </gpxtpx:TrackPointExtension>
        </extensions>
      </trkpt>
      <trkpt lat="48.572391000" lon="2.530995000">
        <ele>41.200</ele>
        <time>2024-05-19T10:57:56Z</time>
        <extensions>
          <gpxtpx:TrackPointExtension>
            <gpxtpx:hr>149</gpxtpx:hr>
          </gpxtpx:TrackPointExtension>
        </extensions>
      </trkpt>
      <trkpt lat="48.572396000" lon="2.531031000">
        <ele>41.200</ele>
        <time>2024-05-19T10:57:58Z</time>
        <extensions>
          <gpxtpx:TrackPointExtension>
            <gpxtpx:hr>149</gpxtpx:hr>
          </gpxtpx:TrackPointExtension>
        </extensions>
      </trkpt>
      <trkpt lat="48.572388000" lon="2.531035000">
        <ele>41.200</ele>
        <time>2024-05-19T10:57:59Z</time>
        <extensions>
          <gpxtpx:TrackPointExtension>
            <gpxtpx:hr>149</gpxtpx:hr>
          </gpxtpx:TrackPointExtension>
        </extensions>
      </trkpt>
      <trkpt lat="48.572379000" lon="2.531019000">
        <ele>41.200</ele>
        <time>2024-05-19T10:58:00Z</time>
        <extensions>
          <gpxtpx:TrackPointExtension>
            <gpxtpx:hr>149</gpxtpx:hr>
          </gpxtpx:TrackPointExtension>
        </extensions>
      </trkpt>
      <trkpt lat="48.572364000" lon="2.531042000">
        <ele>41.300</ele>
        <time>2024-05-19T10:58:01Z</time>
        <extensions>
          <gpxtpx:TrackPointExtension>
            <gpxtpx:hr>149</gpxtpx:hr>
          </gpxtpx:TrackPointExtension>
        </extensions>
      </trkpt>
      <trkpt lat="48.572366000" lon="2.531034000">
        <ele>41.300</ele>
        <time>2024-05-19T10:58:02Z</time>
        <extensions>
          <gpxtpx:TrackPointExtension>
            <gpxtpx:hr>149</gpxtpx:hr>
          </gpxtpx:TrackPointExtension>
        </extensions>
      </trkpt>
      <trkpt lat="48.572368000" lon="2.531045000">
        <ele>41.300</ele>
        <time>2024-05-19T10:58:04Z</time>
        <extensions>
          <gpxtpx:TrackPointExtension>
            <gpxtpx:hr>149</gpxtpx:hr>
          </gpxtpx:TrackPointExtension>
        </extensions>
      </trkpt>
      <trkpt lat="48.572381000" lon="2.531045000">
        <ele>41.200</ele>
        <time>2024-05-19T10:58:05Z</time>
        <extensions>
          <gpxtpx:TrackPointExtension>
            <gpxtpx:hr>149</gpxtpx:hr>
          </gpxtpx:TrackPointExtension>
        </extensions>
      </trkpt>
      <trkpt lat="48.572402000" lon="2.531071000">
        <ele>41.100</ele>
        <time>2024-05-19T10:58:07Z</time>
        <extensions>
          <gpxtpx:TrackPointExtension>
            <gpxtpx:hr>151</gpxtpx:hr>
          </gpxtpx:TrackPointExtension>
        </extensions>
      </trkpt>
      <trkpt lat="48.572418000" lon="2.531117000">
        <ele>41.000</ele>
        <time>2024-05-19T10:58:09Z</time>
        <extensions>
          <gpxtpx:TrackPointExtension>
            <gpxtpx:hr>151</gpxtpx:hr>
          </gpxtpx:TrackPointExtension>
        </extensions>
      </trkpt>
      <trkpt lat="48.572395000" lon="2.531117000">
        <ele>41.100</ele>
        <time>2024-05-19T10:58:24Z</time>
        <extensions>
          <gpxtpx:TrackPointExtension>
            <gpxtpx:hr>149</gpxtpx:hr>
          </gpxtpx:TrackPointExtension>
        </extensions>
      </trkpt>
      <trkpt lat="48.572450000" lon="2.531124000">
        <ele>40.900</ele>
        <time>2024-05-19T10:58:26Z</time>
        <extensions>
          <gpxtpx:TrackPointExtension>
            <gpxtpx:hr>149</gpxtpx:hr>
          </gpxtpx:TrackPointExtension>
        </extensions>
      </trkpt>
      <trkpt lat="48.572414000" lon="2.531085000">
        <ele>41.000</ele>
        <time>2024-05-19T10:58:27Z</time>
        <extensions>
          <gpxtpx:TrackPointExtension>
            <gpxtpx:hr>149</gpxtpx:hr>
          </gpxtpx:TrackPointExtension>
        </extensions>
      </trkpt>
      <trkpt lat="48.572390000" lon="2.531081000">
        <ele>41.100</ele>
        <time>2024-05-19T10:58:29Z</time>
        <extensions>
          <gpxtpx:TrackPointExtension>
            <gpxtpx:hr>149</gpxtpx:hr>
          </gpxtpx:TrackPointExtension>
        </extensions>
      </trkpt>
      <trkpt lat="48.572405000" lon="2.531105000">
        <ele>41.000</ele>
        <time>2024-05-19T10:58:31Z</time>
        <extensions>
          <gpxtpx:TrackPointExtension>
            <gpxtpx:hr>149</gpxtpx:hr>
          </gpxtpx:TrackPointExtension>
        </extensions>
      </trkpt>
      <trkpt lat="48.572390000" lon="2.531091000">
        <ele>41.100</ele>
        <time>2024-05-19T10:58:32Z</time>
        <extensions>
          <gpxtpx:TrackPointExtension>
            <gpxtpx:hr>149</gpxtpx:hr>
          </gpxtpx:TrackPointExtension>
        </extensions>
      </trkpt>
      <trkpt lat="48.572431000" lon="2.531055000">
        <ele>41.000</ele>
        <time>2024-05-19T10:58:35Z</time>
        <extensions>
          <gpxtpx:TrackPointExtension>
            <gpxtpx:hr>149</gpxtpx:hr>
          </gpxtpx:TrackPointExtension>
        </extensions>
      </trkpt>
      <trkpt lat="48.572467000" lon="2.531058000">
        <ele>40.800</ele>
        <time>2024-05-19T10:58:36Z</time>
        <extensions>
          <gpxtpx:TrackPointExtension>
            <gpxtpx:hr>149</gpxtpx:hr>
          </gpxtpx:TrackPointExtension>
        </extensions>
      </trkpt>
      <trkpt lat="48.572495000" lon="2.531048000">
        <ele>40.700</ele>
        <time>2024-05-19T10:58:37Z</time>
        <extensions>
          <gpxtpx:TrackPointExtension>
            <gpxtpx:hr>148</gpxtpx:hr>
          </gpxtpx:TrackPointExtension>
        </extensions>
      </trkpt>
      <trkpt lat="48.572496000" lon="2.531010000">
        <ele>40.700</ele>
        <time>2024-05-19T10:58:38Z</time>
        <extensions>
          <gpxtpx:TrackPointExtension>
            <gpxtpx:hr>148</gpxtpx:hr>
          </gpxtpx:TrackPointExtension>
        </extensions>
      </trkpt>
      <trkpt lat="48.572417000" lon="2.531053000">
        <ele>41.000</ele>
        <time>2024-05-19T10:58:44Z</time>
        <extensions>
          <gpxtpx:TrackPointExtension>
            <gpxtpx:hr>148</gpxtpx:hr>
          </gpxtpx:TrackPointExtension>
        </extensions>
      </trkpt>
      <trkpt lat="48.572392000" lon="2.531017000">
        <ele>41.200</ele>
        <time>2024-05-19T10:58:46Z</time>
        <extensions>
          <gpxtpx:TrackPointExtension>
            <gpxtpx:hr>153</gpxtpx:hr>
          </gpxtpx:TrackPointExtension>
        </extensions>
      </trkpt>
      <trkpt lat="48.572399000" lon="2.531015000">
        <ele>41.200</ele>
        <time>2024-05-19T10:58:47Z</time>
        <extensions>
          <gpxtpx:TrackPointExtension>
            <gpxtpx:hr>153</gpxtpx:hr>
          </gpxtpx:TrackPointExtension>
        </extensions>
      </trkpt>
      <trkpt lat="48.572423000" lon="2.531057000">
        <ele>41.000</ele>
        <time>2024-05-19T10:58:49Z</time>
        <extensions>
          <gpxtpx:TrackPointExtension>
            <gpxtpx:hr>153</gpxtpx:hr>
          </gpxtpx:TrackPointExtension>
        </extensions>
      </trkpt>
      <trkpt lat="48.572426000" lon="2.531050000">
        <ele>41.000</ele>
        <time>2024-05-19T10:58:50Z</time>
        <extensions>
          <gpxtpx:TrackPointExtension>
            <gpxtpx:hr>153</gpxtpx:hr>
          </gpxtpx:TrackPointExtension>
        </extensions>
      </trkpt>
      <trkpt lat="48.572389000" lon="2.531006000">
        <ele>41.200</ele>
        <time>2024-05-19T10:58:53Z</time>
        <extensions>
          <gpxtpx:TrackPointExtension>
            <gpxtpx:hr>155</gpxtpx:hr>
          </gpxtpx:TrackPointExtension>
        </extensions>
      </trkpt>
      <trkpt lat="48.572386000" lon="2.530987000">
        <ele>41.200</ele>
        <time>2024-05-19T10:58:55Z</time>
        <extensions>
          <gpxtpx:TrackPointExtension>
            <gpxtpx:hr>155</gpxtpx:hr>
          </gpxtpx:TrackPointExtension>
        </extensions>
      </trkpt>
      <trkpt lat="48.572415000" lon="2.531049000">
        <ele>41.000</ele>
        <time>2024-05-19T10:59:00Z</time>
        <extensions>
          <gpxtpx:TrackPointExtension>
            <gpxtpx:hr>155</gpxtpx:hr>
          </gpxtpx:TrackPointExtension>
        </extensions>
      </trkpt>
      <trkpt lat="48.572410000" lon="2.531081000">
        <ele>41.000</ele>
        <time>2024-05-19T10:59:05Z</time>
        <extensions>
          <gpxtpx:TrackPointExtension>
            <gpxtpx:hr>152</gpxtpx:hr>
          </gpxtpx:TrackPointExtension>
        </extensions>
      </trkpt>
      <trkpt lat="48.572415000" lon="2.531071000">
        <ele>41.000</ele>
        <time>2024-05-19T10:59:07Z</time>
        <extensions>
          <gpxtpx:TrackPointExtension>
            <gpxtpx:hr>152</gpxtpx:hr>
          </gpxtpx:TrackPointExtension>
        </extensions>
      </trkpt>
      <trkpt lat="48.572408000" lon="2.531072000">
        <ele>41.000</ele>
        <time>2024-05-19T10:59:09Z</time>
        <extensions>
          <gpxtpx:TrackPointExtension>
            <gpxtpx:hr>152</gpxtpx:hr>
          </gpxtpx:TrackPointExtension>
        </extensions>
      </trkpt>
      <trkpt lat="48.572423000" lon="2.531055000">
        <ele>41.000</ele>
        <time>2024-05-19T10:59:12Z</time>
        <extensions>
          <gpxtpx:TrackPointExtension>
            <gpxtpx:hr>151</gpxtpx:hr>
          </gpxtpx:TrackPointExtension>
        </extensions>
      </trkpt>
      <trkpt lat="48.572416000" lon="2.531053000">
        <ele>41.000</ele>
        <time>2024-05-19T10:59:14Z</time>
        <extensions>
          <gpxtpx:TrackPointExtension>
            <gpxtpx:hr>151</gpxtpx:hr>
          </gpxtpx:TrackPointExtension>
        </extensions>
      </trkpt>
      <trkpt lat="48.572437000" lon="2.531042000">
        <ele>40.900</ele>
        <time>2024-05-19T10:59:18Z</time>
        <extensions>
          <gpxtpx:TrackPointExtension>
            <gpxtpx:hr>151</gpxtpx:hr>
          </gpxtpx:TrackPointExtension>
        </extensions>
      </trkpt>
      <trkpt lat="48.572446000" lon="2.531022000">
        <ele>40.900</ele>
        <time>2024-05-19T10:59:20Z</time>
        <extensions>
          <gpxtpx:TrackPointExtension>
            <gpxtpx:hr>151</gpxtpx:hr>
          </gpxtpx:TrackPointExtension>
        </extensions>
      </trkpt>
      <trkpt lat="48.572445000" lon="2.531043000">
        <ele>40.900</ele>
        <time>2024-05-19T10:59:21Z</time>
        <extensions>
          <gpxtpx:TrackPointExtension>
            <gpxtpx:hr>151</gpxtpx:hr>
          </gpxtpx:TrackPointExtension>
        </extensions>
      </trkpt>
      <trkpt lat="48.572437000" lon="2.531050000">
        <ele>40.900</ele>
        <time>2024-05-19T10:59:22Z</time>
        <extensions>
          <gpxtpx:TrackPointExtension>
            <gpxtpx:hr>151</gpxtpx:hr>
          </gpxtpx:TrackPointExtension>
        </extensions>
      </trkpt>
      <trkpt lat="48.572409000" lon="2.531036000">
        <ele>41.000</ele>
        <time>2024-05-19T10:59:24Z</time>
        <extensions>
          <gpxtpx:TrackPointExtension>
            <gpxtpx:hr>151</gpxtpx:hr>
          </gpxtpx:TrackPointExtension>
        </extensions>
      </trkpt>
      <trkpt lat="48.572432000" lon="2.531055000">
        <ele>41.000</ele>
        <time>2024-05-19T10:59:27Z</time>
        <extensions>
          <gpxtpx:TrackPointExtension>
            <gpxtpx:hr>149</gpxtpx:hr>
          </gpxtpx:TrackPointExtension>
        </extensions>
      </trkpt>
      <trkpt lat="48.572459000" lon="2.531059000">
        <ele>40.900</ele>
        <time>2024-05-19T10:59:31Z</time>
        <extensions>
          <gpxtpx:TrackPointExtension>
            <gpxtpx:hr>149</gpxtpx:hr>
          </gpxtpx:TrackPointExtension>
        </extensions>
      </trkpt>
      <trkpt lat="48.572480000" lon="2.531084000">
        <ele>40.800</ele>
        <time>2024-05-19T10:59:34Z</time>
        <extensions>
          <gpxtpx:TrackPointExtension>
            <gpxtpx:hr>146</gpxtpx:hr>
          </gpxtpx:TrackPointExtension>
        </extensions>
      </trkpt>
      <trkpt lat="48.572479000" lon="2.531070000">
        <ele>40.800</ele>
        <time>2024-05-19T10:59:35Z</time>
        <extensions>
          <gpxtpx:TrackPointExtension>
            <gpxtpx:hr>146</gpxtpx:hr>
          </gpxtpx:TrackPointExtension>
        </extensions>
      </trkpt>
      <trkpt lat="48.572491000" lon="2.531059000">
        <ele>40.700</ele>
        <time>2024-05-19T10:59:37Z</time>
        <extensions>
          <gpxtpx:TrackPointExtension>
            <gpxtpx:hr>146</gpxtpx:hr>
          </gpxtpx:TrackPointExtension>
        </extensions>
      </trkpt>
      <trkpt lat="48.572520000" lon="2.531081000">
        <ele>40.500</ele>
        <time>2024-05-19T10:59:40Z</time>
        <extensions>
          <gpxtpx:TrackPointExtension>
            <gpxtpx:hr>146</gpxtpx:hr>
          </gpxtpx:TrackPointExtension>
        </extensions>
      </trkpt>
      <trkpt lat="48.572535000" lon="2.531079000">
        <ele>40.500</ele>
        <time>2024-05-19T10:59:41Z</time>
        <extensions>
          <gpxtpx:TrackPointExtension>
            <gpxtpx:hr>142</gpxtpx:hr>
          </gpxtpx:TrackPointExtension>
        </extensions>
      </trkpt>
      <trkpt lat="48.572533000" lon="2.531056000">
        <ele>40.500</ele>
        <time>2024-05-19T10:59:42Z</time>
        <extensions>
          <gpxtpx:TrackPointExtension>
            <gpxtpx:hr>142</gpxtpx:hr>
          </gpxtpx:TrackPointExtension>
        </extensions>
      </trkpt>
      <trkpt lat="48.572420000" lon="2.531017000">
        <ele>41.100</ele>
        <time>2024-05-19T10:59:48Z</time>
        <extensions>
          <gpxtpx:TrackPointExtension>
            <gpxtpx:hr>144</gpxtpx:hr>
          </gpxtpx:TrackPointExtension>
        </extensions>
      </trkpt>
      <trkpt lat="48.572413000" lon="2.531006000">
        <ele>41.100</ele>
        <time>2024-05-19T10:59:49Z</time>
        <extensions>
          <gpxtpx:TrackPointExtension>
            <gpxtpx:hr>144</gpxtpx:hr>
          </gpxtpx:TrackPointExtension>
        </extensions>
      </trkpt>
      <trkpt lat="48.572402000" lon="2.531028000">
        <ele>41.200</ele>
        <time>2024-05-19T10:59:51Z</time>
        <extensions>
          <gpxtpx:TrackPointExtension>
            <gpxtpx:hr>144</gpxtpx:hr>
          </gpxtpx:TrackPointExtension>
        </extensions>
      </trkpt>
      <trkpt lat="48.572419000" lon="2.531039000">
        <ele>41.000</ele>
        <time>2024-05-19T10:59:55Z</time>
        <extensions>
          <gpxtpx:TrackPointExtension>
            <gpxtpx:hr>143</gpxtpx:hr>
          </gpxtpx:TrackPointExtension>
        </extensions>
      </trkpt>
      <trkpt lat="48.572426000" lon="2.531023000">
        <ele>41.000</ele>
        <time>2024-05-19T10:59:57Z</time>
        <extensions>
          <gpxtpx:TrackPointExtension>
            <gpxtpx:hr>143</gpxtpx:hr>
          </gpxtpx:TrackPointExtension>
        </extensions>
      </trkpt>
      <trkpt lat="48.572435000" lon="2.531028000">
        <ele>40.900</ele>
        <time>2024-05-19T10:59:59Z</time>
        <extensions>
          <gpxtpx:TrackPointExtension>
            <gpxtpx:hr>142</gpxtpx:hr>
          </gpxtpx:TrackPointExtension>
        </extensions>
      </trkpt>
      <trkpt lat="48.572439000" lon="2.531073000">
        <ele>40.900</ele>
        <time>2024-05-19T11:00:02Z</time>
        <extensions>
          <gpxtpx:TrackPointExtension>
            <gpxtpx:hr>142</gpxtpx:hr>
          </gpxtpx:TrackPointExtension>
        </extensions>
      </trkpt>
      <trkpt lat="48.572462000" lon="2.531057000">
        <ele>40.800</ele>
        <time>2024-05-19T11:00:06Z</time>
        <extensions>
          <gpxtpx:TrackPointExtension>
            <gpxtpx:hr>142</gpxtpx:hr>
          </gpxtpx:TrackPointExtension>
        </extensions>
      </trkpt>
      <trkpt lat="48.572454000" lon="2.531047000">
        <ele>40.900</ele>
        <time>2024-05-19T11:00:08Z</time>
        <extensions>
          <gpxtpx:TrackPointExtension>
            <gpxtpx:hr>143</gpxtpx:hr>
          </gpxtpx:TrackPointExtension>
        </extensions>
      </trkpt>
      <trkpt lat="48.572466000" lon="2.531065000">
        <ele>40.800</ele>
        <time>2024-05-19T11:00:09Z</time>
        <extensions>
          <gpxtpx:TrackPointExtension>
            <gpxtpx:hr>143</gpxtpx:hr>
          </gpxtpx:TrackPointExtension>
        </extensions>
      </trkpt>
      <trkpt lat="48.572452000" lon="2.531036000">
        <ele>40.900</ele>
        <time>2024-05-19T11:00:12Z</time>
        <extensions>
          <gpxtpx:TrackPointExtension>
            <gpxtpx:hr>143</gpxtpx:hr>
          </gpxtpx:TrackPointExtension>
        </extensions>
      </trkpt>
      <trkpt lat="48.572415000" lon="2.531042000">
        <ele>41.000</ele>
        <time>2024-05-19T11:00:13Z</time>
        <extensions>
          <gpxtpx:TrackPointExtension>
            <gpxtpx:hr>143</gpxtpx:hr>
          </gpxtpx:TrackPointExtension>
        </extensions>
      </trkpt>
      <trkpt lat="48.572401000" lon="2.531054000">
        <ele>41.200</ele>
        <time>2024-05-19T11:00:14Z</time>
        <extensions>
          <gpxtpx:TrackPointExtension>
            <gpxtpx:hr>145</gpxtpx:hr>
          </gpxtpx:TrackPointExtension>
        </extensions>
      </trkpt>
      <trkpt lat="48.572428000" lon="2.531067000">
        <ele>41.000</ele>
        <time>2024-05-19T11:00:16Z</time>
        <extensions>
          <gpxtpx:TrackPointExtension>
            <gpxtpx:hr>145</gpxtpx:hr>
          </gpxtpx:TrackPointExtension>
        </extensions>
      </trkpt>
      <trkpt lat="48.572423000" lon="2.531080000">
        <ele>41.000</ele>
        <time>2024-05-19T11:00:18Z</time>
        <extensions>
          <gpxtpx:TrackPointExtension>
            <gpxtpx:hr>145</gpxtpx:hr>
          </gpxtpx:TrackPointExtension>
        </extensions>
      </trkpt>
      <trkpt lat="48.572437000" lon="2.531082000">
        <ele>40.900</ele>
        <time>2024-05-19T11:00:19Z</time>
        <extensions>
          <gpxtpx:TrackPointExtension>
            <gpxtpx:hr>145</gpxtpx:hr>
          </gpxtpx:TrackPointExtension>
        </extensions>
      </trkpt>
      <trkpt lat="48.572463000" lon="2.531058000">
        <ele>40.800</ele>
        <time>2024-05-19T11:00:23Z</time>
        <extensions>
          <gpxtpx:TrackPointExtension>
            <gpxtpx:hr>145</gpxtpx:hr>
          </gpxtpx:TrackPointExtension>
        </extensions>
      </trkpt>
      <trkpt lat="48.572465000" lon="2.531070000">
        <ele>40.800</ele>
        <time>2024-05-19T11:00:24Z</time>
        <extensions>
          <gpxtpx:TrackPointExtension>
            <gpxtpx:hr>145</gpxtpx:hr>
          </gpxtpx:TrackPointExtension>
        </extensions>
      </trkpt>
      <trkpt lat="48.572447000" lon="2.531095000">
        <ele>40.900</ele>
        <time>2024-05-19T11:00:32Z</time>
        <extensions>
          <gpxtpx:TrackPointExtension>
            <gpxtpx:hr>141</gpxtpx:hr>
          </gpxtpx:TrackPointExtension>
        </extensions>
      </trkpt>
      <trkpt lat="48.572466000" lon="2.531075000">
        <ele>40.800</ele>
        <time>2024-05-19T11:00:40Z</time>
        <extensions>
          <gpxtpx:TrackPointExtension>
            <gpxtpx:hr>141</gpxtpx:hr>
          </gpxtpx:TrackPointExtension>
        </extensions>
      </trkpt>
      <trkpt lat="48.572474000" lon="2.531083000">
        <ele>40.800</ele>
        <time>2024-05-19T11:00:41Z</time>
        <extensions>
          <gpxtpx:TrackPointExtension>
            <gpxtpx:hr>141</gpxtpx:hr>
          </gpxtpx:TrackPointExtension>
        </extensions>
      </trkpt>
      <trkpt lat="48.572483000" lon="2.531061000">
        <ele>40.800</ele>
        <time>2024-05-19T11:00:44Z</time>
        <extensions>
          <gpxtpx:TrackPointExtension>
            <gpxtpx:hr>141</gpxtpx:hr>
          </gpxtpx:TrackPointExtension>
        </extensions>
      </trkpt>
      <trkpt lat="48.572474000" lon="2.531051000">
        <ele>40.800</ele>
        <time>2024-05-19T11:00:48Z</time>
        <extensions>
          <gpxtpx:TrackPointExtension>
            <gpxtpx:hr>141</gpxtpx:hr>
          </gpxtpx:TrackPointExtension>
        </extensions>
      </trkpt>
      <trkpt lat="48.572481000" lon="2.531043000">
        <ele>40.800</ele>
        <time>2024-05-19T11:00:51Z</time>
        <extensions>
          <gpxtpx:TrackPointExtension>
            <gpxtpx:hr>140</gpxtpx:hr>
          </gpxtpx:TrackPointExtension>
        </extensions>
      </trkpt>
      <trkpt lat="48.572411000" lon="2.531079000">
        <ele>41.000</ele>
        <time>2024-05-19T11:00:58Z</time>
        <extensions>
          <gpxtpx:TrackPointExtension>
            <gpxtpx:hr>139</gpxtpx:hr>
          </gpxtpx:TrackPointExtension>
        </extensions>
      </trkpt>
      <trkpt lat="48.572411000" lon="2.531093000">
        <ele>41.000</ele>
        <time>2024-05-19T11:00:59Z</time>
        <extensions>
          <gpxtpx:TrackPointExtension>
            <gpxtpx:hr>139</gpxtpx:hr>
          </gpxtpx:TrackPointExtension>
        </extensions>
      </trkpt>
      <trkpt lat="48.572427000" lon="2.531088000">
        <ele>41.000</ele>
        <time>2024-05-19T11:01:02Z</time>
        <extensions>
          <gpxtpx:TrackPointExtension>
            <gpxtpx:hr>139</gpxtpx:hr>
          </gpxtpx:TrackPointExtension>
        </extensions>
      </trkpt>
      <trkpt lat="48.572423000" lon="2.531092000">
        <ele>41.000</ele>
        <time>2024-05-19T11:01:03Z</time>
        <extensions>
          <gpxtpx:TrackPointExtension>
            <gpxtpx:hr>138</gpxtpx:hr>
          </gpxtpx:TrackPointExtension>
        </extensions>
      </trkpt>
      <trkpt lat="48.572431000" lon="2.531111000">
        <ele>41.000</ele>
        <time>2024-05-19T11:01:05Z</time>
        <extensions>
          <gpxtpx:TrackPointExtension>
            <gpxtpx:hr>138</gpxtpx:hr>
          </gpxtpx:TrackPointExtension>
        </extensions>
      </trkpt>
      <trkpt lat="48.572439000" lon="2.531089000">
        <ele>40.900</ele>
        <time>2024-05-19T11:01:09Z</time>
        <extensions>
          <gpxtpx:TrackPointExtension>
            <gpxtpx:hr>136</gpxtpx:hr>
          </gpxtpx:TrackPointExtension>
        </extensions>
      </trkpt>
      <trkpt lat="48.572437000" lon="2.531109000">
        <ele>40.900</ele>
        <time>2024-05-19T11:01:10Z</time>
        <extensions>
          <gpxtpx:TrackPointExtension>
            <gpxtpx:hr>136</gpxtpx:hr>
          </gpxtpx:TrackPointExtension>
        </extensions>
      </trkpt>
      <trkpt lat="48.572453000" lon="2.531073000">
        <ele>40.900</ele>
        <time>2024-05-19T11:01:11Z</time>
        <extensions>
          <gpxtpx:TrackPointExtension>
            <gpxtpx:hr>136</gpxtpx:hr>
          </gpxtpx:TrackPointExtension>
        </extensions>
      </trkpt>
      <trkpt lat="48.572445000" lon="2.531054000">
        <ele>40.900</ele>
        <time>2024-05-19T11:01:12Z</time>
        <extensions>
          <gpxtpx:TrackPointExtension>
            <gpxtpx:hr>138</gpxtpx:hr>
          </gpxtpx:TrackPointExtension>
        </extensions>
      </trkpt>
      <trkpt lat="48.572406000" lon="2.531020000">
        <ele>41.000</ele>
        <time>2024-05-19T11:01:15Z</time>
        <extensions>
          <gpxtpx:TrackPointExtension>
            <gpxtpx:hr>138</gpxtpx:hr>
          </gpxtpx:TrackPointExtension>
        </extensions>
      </trkpt>
      <trkpt lat="48.572498000" lon="2.531124000">
        <ele>40.600</ele>
        <time>2024-05-19T11:01:19Z</time>
        <extensions>
          <gpxtpx:TrackPointExtension>
            <gpxtpx:hr>138</gpxtpx:hr>
          </gpxtpx:TrackPointExtension>
        </extensions>
      </trkpt>
      <trkpt lat="48.572523000" lon="2.531124000">
        <ele>40.500</ele>
        <time>2024-05-19T11:01:20Z</time>
        <extensions>
          <gpxtpx:TrackPointExtension>
            <gpxtpx:hr>138</gpxtpx:hr>
          </gpxtpx:TrackPointExtension>
        </extensions>
      </trkpt>
      <trkpt lat="48.572495000" lon="2.531134000">
        <ele>40.600</ele>
        <time>2024-05-19T11:01:21Z</time>
        <extensions>
          <gpxtpx:TrackPointExtension>
            <gpxtpx:hr>144</gpxtpx:hr>
          </gpxtpx:TrackPointExtension>
        </extensions>
      </trkpt>
      <trkpt lat="48.572496000" lon="2.531142000">
        <ele>40.600</ele>
        <time>2024-05-19T11:01:22Z</time>
        <extensions>
          <gpxtpx:TrackPointExtension>
            <gpxtpx:hr>144</gpxtpx:hr>
          </gpxtpx:TrackPointExtension>
        </extensions>
      </trkpt>
      <trkpt lat="48.572471000" lon="2.531057000">
        <ele>40.800</ele>
        <time>2024-05-19T11:01:27Z</time>
        <extensions>
          <gpxtpx:TrackPointExtension>
            <gpxtpx:hr>148</gpxtpx:hr>
          </gpxtpx:TrackPointExtension>
        </extensions>
      </trkpt>
      <trkpt lat="48.572475000" lon="2.531027000">
        <ele>40.800</ele>
        <time>2024-05-19T11:01:31Z</time>
        <extensions>
          <gpxtpx:TrackPointExtension>
            <gpxtpx:hr>149</gpxtpx:hr>
          </gpxtpx:TrackPointExtension>
        </extensions>
      </trkpt>
      <trkpt lat="48.572466000" lon="2.531052000">
        <ele>40.800</ele>
        <time>2024-05-19T11:01:34Z</time>
        <extensions>
          <gpxtpx:TrackPointExtension>
            <gpxtpx:hr>148</gpxtpx:hr>
          </gpxtpx:TrackPointExtension>
        </extensions>
      </trkpt>
      <trkpt lat="48.572469000" lon="2.531064000">
        <ele>40.800</ele>
        <time>2024-05-19T11:01:35Z</time>
        <extensions>
          <gpxtpx:TrackPointExtension>
            <gpxtpx:hr>148</gpxtpx:hr>
          </gpxtpx:TrackPointExtension>
        </extensions>
      </trkpt>
      <trkpt lat="48.572482000" lon="2.531038000">
        <ele>40.800</ele>
        <time>2024-05-19T11:01:40Z</time>
        <extensions>
          <gpxtpx:TrackPointExtension>
            <gpxtpx:hr>149</gpxtpx:hr>
          </gpxtpx:TrackPointExtension>
        </extensions>
      </trkpt>
      <trkpt lat="48.572493000" lon="2.531062000">
        <ele>40.700</ele>
        <time>2024-05-19T11:01:42Z</time>
        <extensions>
          <gpxtpx:TrackPointExtension>
            <gpxtpx:hr>149</gpxtpx:hr>
          </gpxtpx:TrackPointExtension>
        </extensions>
      </trkpt>
      <trkpt lat="48.572493000" lon="2.531052000">
        <ele>40.700</ele>
        <time>2024-05-19T11:01:43Z</time>
        <extensions>
          <gpxtpx:TrackPointExtension>
            <gpxtpx:hr>149</gpxtpx:hr>
          </gpxtpx:TrackPointExtension>
        </extensions>
      </trkpt>
      <trkpt lat="48.572498000" lon="2.531059000">
        <ele>40.700</ele>
        <time>2024-05-19T11:01:44Z</time>
        <extensions>
          <gpxtpx:TrackPointExtension>
            <gpxtpx:hr>149</gpxtpx:hr>
          </gpxtpx:TrackPointExtension>
        </extensions>
      </trkpt>
      <trkpt lat="48.572508000" lon="2.531034000">
        <ele>40.700</ele>
        <time>2024-05-19T11:01:46Z</time>
        <extensions>
          <gpxtpx:TrackPointExtension>
            <gpxtpx:hr>150</gpxtpx:hr>
          </gpxtpx:TrackPointExtension>
        </extensions>
      </trkpt>
      <trkpt lat="48.572507000" lon="2.531003000">
        <ele>40.700</ele>
        <time>2024-05-19T11:01:47Z</time>
        <extensions>
          <gpxtpx:TrackPointExtension>
            <gpxtpx:hr>150</gpxtpx:hr>
          </gpxtpx:TrackPointExtension>
        </extensions>
      </trkpt>
      <trkpt lat="48.572498000" lon="2.530993000">
        <ele>40.700</ele>
        <time>2024-05-19T11:01:48Z</time>
        <extensions>
          <gpxtpx:TrackPointExtension>
            <gpxtpx:hr>150</gpxtpx:hr>
          </gpxtpx:TrackPointExtension>
        </extensions>
      </trkpt>
      <trkpt lat="48.572430000" lon="2.531013000">
        <ele>41.100</ele>
        <time>2024-05-19T11:01:52Z</time>
        <extensions>
          <gpxtpx:TrackPointExtension>
            <gpxtpx:hr>150</gpxtpx:hr>
          </gpxtpx:TrackPointExtension>
        </extensions>
      </trkpt>
      <trkpt lat="48.572401000" lon="2.531040000">
        <ele>41.200</ele>
        <time>2024-05-19T11:01:54Z</time>
        <extensions>
          <gpxtpx:TrackPointExtension>
            <gpxtpx:hr>149</gpxtpx:hr>
          </gpxtpx:TrackPointExtension>
        </extensions>
      </trkpt>
      <trkpt lat="48.572394000" lon="2.531063000">
        <ele>41.200</ele>
        <time>2024-05-19T11:01:57Z</time>
        <extensions>
          <gpxtpx:TrackPointExtension>
            <gpxtpx:hr>149</gpxtpx:hr>
          </gpxtpx:TrackPointExtension>
        </extensions>
      </trkpt>
      <trkpt lat="48.572407000" lon="2.531061000">
        <ele>41.100</ele>
        <time>2024-05-19T11:02:00Z</time>
        <extensions>
          <gpxtpx:TrackPointExtension>
            <gpxtpx:hr>147</gpxtpx:hr>
          </gpxtpx:TrackPointExtension>
        </extensions>
      </trkpt>
      <trkpt lat="48.572410000" lon="2.531034000">
        <ele>41.100</ele>
        <time>2024-05-19T11:02:05Z</time>
        <extensions>
          <gpxtpx:TrackPointExtension>
            <gpxtpx:hr>147</gpxtpx:hr>
          </gpxtpx:TrackPointExtension>
        </extensions>
      </trkpt>
      <trkpt lat="48.572405000" lon="2.531029000">
        <ele>41.100</ele>
        <time>2024-05-19T11:02:06Z</time>
        <extensions>
          <gpxtpx:TrackPointExtension>
            <gpxtpx:hr>147</gpxtpx:hr>
          </gpxtpx:TrackPointExtension>
        </extensions>
      </trkpt>
      <trkpt lat="48.572402000" lon="2.531039000">
        <ele>41.200</ele>
        <time>2024-05-19T11:02:07Z</time>
        <extensions>
          <gpxtpx:TrackPointExtension>
            <gpxtpx:hr>147</gpxtpx:hr>
          </gpxtpx:TrackPointExtension>
        </extensions>
      </trkpt>
      <trkpt lat="48.572417000" lon="2.531037000">
        <ele>41.100</ele>
        <time>2024-05-19T11:02:10Z</time>
        <extensions>
          <gpxtpx:TrackPointExtension>
            <gpxtpx:hr>146</gpxtpx:hr>
          </gpxtpx:TrackPointExtension>
        </extensions>
      </trkpt>
      <trkpt lat="48.572427000" lon="2.531090000">
        <ele>41.000</ele>
        <time>2024-05-19T11:02:12Z</time>
        <extensions>
          <gpxtpx:TrackPointExtension>
            <gpxtpx:hr>146</gpxtpx:hr>
          </gpxtpx:TrackPointExtension>
        </extensions>
      </trkpt>
      <trkpt lat="48.572420000" lon="2.531121000">
        <ele>41.000</ele>
        <time>2024-05-19T11:02:14Z</time>
        <extensions>
          <gpxtpx:TrackPointExtension>
            <gpxtpx:hr>146</gpxtpx:hr>
          </gpxtpx:TrackPointExtension>
        </extensions>
      </trkpt>
      <trkpt lat="48.572437000" lon="2.531121000">
        <ele>40.900</ele>
        <time>2024-05-19T11:02:15Z</time>
        <extensions>
          <gpxtpx:TrackPointExtension>
            <gpxtpx:hr>143</gpxtpx:hr>
          </gpxtpx:TrackPointExtension>
        </extensions>
      </trkpt>
      <trkpt lat="48.572460000" lon="2.531079000">
        <ele>40.900</ele>
        <time>2024-05-19T11:02:17Z</time>
        <extensions>
          <gpxtpx:TrackPointExtension>
            <gpxtpx:hr>143</gpxtpx:hr>
          </gpxtpx:TrackPointExtension>
        </extensions>
      </trkpt>
      <trkpt lat="48.572466000" lon="2.531050000">
        <ele>40.800</ele>
        <time>2024-05-19T11:02:18Z</time>
        <extensions>
          <gpxtpx:TrackPointExtension>
            <gpxtpx:hr>144</gpxtpx:hr>
          </gpxtpx:TrackPointExtension>
        </extensions>
      </trkpt>
      <trkpt lat="48.572474000" lon="2.531047000">
        <ele>40.800</ele>
        <time>2024-05-19T11:02:19Z</time>
        <extensions>
          <gpxtpx:TrackPointExtension>
            <gpxtpx:hr>144</gpxtpx:hr>
          </gpxtpx:TrackPointExtension>
        </extensions>
      </trkpt>
      <trkpt lat="48.572455000" lon="2.531103000">
        <ele>40.900</ele>
        <time>2024-05-19T11:02:21Z</time>
        <extensions>
          <gpxtpx:TrackPointExtension>
            <gpxtpx:hr>144</gpxtpx:hr>
          </gpxtpx:TrackPointExtension>
        </extensions>
      </trkpt>
      <trkpt lat="48.572458000" lon="2.531122000">
        <ele>40.900</ele>
        <time>2024-05-19T11:02:22Z</time>
        <extensions>
          <gpxtpx:TrackPointExtension>
            <gpxtpx:hr>144</gpxtpx:hr>
          </gpxtpx:TrackPointExtension>
        </extensions>
      </trkpt>
      <trkpt lat="48.572486000" lon="2.531129000">
        <ele>40.800</ele>
        <time>2024-05-19T11:02:34Z</time>
        <extensions>
          <gpxtpx:TrackPointExtension>
            <gpxtpx:hr>144</gpxtpx:hr>
          </gpxtpx:TrackPointExtension>
        </extensions>
      </trkpt>
      <trkpt lat="48.572500000" lon="2.531151000">
        <ele>40.600</ele>
        <time>2024-05-19T11:02:40Z</time>
        <extensions>
          <gpxtpx:TrackPointExtension>
            <gpxtpx:hr>144</gpxtpx:hr>
          </gpxtpx:TrackPointExtension>
        </extensions>
      </trkpt>
      <trkpt lat="48.572499000" lon="2.531143000">
        <ele>40.600</ele>
        <time>2024-05-19T11:02:43Z</time>
        <extensions>
          <gpxtpx:TrackPointExtension>
            <gpxtpx:hr>142</gpxtpx:hr>
          </gpxtpx:TrackPointExtension>
        </extensions>
      </trkpt>
      <trkpt lat="48.572522000" lon="2.531143000">
        <ele>40.500</ele>
        <time>2024-05-19T11:02:45Z</time>
        <extensions>
          <gpxtpx:TrackPointExtension>
            <gpxtpx:hr>142</gpxtpx:hr>
          </gpxtpx:TrackPointExtension>
        </extensions>
      </trkpt>
      <trkpt lat="48.572539000" lon="2.531126000">
        <ele>40.500</ele>
        <time>2024-05-19T11:02:47Z</time>
        <extensions>
          <gpxtpx:TrackPointExtension>
            <gpxtpx:hr>142</gpxtpx:hr>
          </gpxtpx:TrackPointExtension>
        </extensions>
      </trkpt>
      <trkpt lat="48.572577000" lon="2.531137000">
        <ele>40.300</ele>
        <time>2024-05-19T11:02:51Z</time>
        <extensions>
          <gpxtpx:TrackPointExtension>
            <gpxtpx:hr>142</gpxtpx:hr>
          </gpxtpx:TrackPointExtension>
        </extensions>
      </trkpt>
      <trkpt lat="48.572587000" lon="2.531126000">
        <ele>40.300</ele>
        <time>2024-05-19T11:02:52Z</time>
        <extensions>
          <gpxtpx:TrackPointExtension>
            <gpxtpx:hr>142</gpxtpx:hr>
          </gpxtpx:TrackPointExtension>
        </extensions>
      </trkpt>
      <trkpt lat="48.572587000" lon="2.531107000">
        <ele>40.300</ele>
        <time>2024-05-19T11:02:53Z</time>
        <extensions>
          <gpxtpx:TrackPointExtension>
            <gpxtpx:hr>142</gpxtpx:hr>
          </gpxtpx:TrackPointExtension>
        </extensions>
      </trkpt>
      <trkpt lat="48.572567000" lon="2.531068000">
        <ele>40.400</ele>
        <time>2024-05-19T11:02:56Z</time>
        <extensions>
          <gpxtpx:TrackPointExtension>
            <gpxtpx:hr>138</gpxtpx:hr>
          </gpxtpx:TrackPointExtension>
        </extensions>
      </trkpt>
      <trkpt lat="48.572545000" lon="2.531061000">
        <ele>40.600</ele>
        <time>2024-05-19T11:02:58Z</time>
        <extensions>
          <gpxtpx:TrackPointExtension>
            <gpxtpx:hr>137</gpxtpx:hr>
          </gpxtpx:TrackPointExtension>
        </extensions>
      </trkpt>
      <trkpt lat="48.572552000" lon="2.531047000">
        <ele>40.400</ele>
        <time>2024-05-19T11:03:00Z</time>
        <extensions>
          <gpxtpx:TrackPointExtension>
            <gpxtpx:hr>137</gpxtpx:hr>
          </gpxtpx:TrackPointExtension>
        </extensions>
      </trkpt>
      <trkpt lat="48.572557000" lon="2.531053000">
        <ele>40.400</ele>
        <time>2024-05-19T11:03:02Z</time>
        <extensions>
          <gpxtpx:TrackPointExtension>
            <gpxtpx:hr>137</gpxtpx:hr>
          </gpxtpx:TrackPointExtension>
        </extensions>
      </trkpt>
      <trkpt lat="48.572557000" lon="2.531043000">
        <ele>40.400</ele>
        <time>2024-05-19T11:03:04Z</time>
        <extensions>
          <gpxtpx:TrackPointExtension>
            <gpxtpx:hr>137</gpxtpx:hr>
          </gpxtpx:TrackPointExtension>
        </extensions>
      </trkpt>
      <trkpt lat="48.572550000" lon="2.531051000">
        <ele>40.400</ele>
        <time>2024-05-19T11:03:05Z</time>
        <extensions>
          <gpxtpx:TrackPointExtension>
            <gpxtpx:hr>137</gpxtpx:hr>
          </gpxtpx:TrackPointExtension>
        </extensions>
      </trkpt>
      <trkpt lat="48.572530000" lon="2.531036000">
        <ele>40.600</ele>
        <time>2024-05-19T11:03:11Z</time>
        <extensions>
          <gpxtpx:TrackPointExtension>
            <gpxtpx:hr>136</gpxtpx:hr>
          </gpxtpx:TrackPointExtension>
        </extensions>
      </trkpt>
      <trkpt lat="48.572539000" lon="2.531045000">
        <ele>40.600</ele>
        <time>2024-05-19T11:03:13Z</time>
        <extensions>
          <gpxtpx:TrackPointExtension>
            <gpxtpx:hr>136</gpxtpx:hr>
          </gpxtpx:TrackPointExtension>
        </extensions>
      </trkpt>
      <trkpt lat="48.572540000" lon="2.531037000">
        <ele>40.600</ele>
        <time>2024-05-19T11:03:14Z</time>
        <extensions>
          <gpxtpx:TrackPointExtension>
            <gpxtpx:hr>136</gpxtpx:hr>
          </gpxtpx:TrackPointExtension>
        </extensions>
      </trkpt>
      <trkpt lat="48.572549000" lon="2.531047000">
        <ele>40.400</ele>
        <time>2024-05-19T11:03:15Z</time>
        <extensions>
          <gpxtpx:TrackPointExtension>
            <gpxtpx:hr>137</gpxtpx:hr>
          </gpxtpx:TrackPointExtension>
        </extensions>
      </trkpt>
      <trkpt lat="48.572537000" lon="2.531041000">
        <ele>40.600</ele>
        <time>2024-05-19T11:03:17Z</time>
        <extensions>
          <gpxtpx:TrackPointExtension>
            <gpxtpx:hr>137</gpxtpx:hr>
          </gpxtpx:TrackPointExtension>
        </extensions>
      </trkpt>
      <trkpt lat="48.572552000" lon="2.531047000">
        <ele>40.400</ele>
        <time>2024-05-19T11:03:18Z</time>
        <extensions>
          <gpxtpx:TrackPointExtension>
            <gpxtpx:hr>137</gpxtpx:hr>
          </gpxtpx:TrackPointExtension>
        </extensions>
      </trkpt>
      <trkpt lat="48.572537000" lon="2.531034000">
        <ele>40.600</ele>
        <time>2024-05-19T11:03:30Z</time>
        <extensions>
          <gpxtpx:TrackPointExtension>
            <gpxtpx:hr>133</gpxtpx:hr>
          </gpxtpx:TrackPointExtension>
        </extensions>
      </trkpt>
      <trkpt lat="48.572526000" lon="2.530986000">
        <ele>40.600</ele>
        <time>2024-05-19T11:03:33Z</time>
        <extensions>
          <gpxtpx:TrackPointExtension>
            <gpxtpx:hr>133</gpxtpx:hr>
          </gpxtpx:TrackPointExtension>
        </extensions>
      </trkpt>
      <trkpt lat="48.572542000" lon="2.530999000">
        <ele>40.600</ele>
        <time>2024-05-19T11:03:34Z</time>
        <extensions>
          <gpxtpx:TrackPointExtension>
            <gpxtpx:hr>133</gpxtpx:hr>
          </gpxtpx:TrackPointExtension>
        </extensions>
      </trkpt>
      <trkpt lat="48.572552000" lon="2.530954000">
        <ele>40.400</ele>
        <time>2024-05-19T11:03:37Z</time>
        <extensions>
          <gpxtpx:TrackPointExtension>
            <gpxtpx:hr>130</gpxtpx:hr>
          </gpxtpx:TrackPointExtension>
        </extensions>
      </trkpt>
      <trkpt lat="48.572544000" lon="2.530968000">
        <ele>40.600</ele>
        <time>2024-05-19T11:03:42Z</time>
        <extensions>
          <gpxtpx:TrackPointExtension>
            <gpxtpx:hr>131</gpxtpx:hr>
          </gpxtpx:TrackPointExtension>
        </extensions>
      </trkpt>
      <trkpt lat="48.572547000" lon="2.530961000">
        <ele>40.400</ele>
        <time>2024-05-19T11:03:43Z</time>
        <extensions>
          <gpxtpx:TrackPointExtension>
            <gpxtpx:hr>131</gpxtpx:hr>
          </gpxtpx:TrackPointExtension>
        </extensions>
      </trkpt>
      <trkpt lat="48.572533000" lon="2.530961000">
        <ele>40.600</ele>
        <time>2024-05-19T11:03:46Z</time>
        <extensions>
          <gpxtpx:TrackPointExtension>
            <gpxtpx:hr>131</gpxtpx:hr>
          </gpxtpx:TrackPointExtension>
        </extensions>
      </trkpt>
      <trkpt lat="48.572528000" lon="2.530991000">
        <ele>40.600</ele>
        <time>2024-05-19T11:03:54Z</time>
        <extensions>
          <gpxtpx:TrackPointExtension>
            <gpxtpx:hr>133</gpxtpx:hr>
          </gpxtpx:TrackPointExtension>
        </extensions>
      </trkpt>
      <trkpt lat="48.572531000" lon="2.530973000">
        <ele>40.600</ele>
        <time>2024-05-19T11:03:55Z</time>
        <extensions>
          <gpxtpx:TrackPointExtension>
            <gpxtpx:hr>133</gpxtpx:hr>
          </gpxtpx:TrackPointExtension>
        </extensions>
      </trkpt>
      <trkpt lat="48.572519000" lon="2.530966000">
        <ele>40.600</ele>
        <time>2024-05-19T11:03:56Z</time>
        <extensions>
          <gpxtpx:TrackPointExtension>
            <gpxtpx:hr>133</gpxtpx:hr>
          </gpxtpx:TrackPointExtension>
        </extensions>
      </trkpt>
      <trkpt lat="48.572516000" lon="2.530992000">
        <ele>40.700</ele>
        <time>2024-05-19T11:03:59Z</time>
        <extensions>
          <gpxtpx:TrackPointExtension>
            <gpxtpx:hr>130</gpxtpx:hr>
          </gpxtpx:TrackPointExtension>
        </extensions>
      </trkpt>
      <trkpt lat="48.572494000" lon="2.531022000">
        <ele>40.700</ele>
        <time>2024-05-19T11:04:01Z</time>
        <extensions>
          <gpxtpx:TrackPointExtension>
            <gpxtpx:hr>130</gpxtpx:hr>
          </gpxtpx:TrackPointExtension>
        </extensions>
      </trkpt>
      <trkpt lat="48.572492000" lon="2.531047000">
        <ele>40.700</ele>
        <time>2024-05-19T11:04:02Z</time>
        <extensions>
          <gpxtpx:TrackPointExtension>
            <gpxtpx:hr>130</gpxtpx:hr>
          </gpxtpx:TrackPointExtension>
        </extensions>
      </trkpt>
      <trkpt lat="48.572481000" lon="2.531067000">
        <ele>40.800</ele>
        <time>2024-05-19T11:04:04Z</time>
        <extensions>
          <gpxtpx:TrackPointExtension>
            <gpxtpx:hr>130</gpxtpx:hr>
          </gpxtpx:TrackPointExtension>
        </extensions>
      </trkpt>
      <trkpt lat="48.572489000" lon="2.531096000">
        <ele>40.800</ele>
        <time>2024-05-19T11:04:07Z</time>
        <extensions>
          <gpxtpx:TrackPointExtension>
            <gpxtpx:hr>134</gpxtpx:hr>
          </gpxtpx:TrackPointExtension>
        </extensions>
      </trkpt>
      <trkpt lat="48.572508000" lon="2.531068000">
        <ele>40.700</ele>
        <time>2024-05-19T11:04:09Z</time>
        <extensions>
          <gpxtpx:TrackPointExtension>
            <gpxtpx:hr>133</gpxtpx:hr>
          </gpxtpx:TrackPointExtension>
        </extensions>
      </trkpt>
      <trkpt lat="48.572500000" lon="2.531051000">
        <ele>40.700</ele>
        <time>2024-05-19T11:04:15Z</time>
        <extensions>
          <gpxtpx:TrackPointExtension>
            <gpxtpx:hr>133</gpxtpx:hr>
          </gpxtpx:TrackPointExtension>
        </extensions>
      </trkpt>
      <trkpt lat="48.572510000" lon="2.531010000">
        <ele>40.700</ele>
        <time>2024-05-19T11:04:22Z</time>
        <extensions>
          <gpxtpx:TrackPointExtension>
            <gpxtpx:hr>134</gpxtpx:hr>
          </gpxtpx:TrackPointExtension>
        </extensions>
      </trkpt>
      <trkpt lat="48.572498000" lon="2.531000000">
        <ele>40.700</ele>
        <time>2024-05-19T11:04:26Z</time>
        <extensions>
          <gpxtpx:TrackPointExtension>
            <gpxtpx:hr>133</gpxtpx:hr>
          </gpxtpx:TrackPointExtension>
        </extensions>
      </trkpt>
      <trkpt lat="48.572520000" lon="2.530954000">
        <ele>40.600</ele>
        <time>2024-05-19T11:04:32Z</time>
        <extensions>
          <gpxtpx:TrackPointExtension>
            <gpxtpx:hr>132</gpxtpx:hr>
          </gpxtpx:TrackPointExtension>
        </extensions>
      </trkpt>
      <trkpt lat="48.572538000" lon="2.530937000">
        <ele>40.600</ele>
        <time>2024-05-19T11:04:33Z</time>
        <extensions>
          <gpxtpx:TrackPointExtension>
            <gpxtpx:hr>132</gpxtpx:hr>
          </gpxtpx:TrackPointExtension>
        </extensions>
      </trkpt>
      <trkpt lat="48.572532000" lon="2.530964000">
        <ele>40.600</ele>
        <time>2024-05-19T11:04:35Z</time>
        <extensions>
          <gpxtpx:TrackPointExtension>
            <gpxtpx:hr>131</gpxtpx:hr>
          </gpxtpx:TrackPointExtension>
        </extensions>
      </trkpt>
      <trkpt lat="48.572541000" lon="2.530934000">
        <ele>40.600</ele>
        <time>2024-05-19T11:04:37Z</time>
        <extensions>
          <gpxtpx:TrackPointExtension>
            <gpxtpx:hr>131</gpxtpx:hr>
          </gpxtpx:TrackPointExtension>
        </extensions>
      </trkpt>
      <trkpt lat="48.572534000" lon="2.530954000">
        <ele>40.600</ele>
        <time>2024-05-19T11:04:40Z</time>
        <extensions>
          <gpxtpx:TrackPointExtension>
            <gpxtpx:hr>131</gpxtpx:hr>
          </gpxtpx:TrackPointExtension>
        </extensions>
      </trkpt>
      <trkpt lat="48.572539000" lon="2.530962000">
        <ele>40.600</ele>
        <time>2024-05-19T11:04:41Z</time>
        <extensions>
          <gpxtpx:TrackPointExtension>
            <gpxtpx:hr>135</gpxtpx:hr>
          </gpxtpx:TrackPointExtension>
        </extensions>
      </trkpt>
      <trkpt lat="48.572525000" lon="2.530977000">
        <ele>40.600</ele>
        <time>2024-05-19T11:04:45Z</time>
        <extensions>
          <gpxtpx:TrackPointExtension>
            <gpxtpx:hr>134</gpxtpx:hr>
          </gpxtpx:TrackPointExtension>
        </extensions>
      </trkpt>
      <trkpt lat="48.572519000" lon="2.530966000">
        <ele>40.600</ele>
        <time>2024-05-19T11:04:49Z</time>
        <extensions>
          <gpxtpx:TrackPointExtension>
            <gpxtpx:hr>134</gpxtpx:hr>
          </gpxtpx:TrackPointExtension>
        </extensions>
      </trkpt>
      <trkpt lat="48.572508000" lon="2.530975000">
        <ele>40.700</ele>
        <time>2024-05-19T11:04:50Z</time>
        <extensions>
          <gpxtpx:TrackPointExtension>
            <gpxtpx:hr>134</gpxtpx:hr>
          </gpxtpx:TrackPointExtension>
        </extensions>
      </trkpt>
      <trkpt lat="48.572512000" lon="2.530981000">
        <ele>40.700</ele>
        <time>2024-05-19T11:04:54Z</time>
        <extensions>
          <gpxtpx:TrackPointExtension>
            <gpxtpx:hr>130</gpxtpx:hr>
          </gpxtpx:TrackPointExtension>
        </extensions>
      </trkpt>
      <trkpt lat="48.572482000" lon="2.531016000">
        <ele>40.800</ele>
        <time>2024-05-19T11:05:03Z</time>
        <extensions>
          <gpxtpx:TrackPointExtension>
            <gpxtpx:hr>131</gpxtpx:hr>
          </gpxtpx:TrackPointExtension>
        </extensions>
      </trkpt>
      <trkpt lat="48.572484000" lon="2.531117000">
        <ele>40.800</ele>
        <time>2024-05-19T11:05:11Z</time>
        <extensions>
          <gpxtpx:TrackPointExtension>
            <gpxtpx:hr>133</gpxtpx:hr>
          </gpxtpx:TrackPointExtension>
        </extensions>
      </trkpt>
      <trkpt lat="48.572495000" lon="2.531048000">
        <ele>40.700</ele>
        <time>2024-05-19T11:05:15Z</time>
        <extensions>
          <gpxtpx:TrackPointExtension>
            <gpxtpx:hr>133</gpxtpx:hr>
          </gpxtpx:TrackPointExtension>
        </extensions>
      </trkpt>
      <trkpt lat="48.572510000" lon="2.531054000">
        <ele>40.700</ele>
        <time>2024-05-19T11:05:16Z</time>
        <extensions>
          <gpxtpx:TrackPointExtension>
            <gpxtpx:hr>133</gpxtpx:hr>
          </gpxtpx:TrackPointExtension>
        </extensions>
      </trkpt>
      <trkpt lat="48.572529000" lon="2.531016000">
        <ele>40.600</ele>
        <time>2024-05-19T11:05:18Z</time>
        <extensions>
          <gpxtpx:TrackPointExtension>
            <gpxtpx:hr>133</gpxtpx:hr>
          </gpxtpx:TrackPointExtension>
        </extensions>
      </trkpt>
      <trkpt lat="48.572539000" lon="2.530955000">
        <ele>40.600</ele>
        <time>2024-05-19T11:05:20Z</time>
        <extensions>
          <gpxtpx:TrackPointExtension>
            <gpxtpx:hr>132</gpxtpx:hr>
          </gpxtpx:TrackPointExtension>
        </extensions>
      </trkpt>
      <trkpt lat="48.572542000" lon="2.530982000">
        <ele>40.600</ele>
        <time>2024-05-19T11:05:21Z</time>
        <extensions>
          <gpxtpx:TrackPointExtension>
            <gpxtpx:hr>132</gpxtpx:hr>
          </gpxtpx:TrackPointExtension>
        </extensions>
      </trkpt>
      <trkpt lat="48.572533000" lon="2.531002000">
        <ele>40.600</ele>
        <time>2024-05-19T11:05:22Z</time>
        <extensions>
          <gpxtpx:TrackPointExtension>
            <gpxtpx:hr>134</gpxtpx:hr>
          </gpxtpx:TrackPointExtension>
        </extensions>
      </trkpt>
      <trkpt lat="48.572564000" lon="2.531007000">
        <ele>40.500</ele>
        <time>2024-05-19T11:05:25Z</time>
        <extensions>
          <gpxtpx:TrackPointExtension>
            <gpxtpx:hr>134</gpxtpx:hr>
          </gpxtpx:TrackPointExtension>
        </extensions>
      </trkpt>
      <trkpt lat="48.572554000" lon="2.530985000">
        <ele>40.500</ele>
        <time>2024-05-19T11:05:26Z</time>
        <extensions>
          <gpxtpx:TrackPointExtension>
            <gpxtpx:hr>134</gpxtpx:hr>
          </gpxtpx:TrackPointExtension>
        </extensions>
      </trkpt>
      <trkpt lat="48.572532000" lon="2.530967000">
        <ele>40.600</ele>
        <time>2024-05-19T11:05:30Z</time>
        <extensions>
          <gpxtpx:TrackPointExtension>
            <gpxtpx:hr>134</gpxtpx:hr>
          </gpxtpx:TrackPointExtension>
        </extensions>
      </trkpt>
      <trkpt lat="48.572536000" lon="2.530971000">
        <ele>40.600</ele>
        <time>2024-05-19T11:05:31Z</time>
        <extensions>
          <gpxtpx:TrackPointExtension>
            <gpxtpx:hr>139</gpxtpx:hr>
          </gpxtpx:TrackPointExtension>
        </extensions>
      </trkpt>
      <trkpt lat="48.572524000" lon="2.530960000">
        <ele>40.600</ele>
        <time>2024-05-19T11:05:35Z</time>
        <extensions>
          <gpxtpx:TrackPointExtension>
            <gpxtpx:hr>139</gpxtpx:hr>
          </gpxtpx:TrackPointExtension>
        </extensions>
      </trkpt>
      <trkpt lat="48.572505000" lon="2.530975000">
        <ele>40.700</ele>
        <time>2024-05-19T11:05:37Z</time>
        <extensions>
          <gpxtpx:TrackPointExtension>
            <gpxtpx:hr>138</gpxtpx:hr>
          </gpxtpx:TrackPointExtension>
        </extensions>
      </trkpt>
      <trkpt lat="48.572489000" lon="2.531027000">
        <ele>40.800</ele>
        <time>2024-05-19T11:05:39Z</time>
        <extensions>
          <gpxtpx:TrackPointExtension>
            <gpxtpx:hr>139</gpxtpx:hr>
          </gpxtpx:TrackPointExtension>
        </extensions>
      </trkpt>
      <trkpt lat="48.572491000" lon="2.530993000">
        <ele>40.700</ele>
        <time>2024-05-19T11:05:41Z</time>
        <extensions>
          <gpxtpx:TrackPointExtension>
            <gpxtpx:hr>139</gpxtpx:hr>
          </gpxtpx:TrackPointExtension>
        </extensions>
      </trkpt>
      <trkpt lat="48.572502000" lon="2.530997000">
        <ele>40.700</ele>
        <time>2024-05-19T11:05:46Z</time>
        <extensions>
          <gpxtpx:TrackPointExtension>
            <gpxtpx:hr>140</gpxtpx:hr>
          </gpxtpx:TrackPointExtension>
        </extensions>
      </trkpt>
      <trkpt lat="48.572484000" lon="2.531022000">
        <ele>40.800</ele>
        <time>2024-05-19T11:05:48Z</time>
        <extensions>
          <gpxtpx:TrackPointExtension>
            <gpxtpx:hr>140</gpxtpx:hr>
          </gpxtpx:TrackPointExtension>
        </extensions>
      </trkpt>
      <trkpt lat="48.572497000" lon="2.531058000">
        <ele>40.700</ele>
        <time>2024-05-19T11:05:49Z</time>
        <extensions>
          <gpxtpx:TrackPointExtension>
            <gpxtpx:hr>140</gpxtpx:hr>
          </gpxtpx:TrackPointExtension>
        </extensions>
      </trkpt>
      <trkpt lat="48.572501000" lon="2.531040000">
        <ele>40.700</ele>
        <time>2024-05-19T11:05:51Z</time>
        <extensions>
          <gpxtpx:TrackPointExtension>
            <gpxtpx:hr>140</gpxtpx:hr>
          </gpxtpx:TrackPointExtension>
        </extensions>
      </trkpt>
      <trkpt lat="48.572525000" lon="2.531036000">
        <ele>40.600</ele>
        <time>2024-05-19T11:05:55Z</time>
        <extensions>
          <gpxtpx:TrackPointExtension>
            <gpxtpx:hr>141</gpxtpx:hr>
          </gpxtpx:TrackPointExtension>
        </extensions>
      </trkpt>
      <trkpt lat="48.572531000" lon="2.531075000">
        <ele>40.600</ele>
        <time>2024-05-19T11:05:57Z</time>
        <extensions>
          <gpxtpx:TrackPointExtension>
            <gpxtpx:hr>141</gpxtpx:hr>
          </gpxtpx:TrackPointExtension>
        </extensions>
      </trkpt>
      <trkpt lat="48.572541000" lon="2.531090000">
        <ele>40.600</ele>
        <time>2024-05-19T11:05:58Z</time>
        <extensions>
          <gpxtpx:TrackPointExtension>
            <gpxtpx:hr>139</gpxtpx:hr>
          </gpxtpx:TrackPointExtension>
        </extensions>
      </trkpt>
      <trkpt lat="48.572529000" lon="2.531074000">
        <ele>40.600</ele>
        <time>2024-05-19T11:06:01Z</time>
        <extensions>
          <gpxtpx:TrackPointExtension>
            <gpxtpx:hr>139</gpxtpx:hr>
          </gpxtpx:TrackPointExtension>
        </extensions>
      </trkpt>
      <trkpt lat="48.572534000" lon="2.531076000">
        <ele>40.600</ele>
        <time>2024-05-19T11:06:02Z</time>
        <extensions>
          <gpxtpx:TrackPointExtension>
            <gpxtpx:hr>139</gpxtpx:hr>
          </gpxtpx:TrackPointExtension>
        </extensions>
      </trkpt>
      <trkpt lat="48.572525000" lon="2.531071000">
        <ele>40.600</ele>
        <time>2024-05-19T11:06:05Z</time>
        <extensions>
          <gpxtpx:TrackPointExtension>
            <gpxtpx:hr>138</gpxtpx:hr>
          </gpxtpx:TrackPointExtension>
        </extensions>
      </trkpt>
      <trkpt lat="48.572529000" lon="2.531060000">
        <ele>40.600</ele>
        <time>2024-05-19T11:06:06Z</time>
        <extensions>
          <gpxtpx:TrackPointExtension>
            <gpxtpx:hr>138</gpxtpx:hr>
          </gpxtpx:TrackPointExtension>
        </extensions>
      </trkpt>
      <trkpt lat="48.572561000" lon="2.531060000">
        <ele>40.400</ele>
        <time>2024-05-19T11:06:08Z</time>
        <extensions>
          <gpxtpx:TrackPointExtension>
            <gpxtpx:hr>138</gpxtpx:hr>
          </gpxtpx:TrackPointExtension>
        </extensions>
      </trkpt>
      <trkpt lat="48.572569000" lon="2.531027000">
        <ele>40.400</ele>
        <time>2024-05-19T11:06:09Z</time>
        <extensions>
          <gpxtpx:TrackPointExtension>
            <gpxtpx:hr>138</gpxtpx:hr>
          </gpxtpx:TrackPointExtension>
        </extensions>
      </trkpt>
      <trkpt lat="48.572598000" lon="2.531033000">
        <ele>40.300</ele>
        <time>2024-05-19T11:06:10Z</time>
        <extensions>
          <gpxtpx:TrackPointExtension>
            <gpxtpx:hr>138</gpxtpx:hr>
          </gpxtpx:TrackPointExtension>
        </extensions>
      </trkpt>
      <trkpt lat="48.572613000" lon="2.531054000">
        <ele>40.200</ele>
        <time>2024-05-19T11:06:14Z</time>
        <extensions>
          <gpxtpx:TrackPointExtension>
            <gpxtpx:hr>138</gpxtpx:hr>
          </gpxtpx:TrackPointExtension>
        </extensions>
      </trkpt>
      <trkpt lat="48.572642000" lon="2.531013000">
        <ele>40.100</ele>
        <time>2024-05-19T11:06:16Z</time>
        <extensions>
          <gpxtpx:TrackPointExtension>
            <gpxtpx:hr>138</gpxtpx:hr>
          </gpxtpx:TrackPointExtension>
        </extensions>
      </trkpt>
      <trkpt lat="48.572631000" lon="2.530978000">
        <ele>40.200</ele>
        <time>2024-05-19T11:06:19Z</time>
        <extensions>
          <gpxtpx:TrackPointExtension>
            <gpxtpx:hr>143</gpxtpx:hr>
          </gpxtpx:TrackPointExtension>
        </extensions>
      </trkpt>
      <trkpt lat="48.572636000" lon="2.530988000">
        <ele>40.100</ele>
        <time>2024-05-19T11:06:21Z</time>
        <extensions>
          <gpxtpx:TrackPointExtension>
            <gpxtpx:hr>143</gpxtpx:hr>
          </gpxtpx:TrackPointExtension>
        </extensions>
      </trkpt>
      <trkpt lat="48.572639000" lon="2.530971000">
        <ele>40.200</ele>
        <time>2024-05-19T11:06:24Z</time>
        <extensions>
          <gpxtpx:TrackPointExtension>
            <gpxtpx:hr>143</gpxtpx:hr>
          </gpxtpx:TrackPointExtension>
        </extensions>
      </trkpt>
      <trkpt lat="48.572646000" lon="2.530973000">
        <ele>40.200</ele>
        <time>2024-05-19T11:06:25Z</time>
        <extensions>
          <gpxtpx:TrackPointExtension>
            <gpxtpx:hr>139</gpxtpx:hr>
          </gpxtpx:TrackPointExtension>
        </extensions>
      </trkpt>
      <trkpt lat="48.572642000" lon="2.530959000">
        <ele>40.200</ele>
        <time>2024-05-19T11:06:28Z</time>
        <extensions>
          <gpxtpx:TrackPointExtension>
            <gpxtpx:hr>139</gpxtpx:hr>
          </gpxtpx:TrackPointExtension>
        </extensions>
      </trkpt>
      <trkpt lat="48.572645000" lon="2.530966000">
        <ele>40.200</ele>
        <time>2024-05-19T11:06:30Z</time>
        <extensions>
          <gpxtpx:TrackPointExtension>
            <gpxtpx:hr>139</gpxtpx:hr>
          </gpxtpx:TrackPointExtension>
        </extensions>
      </trkpt>
      <trkpt lat="48.572617000" lon="2.530942000">
        <ele>40.300</ele>
        <time>2024-05-19T11:06:33Z</time>
        <extensions>
          <gpxtpx:TrackPointExtension>
            <gpxtpx:hr>137</gpxtpx:hr>
          </gpxtpx:TrackPointExtension>
        </extensions>
      </trkpt>
      <trkpt lat="48.572595000" lon="2.530949000">
        <ele>40.400</ele>
        <time>2024-05-19T11:06:38Z</time>
        <extensions>
          <gpxtpx:TrackPointExtension>
            <gpxtpx:hr>138</gpxtpx:hr>
          </gpxtpx:TrackPointExtension>
        </extensions>
      </trkpt>
      <trkpt lat="48.572604000" lon="2.530951000">
        <ele>40.300</ele>
        <time>2024-05-19T11:06:39Z</time>
        <extensions>
          <gpxtpx:TrackPointExtension>
            <gpxtpx:hr>138</gpxtpx:hr>
          </gpxtpx:TrackPointExtension>
        </extensions>
      </trkpt>
      <trkpt lat="48.572616000" lon="2.530930000">
        <ele>40.300</ele>
        <time>2024-05-19T11:06:42Z</time>
        <extensions>
          <gpxtpx:TrackPointExtension>
            <gpxtpx:hr>138</gpxtpx:hr>
          </gpxtpx:TrackPointExtension>
        </extensions>
      </trkpt>
      <trkpt lat="48.572600000" lon="2.530927000">
        <ele>40.400</ele>
        <time>2024-05-19T11:06:46Z</time>
        <extensions>
          <gpxtpx:TrackPointExtension>
            <gpxtpx:hr>137</gpxtpx:hr>
          </gpxtpx:TrackPointExtension>
        </extensions>
      </trkpt>
      <trkpt lat="48.572609000" lon="2.530928000">
        <ele>40.300</ele>
        <time>2024-05-19T11:06:47Z</time>
        <extensions>
          <gpxtpx:TrackPointExtension>
            <gpxtpx:hr>137</gpxtpx:hr>
          </gpxtpx:TrackPointExtension>
        </extensions>
      </trkpt>
      <trkpt lat="48.572582000" lon="2.530936000">
        <ele>40.400</ele>
        <time>2024-05-19T11:06:52Z</time>
        <extensions>
          <gpxtpx:TrackPointExtension>
            <gpxtpx:hr>136</gpxtpx:hr>
          </gpxtpx:TrackPointExtension>
        </extensions>
      </trkpt>
      <trkpt lat="48.572586000" lon="2.530965000">
        <ele>40.400</ele>
        <time>2024-05-19T11:06:53Z</time>
        <extensions>
          <gpxtpx:TrackPointExtension>
            <gpxtpx:hr>136</gpxtpx:hr>
          </gpxtpx:TrackPointExtension>
        </extensions>
      </trkpt>
      <trkpt lat="48.572595000" lon="2.530941000">
        <ele>40.400</ele>
        <time>2024-05-19T11:06:55Z</time>
        <extensions>
          <gpxtpx:TrackPointExtension>
            <gpxtpx:hr>136</gpxtpx:hr>
          </gpxtpx:TrackPointExtension>
        </extensions>
      </trkpt>
      <trkpt lat="48.572543000" lon="2.530965000">
        <ele>40.600</ele>
        <time>2024-05-19T11:07:02Z</time>
        <extensions>
          <gpxtpx:TrackPointExtension>
            <gpxtpx:hr>135</gpxtpx:hr>
          </gpxtpx:TrackPointExtension>
        </extensions>
      </trkpt>
      <trkpt lat="48.572543000" lon="2.530956000">
        <ele>40.600</ele>
        <time>2024-05-19T11:07:04Z</time>
        <extensions>
          <gpxtpx:TrackPointExtension>
            <gpxtpx:hr>135</gpxtpx:hr>
          </gpxtpx:TrackPointExtension>
        </extensions>
      </trkpt>
      <trkpt lat="48.572539000" lon="2.530962000">
        <ele>40.600</ele>
        <time>2024-05-19T11:07:07Z</time>
        <extensions>
          <gpxtpx:TrackPointExtension>
            <gpxtpx:hr>133</gpxtpx:hr>
          </gpxtpx:TrackPointExtension>
        </extensions>
      </trkpt>
      <trkpt lat="48.572539000" lon="2.530933000">
        <ele>40.600</ele>
        <time>2024-05-19T11:07:12Z</time>
        <extensions>
          <gpxtpx:TrackPointExtension>
            <gpxtpx:hr>130</gpxtpx:hr>
          </gpxtpx:TrackPointExtension>
        </extensions>
      </trkpt>
      <trkpt lat="48.572555000" lon="2.530940000">
        <ele>40.500</ele>
        <time>2024-05-19T11:07:17Z</time>
        <extensions>
          <gpxtpx:TrackPointExtension>
            <gpxtpx:hr>130</gpxtpx:hr>
          </gpxtpx:TrackPointExtension>
        </extensions>
      </trkpt>
      <trkpt lat="48.572557000" lon="2.530922000">
        <ele>40.500</ele>
        <time>2024-05-19T11:07:22Z</time>
        <extensions>
          <gpxtpx:TrackPointExtension>
            <gpxtpx:hr>130</gpxtpx:hr>
          </gpxtpx:TrackPointExtension>
        </extensions>
      </trkpt>
      <trkpt lat="48.572538000" lon="2.530905000">
        <ele>40.600</ele>
        <time>2024-05-19T11:07:25Z</time>
        <extensions>
          <gpxtpx:TrackPointExtension>
            <gpxtpx:hr>130</gpxtpx:hr>
          </gpxtpx:TrackPointExtension>
        </extensions>
      </trkpt>
      <trkpt lat="48.572537000" lon="2.530917000">
        <ele>40.600</ele>
        <time>2024-05-19T11:07:33Z</time>
        <extensions>
          <gpxtpx:TrackPointExtension>
            <gpxtpx:hr>127</gpxtpx:hr>
          </gpxtpx:TrackPointExtension>
        </extensions>
      </trkpt>
      <trkpt lat="48.572525000" lon="2.530914000">
        <ele>40.600</ele>
        <time>2024-05-19T11:07:36Z</time>
        <extensions>
          <gpxtpx:TrackPointExtension>
            <gpxtpx:hr>126</gpxtpx:hr>
          </gpxtpx:TrackPointExtension>
        </extensions>
      </trkpt>
      <trkpt lat="48.572535000" lon="2.530925000">
        <ele>40.600</ele>
        <time>2024-05-19T11:07:38Z</time>
        <extensions>
          <gpxtpx:TrackPointExtension>
            <gpxtpx:hr>127</gpxtpx:hr>
          </gpxtpx:TrackPointExtension>
        </extensions>
      </trkpt>
      <trkpt lat="48.572559000" lon="2.530912000">
        <ele>40.500</ele>
        <time>2024-05-19T11:07:41Z</time>
        <extensions>
          <gpxtpx:TrackPointExtension>
            <gpxtpx:hr>127</gpxtpx:hr>
          </gpxtpx:TrackPointExtension>
        </extensions>
      </trkpt>
      <trkpt lat="48.572601000" lon="2.530915000">
        <ele>40.400</ele>
        <time>2024-05-19T11:07:46Z</time>
        <extensions>
          <gpxtpx:TrackPointExtension>
            <gpxtpx:hr>129</gpxtpx:hr>
          </gpxtpx:TrackPointExtension>
        </extensions>
      </trkpt>
      <trkpt lat="48.572603000" lon="2.530933000">
        <ele>40.400</ele>
        <time>2024-05-19T11:07:48Z</time>
        <extensions>
          <gpxtpx:TrackPointExtension>
            <gpxtpx:hr>129</gpxtpx:hr>
          </gpxtpx:TrackPointExtension>
        </extensions>
      </trkpt>
      <trkpt lat="48.572590000" lon="2.530928000">
        <ele>40.400</ele>
        <time>2024-05-19T11:07:49Z</time>
        <extensions>
          <gpxtpx:TrackPointExtension>
            <gpxtpx:hr>129</gpxtpx:hr>
          </gpxtpx:TrackPointExtension>
        </extensions>
      </trkpt>
      <trkpt lat="48.572591000" lon="2.530937000">
        <ele>40.400</ele>
        <time>2024-05-19T11:07:50Z</time>
        <extensions>
          <gpxtpx:TrackPointExtension>
            <gpxtpx:hr>129</gpxtpx:hr>
          </gpxtpx:TrackPointExtension>
        </extensions>
      </trkpt>
      <trkpt lat="48.572581000" lon="2.530926000">
        <ele>40.400</ele>
        <time>2024-05-19T11:07:54Z</time>
        <extensions>
          <gpxtpx:TrackPointExtension>
            <gpxtpx:hr>124</gpxtpx:hr>
          </gpxtpx:TrackPointExtension>
        </extensions>
      </trkpt>
      <trkpt lat="48.572585000" lon="2.530947000">
        <ele>40.400</ele>
        <time>2024-05-19T11:07:56Z</time>
        <extensions>
          <gpxtpx:TrackPointExtension>
            <gpxtpx:hr>124</gpxtpx:hr>
          </gpxtpx:TrackPointExtension>
        </extensions>
      </trkpt>
      <trkpt lat="48.572588000" lon="2.530924000">
        <ele>40.400</ele>
        <time>2024-05-19T11:07:57Z</time>
        <extensions>
          <gpxtpx:TrackPointExtension>
            <gpxtpx:hr>124</gpxtpx:hr>
          </gpxtpx:TrackPointExtension>
        </extensions>
      </trkpt>
      <trkpt lat="48.572582000" lon="2.530935000">
        <ele>40.400</ele>
        <time>2024-05-19T11:07:58Z</time>
        <extensions>
          <gpxtpx:TrackPointExtension>
            <gpxtpx:hr>124</gpxtpx:hr>
          </gpxtpx:TrackPointExtension>
        </extensions>
      </trkpt>
      <trkpt lat="48.572545000" lon="2.530926000">
        <ele>40.600</ele>
        <time>2024-05-19T11:08:00Z</time>
        <extensions>
          <gpxtpx:TrackPointExtension>
            <gpxtpx:hr>125</gpxtpx:hr>
          </gpxtpx:TrackPointExtension>
        </extensions>
      </trkpt>
      <trkpt lat="48.572585000" lon="2.530917000">
        <ele>40.400</ele>
        <time>2024-05-19T11:08:02Z</time>
        <extensions>
          <gpxtpx:TrackPointExtension>
            <gpxtpx:hr>125</gpxtpx:hr>
          </gpxtpx:TrackPointExtension>
        </extensions>
      </trkpt>
      <trkpt lat="48.572605000" lon="2.530936000">
        <ele>40.300</ele>
        <time>2024-05-19T11:08:03Z</time>
        <extensions>
          <gpxtpx:TrackPointExtension>
            <gpxtpx:hr>125</gpxtpx:hr>
          </gpxtpx:TrackPointExtension>
        </extensions>
      </trkpt>
      <trkpt lat="48.572600000" lon="2.530962000">
        <ele>40.400</ele>
        <time>2024-05-19T11:08:05Z</time>
        <extensions>
          <gpxtpx:TrackPointExtension>
            <gpxtpx:hr>126</gpxtpx:hr>
          </gpxtpx:TrackPointExtension>
        </extensions>
      </trkpt>
      <trkpt lat="48.572595000" lon="2.530951000">
        <ele>40.400</ele>
        <time>2024-05-19T11:08:06Z</time>
        <extensions>
          <gpxtpx:TrackPointExtension>
            <gpxtpx:hr>126</gpxtpx:hr>
          </gpxtpx:TrackPointExtension>
        </extensions>
      </trkpt>
      <trkpt lat="48.572588000" lon="2.530958000">
        <ele>40.400</ele>
        <time>2024-05-19T11:08:08Z</time>
        <extensions>
          <gpxtpx:TrackPointExtension>
            <gpxtpx:hr>126</gpxtpx:hr>
          </gpxtpx:TrackPointExtension>
        </extensions>
      </trkpt>
      <trkpt lat="48.572597000" lon="2.530955000">
        <ele>40.400</ele>
        <time>2024-05-19T11:08:09Z</time>
        <extensions>
          <gpxtpx:TrackPointExtension>
            <gpxtpx:hr>130</gpxtpx:hr>
          </gpxtpx:TrackPointExtension>
        </extensions>
      </trkpt>
      <trkpt lat="48.572593000" lon="2.530946000">
        <ele>40.400</ele>
        <time>2024-05-19T11:08:10Z</time>
        <extensions>
          <gpxtpx:TrackPointExtension>
            <gpxtpx:hr>130</gpxtpx:hr>
          </gpxtpx:TrackPointExtension>
        </extensions>
      </trkpt>
      <trkpt lat="48.572594000" lon="2.530959000">
        <ele>40.400</ele>
        <time>2024-05-19T11:08:11Z</time>
        <extensions>
          <gpxtpx:TrackPointExtension>
            <gpxtpx:hr>130</gpxtpx:hr>
          </gpxtpx:TrackPointExtension>
        </extensions>
      </trkpt>
      <trkpt lat="48.572622000" lon="2.530969000">
        <ele>40.300</ele>
        <time>2024-05-19T11:08:13Z</time>
        <extensions>
          <gpxtpx:TrackPointExtension>
            <gpxtpx:hr>131</gpxtpx:hr>
          </gpxtpx:TrackPointExtension>
        </extensions>
      </trkpt>
      <trkpt lat="48.572635000" lon="2.530952000">
        <ele>40.200</ele>
        <time>2024-05-19T11:08:14Z</time>
        <extensions>
          <gpxtpx:TrackPointExtension>
            <gpxtpx:hr>131</gpxtpx:hr>
          </gpxtpx:TrackPointExtension>
        </extensions>
      </trkpt>
      <trkpt lat="48.572641000" lon="2.530976000">
        <ele>40.200</ele>
        <time>2024-05-19T11:08:16Z</time>
        <extensions>
          <gpxtpx:TrackPointExtension>
            <gpxtpx:hr>131</gpxtpx:hr>
          </gpxtpx:TrackPointExtension>
        </extensions>
      </trkpt>
      <trkpt lat="48.572639000" lon="2.530959000">
        <ele>40.200</ele>
        <time>2024-05-19T11:08:18Z</time>
        <extensions>
          <gpxtpx:TrackPointExtension>
            <gpxtpx:hr>131</gpxtpx:hr>
          </gpxtpx:TrackPointExtension>
        </extensions>
      </trkpt>
      <trkpt lat="48.572651000" lon="2.530951000">
        <ele>40.200</ele>
        <time>2024-05-19T11:08:19Z</time>
        <extensions>
          <gpxtpx:TrackPointExtension>
            <gpxtpx:hr>131</gpxtpx:hr>
          </gpxtpx:TrackPointExtension>
        </extensions>
      </trkpt>
      <trkpt lat="48.572674000" lon="2.530961000">
        <ele>40.100</ele>
        <time>2024-05-19T11:08:20Z</time>
        <extensions>
          <gpxtpx:TrackPointExtension>
            <gpxtpx:hr>131</gpxtpx:hr>
          </gpxtpx:TrackPointExtension>
        </extensions>
      </trkpt>
      <trkpt lat="48.572652000" lon="2.530964000">
        <ele>40.200</ele>
        <time>2024-05-19T11:08:22Z</time>
        <extensions>
          <gpxtpx:TrackPointExtension>
            <gpxtpx:hr>131</gpxtpx:hr>
          </gpxtpx:TrackPointExtension>
        </extensions>
      </trkpt>
      <trkpt lat="48.572631000" lon="2.530946000">
        <ele>40.300</ele>
        <time>2024-05-19T11:08:24Z</time>
        <extensions>
          <gpxtpx:TrackPointExtension>
            <gpxtpx:hr>131</gpxtpx:hr>
          </gpxtpx:TrackPointExtension>
        </extensions>
      </trkpt>
      <trkpt lat="48.572611000" lon="2.530968000">
        <ele>40.300</ele>
        <time>2024-05-19T11:08:26Z</time>
        <extensions>
          <gpxtpx:TrackPointExtension>
            <gpxtpx:hr>143</gpxtpx:hr>
          </gpxtpx:TrackPointExtension>
        </extensions>
      </trkpt>
      <trkpt lat="48.572602000" lon="2.530959000">
        <ele>40.400</ele>
        <time>2024-05-19T11:08:27Z</time>
        <extensions>
          <gpxtpx:TrackPointExtension>
            <gpxtpx:hr>143</gpxtpx:hr>
          </gpxtpx:TrackPointExtension>
        </extensions>
      </trkpt>
      <trkpt lat="48.572586000" lon="2.530970000">
        <ele>40.400</ele>
        <time>2024-05-19T11:08:29Z</time>
        <extensions>
          <gpxtpx:TrackPointExtension>
            <gpxtpx:hr>143</gpxtpx:hr>
          </gpxtpx:TrackPointExtension>
        </extensions>
      </trkpt>
      <trkpt lat="48.572572000" lon="2.530959000">
        <ele>40.500</ele>
        <time>2024-05-19T11:08:32Z</time>
        <extensions>
          <gpxtpx:TrackPointExtension>
            <gpxtpx:hr>143</gpxtpx:hr>
          </gpxtpx:TrackPointExtension>
        </extensions>
      </trkpt>
      <trkpt lat="48.572552000" lon="2.531000000">
        <ele>40.500</ele>
        <time>2024-05-19T11:08:44Z</time>
        <extensions>
          <gpxtpx:TrackPointExtension>
            <gpxtpx:hr>141</gpxtpx:hr>
          </gpxtpx:TrackPointExtension>
        </extensions>
      </trkpt>
      <trkpt lat="48.572559000" lon="2.530992000">
        <ele>40.500</ele>
        <time>2024-05-19T11:08:45Z</time>
        <extensions>
          <gpxtpx:TrackPointExtension>
            <gpxtpx:hr>141</gpxtpx:hr>
          </gpxtpx:TrackPointExtension>
        </extensions>
      </trkpt>
      <trkpt lat="48.572545000" lon="2.531046000">
        <ele>40.600</ele>
        <time>2024-05-19T11:08:47Z</time>
        <extensions>
          <gpxtpx:TrackPointExtension>
            <gpxtpx:hr>140</gpxtpx:hr>
          </gpxtpx:TrackPointExtension>
        </extensions>
      </trkpt>
      <trkpt lat="48.572518000" lon="2.531040000">
        <ele>40.700</ele>
        <time>2024-05-19T11:08:48Z</time>
        <extensions>
          <gpxtpx:TrackPointExtension>
            <gpxtpx:hr>140</gpxtpx:hr>
          </gpxtpx:TrackPointExtension>
        </extensions>
      </trkpt>
      <trkpt lat="48.572518000" lon="2.531016000">
        <ele>40.700</ele>
        <time>2024-05-19T11:08:49Z</time>
        <extensions>
          <gpxtpx:TrackPointExtension>
            <gpxtpx:hr>140</gpxtpx:hr>
          </gpxtpx:TrackPointExtension>
        </extensions>
      </trkpt>
      <trkpt lat="48.572554000" lon="2.530980000">
        <ele>40.500</ele>
        <time>2024-05-19T11:08:51Z</time>
        <extensions>
          <gpxtpx:TrackPointExtension>
            <gpxtpx:hr>140</gpxtpx:hr>
          </gpxtpx:TrackPointExtension>
        </extensions>
      </trkpt>
      <trkpt lat="48.572528000" lon="2.530960000">
        <ele>40.600</ele>
        <time>2024-05-19T11:08:55Z</time>
        <extensions>
          <gpxtpx:TrackPointExtension>
            <gpxtpx:hr>143</gpxtpx:hr>
          </gpxtpx:TrackPointExtension>
        </extensions>
      </trkpt>
      <trkpt lat="48.572576000" lon="2.530955000">
        <ele>40.400</ele>
        <time>2024-05-19T11:09:01Z</time>
        <extensions>
          <gpxtpx:TrackPointExtension>
            <gpxtpx:hr>144</gpxtpx:hr>
          </gpxtpx:TrackPointExtension>
        </extensions>
      </trkpt>
      <trkpt lat="48.572558000" lon="2.530952000">
        <ele>40.500</ele>
        <time>2024-05-19T11:09:05Z</time>
        <extensions>
          <gpxtpx:TrackPointExtension>
            <gpxtpx:hr>144</gpxtpx:hr>
          </gpxtpx:TrackPointExtension>
        </extensions>
      </trkpt>
      <trkpt lat="48.572568000" lon="2.530934000">
        <ele>40.500</ele>
        <time>2024-05-19T11:09:11Z</time>
        <extensions>
          <gpxtpx:TrackPointExtension>
            <gpxtpx:hr>136</gpxtpx:hr>
          </gpxtpx:TrackPointExtension>
        </extensions>
      </trkpt>
      <trkpt lat="48.572568000" lon="2.530961000">
        <ele>40.500</ele>
        <time>2024-05-19T11:09:12Z</time>
        <extensions>
          <gpxtpx:TrackPointExtension>
            <gpxtpx:hr>136</gpxtpx:hr>
          </gpxtpx:TrackPointExtension>
        </extensions>
      </trkpt>
      <trkpt lat="48.572595000" lon="2.531020000">
        <ele>40.400</ele>
        <time>2024-05-19T11:09:14Z</time>
        <extensions>
          <gpxtpx:TrackPointExtension>
            <gpxtpx:hr>136</gpxtpx:hr>
          </gpxtpx:TrackPointExtension>
        </extensions>
      </trkpt>
      <trkpt lat="48.572595000" lon="2.531070000">
        <ele>40.300</ele>
        <time>2024-05-19T11:09:16Z</time>
        <extensions>
          <gpxtpx:TrackPointExtension>
            <gpxtpx:hr>136</gpxtpx:hr>
          </gpxtpx:TrackPointExtension>
        </extensions>
      </trkpt>
      <trkpt lat="48.572590000" lon="2.531059000">
        <ele>40.400</ele>
        <time>2024-05-19T11:09:17Z</time>
        <extensions>
          <gpxtpx:TrackPointExtension>
            <gpxtpx:hr>136</gpxtpx:hr>
          </gpxtpx:TrackPointExtension>
        </extensions>
      </trkpt>
      <trkpt lat="48.572616000" lon="2.531030000">
        <ele>40.300</ele>
        <time>2024-05-19T11:09:22Z</time>
        <extensions>
          <gpxtpx:TrackPointExtension>
            <gpxtpx:hr>138</gpxtpx:hr>
          </gpxtpx:TrackPointExtension>
        </extensions>
      </trkpt>
      <trkpt lat="48.572606000" lon="2.530988000">
        <ele>40.300</ele>
        <time>2024-05-19T11:09:30Z</time>
        <extensions>
          <gpxtpx:TrackPointExtension>
            <gpxtpx:hr>134</gpxtpx:hr>
          </gpxtpx:TrackPointExtension>
        </extensions>
      </trkpt>
      <trkpt lat="48.572624000" lon="2.530984000">
        <ele>40.300</ele>
        <time>2024-05-19T11:09:33Z</time>
        <extensions>
          <gpxtpx:TrackPointExtension>
            <gpxtpx:hr>134</gpxtpx:hr>
          </gpxtpx:TrackPointExtension>
        </extensions>
      </trkpt>
      <trkpt lat="48.572615000" lon="2.530983000">
        <ele>40.300</ele>
        <time>2024-05-19T11:09:35Z</time>
        <extensions>
          <gpxtpx:TrackPointExtension>
            <gpxtpx:hr>135</gpxtpx:hr>
          </gpxtpx:TrackPointExtension>
        </extensions>
      </trkpt>
      <trkpt lat="48.572621000" lon="2.530982000">
        <ele>40.300</ele>
        <time>2024-05-19T11:09:36Z</time>
        <extensions>
          <gpxtpx:TrackPointExtension>
            <gpxtpx:hr>135</gpxtpx:hr>
          </gpxtpx:TrackPointExtension>
        </extensions>
      </trkpt>
      <trkpt lat="48.572626000" lon="2.530954000">
        <ele>40.300</ele>
        <time>2024-05-19T11:09:38Z</time>
        <extensions>
          <gpxtpx:TrackPointExtension>
            <gpxtpx:hr>135</gpxtpx:hr>
          </gpxtpx:TrackPointExtension>
        </extensions>
      </trkpt>
      <trkpt lat="48.572614000" lon="2.530965000">
        <ele>40.300</ele>
        <time>2024-05-19T11:09:40Z</time>
        <extensions>
          <gpxtpx:TrackPointExtension>
            <gpxtpx:hr>134</gpxtpx:hr>
          </gpxtpx:TrackPointExtension>
        </extensions>
      </trkpt>
      <trkpt lat="48.572590000" lon="2.530962000">
        <ele>40.400</ele>
        <time>2024-05-19T11:09:43Z</time>
        <extensions>
          <gpxtpx:TrackPointExtension>
            <gpxtpx:hr>134</gpxtpx:hr>
          </gpxtpx:TrackPointExtension>
        </extensions>
      </trkpt>
      <trkpt lat="48.572573000" lon="2.530977000">
        <ele>40.500</ele>
        <time>2024-05-19T11:09:45Z</time>
        <extensions>
          <gpxtpx:TrackPointExtension>
            <gpxtpx:hr>134</gpxtpx:hr>
          </gpxtpx:TrackPointExtension>
        </extensions>
      </trkpt>
      <trkpt lat="48.572567000" lon="2.530969000">
        <ele>40.500</ele>
        <time>2024-05-19T11:09:48Z</time>
        <extensions>
          <gpxtpx:TrackPointExtension>
            <gpxtpx:hr>134</gpxtpx:hr>
          </gpxtpx:TrackPointExtension>
        </extensions>
      </trkpt>
      <trkpt lat="48.572565000" lon="2.530998000">
        <ele>40.500</ele>
        <time>2024-05-19T11:09:56Z</time>
        <extensions>
          <gpxtpx:TrackPointExtension>
            <gpxtpx:hr>130</gpxtpx:hr>
          </gpxtpx:TrackPointExtension>
        </extensions>
      </trkpt>
      <trkpt lat="48.572600000" lon="2.531054000">
        <ele>40.400</ele>
        <time>2024-05-19T11:10:02Z</time>
        <extensions>
          <gpxtpx:TrackPointExtension>
            <gpxtpx:hr>129</gpxtpx:hr>
          </gpxtpx:TrackPointExtension>
        </extensions>
      </trkpt>
      <trkpt lat="48.572618000" lon="2.531058000">
        <ele>40.300</ele>
        <time>2024-05-19T11:10:03Z</time>
        <extensions>
          <gpxtpx:TrackPointExtension>
            <gpxtpx:hr>129</gpxtpx:hr>
          </gpxtpx:TrackPointExtension>
        </extensions>
      </trkpt>
      <trkpt lat="48.572635000" lon="2.530992000">
        <ele>40.200</ele>
        <time>2024-05-19T11:10:07Z</time>
        <extensions>
          <gpxtpx:TrackPointExtension>
            <gpxtpx:hr>127</gpxtpx:hr>
          </gpxtpx:TrackPointExtension>
        </extensions>
      </trkpt>
      <trkpt lat="48.572617000" lon="2.531003000">
        <ele>40.300</ele>
        <time>2024-05-19T11:10:13Z</time>
        <extensions>
          <gpxtpx:TrackPointExtension>
            <gpxtpx:hr>127</gpxtpx:hr>
          </gpxtpx:TrackPointExtension>
        </extensions>
      </trkpt>
      <trkpt lat="48.572629000" lon="2.530974000">
        <ele>40.300</ele>
        <time>2024-05-19T11:10:23Z</time>
        <extensions>
          <gpxtpx:TrackPointExtension>
            <gpxtpx:hr>126</gpxtpx:hr>
          </gpxtpx:TrackPointExtension>
        </extensions>
      </trkpt>
      <trkpt lat="48.572607000" lon="2.530998000">
        <ele>40.300</ele>
        <time>2024-05-19T11:10:29Z</time>
        <extensions>
          <gpxtpx:TrackPointExtension>
            <gpxtpx:hr>126</gpxtpx:hr>
          </gpxtpx:TrackPointExtension>
        </extensions>
      </trkpt>
      <trkpt lat="48.572621000" lon="2.531011000">
        <ele>40.300</ele>
        <time>2024-05-19T11:10:30Z</time>
        <extensions>
          <gpxtpx:TrackPointExtension>
            <gpxtpx:hr>126</gpxtpx:hr>
          </gpxtpx:TrackPointExtension>
        </extensions>
      </trkpt>
      <trkpt lat="48.572619000" lon="2.530989000">
        <ele>40.300</ele>
        <time>2024-05-19T11:10:31Z</time>
        <extensions>
          <gpxtpx:TrackPointExtension>
            <gpxtpx:hr>126</gpxtpx:hr>
          </gpxtpx:TrackPointExtension>
        </extensions>
      </trkpt>
      <trkpt lat="48.572600000" lon="2.531015000">
        <ele>40.400</ele>
        <time>2024-05-19T11:10:34Z</time>
        <extensions>
          <gpxtpx:TrackPointExtension>
            <gpxtpx:hr>126</gpxtpx:hr>
          </gpxtpx:TrackPointExtension>
        </extensions>
      </trkpt>
      <trkpt lat="48.572560000" lon="2.531022000">
        <ele>40.500</ele>
        <time>2024-05-19T11:10:37Z</time>
        <extensions>
          <gpxtpx:TrackPointExtension>
            <gpxtpx:hr>126</gpxtpx:hr>
          </gpxtpx:TrackPointExtension>
        </extensions>
      </trkpt>
      <trkpt lat="48.572542000" lon="2.531081000">
        <ele>40.600</ele>
        <time>2024-05-19T11:10:40Z</time>
        <extensions>
          <gpxtpx:TrackPointExtension>
            <gpxtpx:hr>126</gpxtpx:hr>
          </gpxtpx:TrackPointExtension>
        </extensions>
      </trkpt>
      <trkpt lat="48.572521000" lon="2.531080000">
        <ele>40.600</ele>
        <time>2024-05-19T11:10:42Z</time>
        <extensions>
          <gpxtpx:TrackPointExtension>
            <gpxtpx:hr>131</gpxtpx:hr>
          </gpxtpx:TrackPointExtension>
        </extensions>
      </trkpt>
      <trkpt lat="48.572513000" lon="2.531108000">
        <ele>40.700</ele>
        <time>2024-05-19T11:10:44Z</time>
        <extensions>
          <gpxtpx:TrackPointExtension>
            <gpxtpx:hr>131</gpxtpx:hr>
          </gpxtpx:TrackPointExtension>
        </extensions>
      </trkpt>
      <trkpt lat="48.572456000" lon="2.531099000">
        <ele>41.000</ele>
        <time>2024-05-19T11:10:49Z</time>
        <extensions>
          <gpxtpx:TrackPointExtension>
            <gpxtpx:hr>130</gpxtpx:hr>
          </gpxtpx:TrackPointExtension>
        </extensions>
      </trkpt>
      <trkpt lat="48.572460000" lon="2.531111000">
        <ele>41.000</ele>
        <time>2024-05-19T11:10:50Z</time>
        <extensions>
          <gpxtpx:TrackPointExtension>
            <gpxtpx:hr>130</gpxtpx:hr>
          </gpxtpx:TrackPointExtension>
        </extensions>
      </trkpt>
      <trkpt lat="48.572477000" lon="2.531096000">
        <ele>40.800</ele>
        <time>2024-05-19T11:10:53Z</time>
        <extensions>
          <gpxtpx:TrackPointExtension>
            <gpxtpx:hr>130</gpxtpx:hr>
          </gpxtpx:TrackPointExtension>
        </extensions>
      </trkpt>
      <trkpt lat="48.572479000" lon="2.531119000">
        <ele>40.800</ele>
        <time>2024-05-19T11:10:56Z</time>
        <extensions>
          <gpxtpx:TrackPointExtension>
            <gpxtpx:hr>130</gpxtpx:hr>
          </gpxtpx:TrackPointExtension>
        </extensions>
      </trkpt>
      <trkpt lat="48.572549000" lon="2.531125000">
        <ele>40.500</ele>
        <time>2024-05-19T11:11:05Z</time>
        <extensions>
          <gpxtpx:TrackPointExtension>
            <gpxtpx:hr>131</gpxtpx:hr>
          </gpxtpx:TrackPointExtension>
        </extensions>
      </trkpt>
      <trkpt lat="48.572479000" lon="2.531105000">
        <ele>40.800</ele>
        <time>2024-05-19T11:11:10Z</time>
        <extensions>
          <gpxtpx:TrackPointExtension>
            <gpxtpx:hr>131</gpxtpx:hr>
          </gpxtpx:TrackPointExtension>
        </extensions>
      </trkpt>
      <trkpt lat="48.572423000" lon="2.531033000">
        <ele>41.100</ele>
        <time>2024-05-19T11:11:15Z</time>
        <extensions>
          <gpxtpx:TrackPointExtension>
            <gpxtpx:hr>130</gpxtpx:hr>
          </gpxtpx:TrackPointExtension>
        </extensions>
      </trkpt>
      <trkpt lat="48.572383000" lon="2.531005000">
        <ele>41.300</ele>
        <time>2024-05-19T11:11:19Z</time>
        <extensions>
          <gpxtpx:TrackPointExtension>
            <gpxtpx:hr>132</gpxtpx:hr>
          </gpxtpx:TrackPointExtension>
        </extensions>
      </trkpt>
      <trkpt lat="48.572369000" lon="2.531045000">
        <ele>41.400</ele>
        <time>2024-05-19T11:11:22Z</time>
        <extensions>
          <gpxtpx:TrackPointExtension>
            <gpxtpx:hr>132</gpxtpx:hr>
          </gpxtpx:TrackPointExtension>
        </extensions>
      </trkpt>
      <trkpt lat="48.572394000" lon="2.531047000">
        <ele>41.200</ele>
        <time>2024-05-19T11:11:24Z</time>
        <extensions>
          <gpxtpx:TrackPointExtension>
            <gpxtpx:hr>132</gpxtpx:hr>
          </gpxtpx:TrackPointExtension>
        </extensions>
      </trkpt>
      <trkpt lat="48.572391000" lon="2.531056000">
        <ele>41.200</ele>
        <time>2024-05-19T11:11:26Z</time>
        <extensions>
          <gpxtpx:TrackPointExtension>
            <gpxtpx:hr>132</gpxtpx:hr>
          </gpxtpx:TrackPointExtension>
        </extensions>
      </trkpt>
      <trkpt lat="48.572431000" lon="2.531087000">
        <ele>41.100</ele>
        <time>2024-05-19T11:11:31Z</time>
        <extensions>
          <gpxtpx:TrackPointExtension>
            <gpxtpx:hr>134</gpxtpx:hr>
          </gpxtpx:TrackPointExtension>
        </extensions>
      </trkpt>
      <trkpt lat="48.572411000" lon="2.531102000">
        <ele>41.100</ele>
        <time>2024-05-19T11:11:39Z</time>
        <extensions>
          <gpxtpx:TrackPointExtension>
            <gpxtpx:hr>131</gpxtpx:hr>
          </gpxtpx:TrackPointExtension>
        </extensions>
      </trkpt>
      <trkpt lat="48.572419000" lon="2.531109000">
        <ele>41.100</ele>
        <time>2024-05-19T11:11:42Z</time>
        <extensions>
          <gpxtpx:TrackPointExtension>
            <gpxtpx:hr>131</gpxtpx:hr>
          </gpxtpx:TrackPointExtension>
        </extensions>
      </trkpt>
      <trkpt lat="48.572417000" lon="2.531119000">
        <ele>41.100</ele>
        <time>2024-05-19T11:11:43Z</time>
        <extensions>
          <gpxtpx:TrackPointExtension>
            <gpxtpx:hr>131</gpxtpx:hr>
          </gpxtpx:TrackPointExtension>
        </extensions>
      </trkpt>
      <trkpt lat="48.572460000" lon="2.531095000">
        <ele>41.000</ele>
        <time>2024-05-19T11:11:45Z</time>
        <extensions>
          <gpxtpx:TrackPointExtension>
            <gpxtpx:hr>131</gpxtpx:hr>
          </gpxtpx:TrackPointExtension>
        </extensions>
      </trkpt>
      <trkpt lat="48.572404000" lon="2.531093000">
        <ele>41.200</ele>
        <time>2024-05-19T11:11:47Z</time>
        <extensions>
          <gpxtpx:TrackPointExtension>
            <gpxtpx:hr>131</gpxtpx:hr>
          </gpxtpx:TrackPointExtension>
        </extensions>
      </trkpt>
      <trkpt lat="48.572389000" lon="2.531048000">
        <ele>41.200</ele>
        <time>2024-05-19T11:11:49Z</time>
        <extensions>
          <gpxtpx:TrackPointExtension>
            <gpxtpx:hr>131</gpxtpx:hr>
          </gpxtpx:TrackPointExtension>
        </extensions>
      </trkpt>
      <trkpt lat="48.572398000" lon="2.531074000">
        <ele>41.200</ele>
        <time>2024-05-19T11:11:51Z</time>
        <extensions>
          <gpxtpx:TrackPointExtension>
            <gpxtpx:hr>131</gpxtpx:hr>
          </gpxtpx:TrackPointExtension>
        </extensions>
      </trkpt>
      <trkpt lat="48.572395000" lon="2.531088000">
        <ele>41.200</ele>
        <time>2024-05-19T11:11:52Z</time>
        <extensions>
          <gpxtpx:TrackPointExtension>
            <gpxtpx:hr>131</gpxtpx:hr>
          </gpxtpx:TrackPointExtension>
        </extensions>
      </trkpt>
      <trkpt lat="48.572417000" lon="2.531066000">
        <ele>41.100</ele>
        <time>2024-05-19T11:11:54Z</time>
        <extensions>
          <gpxtpx:TrackPointExtension>
            <gpxtpx:hr>131</gpxtpx:hr>
          </gpxtpx:TrackPointExtension>
        </extensions>
      </trkpt>
      <trkpt lat="48.572431000" lon="2.531068000">
        <ele>41.100</ele>
        <time>2024-05-19T11:11:56Z</time>
        <extensions>
          <gpxtpx:TrackPointExtension>
            <gpxtpx:hr>131</gpxtpx:hr>
          </gpxtpx:TrackPointExtension>
        </extensions>
      </trkpt>
      <trkpt lat="48.572433000" lon="2.531038000">
        <ele>41.100</ele>
        <time>2024-05-19T11:11:58Z</time>
        <extensions>
          <gpxtpx:TrackPointExtension>
            <gpxtpx:hr>131</gpxtpx:hr>
          </gpxtpx:TrackPointExtension>
        </extensions>
      </trkpt>
      <trkpt lat="48.572451000" lon="2.531016000">
        <ele>41.000</ele>
        <time>2024-05-19T11:12:00Z</time>
        <extensions>
          <gpxtpx:TrackPointExtension>
            <gpxtpx:hr>137</gpxtpx:hr>
          </gpxtpx:TrackPointExtension>
        </extensions>
      </trkpt>
      <trkpt lat="48.572451000" lon="2.530991000">
        <ele>41.000</ele>
        <time>2024-05-19T11:12:01Z</time>
        <extensions>
          <gpxtpx:TrackPointExtension>
            <gpxtpx:hr>137</gpxtpx:hr>
          </gpxtpx:TrackPointExtension>
        </extensions>
      </trkpt>
      <trkpt lat="48.572443000" lon="2.530993000">
        <ele>41.000</ele>
        <time>2024-05-19T11:12:02Z</time>
        <extensions>
          <gpxtpx:TrackPointExtension>
            <gpxtpx:hr>137</gpxtpx:hr>
          </gpxtpx:TrackPointExtension>
        </extensions>
      </trkpt>
      <trkpt lat="48.572443000" lon="2.530915000">
        <ele>41.100</ele>
        <time>2024-05-19T11:12:06Z</time>
        <extensions>
          <gpxtpx:TrackPointExtension>
            <gpxtpx:hr>137</gpxtpx:hr>
          </gpxtpx:TrackPointExtension>
        </extensions>
      </trkpt>
      <trkpt lat="48.572453000" lon="2.530917000">
        <ele>41.100</ele>
        <time>2024-05-19T11:12:07Z</time>
        <extensions>
          <gpxtpx:TrackPointExtension>
            <gpxtpx:hr>137</gpxtpx:hr>
          </gpxtpx:TrackPointExtension>
        </extensions>
      </trkpt>
      <trkpt lat="48.572422000" lon="2.530950000">
        <ele>41.200</ele>
        <time>2024-05-19T11:12:08Z</time>
        <extensions>
          <gpxtpx:TrackPointExtension>
            <gpxtpx:hr>137</gpxtpx:hr>
          </gpxtpx:TrackPointExtension>
        </extensions>
      </trkpt>
      <trkpt lat="48.572418000" lon="2.531003000">
        <ele>41.100</ele>
        <time>2024-05-19T11:12:12Z</time>
        <extensions>
          <gpxtpx:TrackPointExtension>
            <gpxtpx:hr>135</gpxtpx:hr>
          </gpxtpx:TrackPointExtension>
        </extensions>
      </trkpt>
      <trkpt lat="48.572407000" lon="2.530987000">
        <ele>41.100</ele>
        <time>2024-05-19T11:12:14Z</time>
        <extensions>
          <gpxtpx:TrackPointExtension>
            <gpxtpx:hr>135</gpxtpx:hr>
          </gpxtpx:TrackPointExtension>
        </extensions>
      </trkpt>
      <trkpt lat="48.572410000" lon="2.530997000">
        <ele>41.100</ele>
        <time>2024-05-19T11:12:15Z</time>
        <extensions>
          <gpxtpx:TrackPointExtension>
            <gpxtpx:hr>135</gpxtpx:hr>
          </gpxtpx:TrackPointExtension>
        </extensions>
      </trkpt>
      <trkpt lat="48.572402000" lon="2.530996000">
        <ele>41.300</ele>
        <time>2024-05-19T11:12:16Z</time>
        <extensions>
          <gpxtpx:TrackPointExtension>
            <gpxtpx:hr>135</gpxtpx:hr>
          </gpxtpx:TrackPointExtension>
        </extensions>
      </trkpt>
      <trkpt lat="48.572408000" lon="2.531015000">
        <ele>41.100</ele>
        <time>2024-05-19T11:12:18Z</time>
        <extensions>
          <gpxtpx:TrackPointExtension>
            <gpxtpx:hr>135</gpxtpx:hr>
          </gpxtpx:TrackPointExtension>
        </extensions>
      </trkpt>
      <trkpt lat="48.572372000" lon="2.530714000">
        <ele>41.400</ele>
        <time>2024-05-19T11:12:22Z</time>
        <extensions>
          <gpxtpx:TrackPointExtension>
            <gpxtpx:hr>134</gpxtpx:hr>
          </gpxtpx:TrackPointExtension>
        </extensions>
      </trkpt>
      <trkpt lat="48.572401000" lon="2.531055000">
        <ele>41.200</ele>
        <time>2024-05-19T11:12:27Z</time>
        <extensions>
          <gpxtpx:TrackPointExtension>
            <gpxtpx:hr>134</gpxtpx:hr>
          </gpxtpx:TrackPointExtension>
        </extensions>
      </trkpt>
      <trkpt lat="48.572397000" lon="2.530976000">
        <ele>41.300</ele>
        <time>2024-05-19T11:12:30Z</time>
        <extensions>
          <gpxtpx:TrackPointExtension>
            <gpxtpx:hr>134</gpxtpx:hr>
          </gpxtpx:TrackPointExtension>
        </extensions>
      </trkpt>
      <trkpt lat="48.572402000" lon="2.530999000">
        <ele>41.300</ele>
        <time>2024-05-19T11:12:31Z</time>
        <extensions>
          <gpxtpx:TrackPointExtension>
            <gpxtpx:hr>134</gpxtpx:hr>
          </gpxtpx:TrackPointExtension>
        </extensions>
      </trkpt>
      <trkpt lat="48.572397000" lon="2.531048000">
        <ele>41.300</ele>
        <time>2024-05-19T11:12:33Z</time>
        <extensions>
          <gpxtpx:TrackPointExtension>
            <gpxtpx:hr>134</gpxtpx:hr>
          </gpxtpx:TrackPointExtension>
        </extensions>
      </trkpt>
      <trkpt lat="48.572404000" lon="2.531071000">
        <ele>41.200</ele>
        <time>2024-05-19T11:12:34Z</time>
        <extensions>
          <gpxtpx:TrackPointExtension>
            <gpxtpx:hr>140</gpxtpx:hr>
          </gpxtpx:TrackPointExtension>
        </extensions>
      </trkpt>
      <trkpt lat="48.572423000" lon="2.531076000">
        <ele>41.100</ele>
        <time>2024-05-19T11:12:35Z</time>
        <extensions>
          <gpxtpx:TrackPointExtension>
            <gpxtpx:hr>140</gpxtpx:hr>
          </gpxtpx:TrackPointExtension>
        </extensions>
      </trkpt>
      <trkpt lat="48.572420000" lon="2.531084000">
        <ele>41.100</ele>
        <time>2024-05-19T11:12:36Z</time>
        <extensions>
          <gpxtpx:TrackPointExtension>
            <gpxtpx:hr>140</gpxtpx:hr>
          </gpxtpx:TrackPointExtension>
        </extensions>
      </trkpt>
      <trkpt lat="48.572409000" lon="2.531072000">
        <ele>41.100</ele>
        <time>2024-05-19T11:12:37Z</time>
        <extensions>
          <gpxtpx:TrackPointExtension>
            <gpxtpx:hr>140</gpxtpx:hr>
          </gpxtpx:TrackPointExtension>
        </extensions>
      </trkpt>
      <trkpt lat="48.572399000" lon="2.531115000">
        <ele>41.200</ele>
        <time>2024-05-19T11:12:45Z</time>
        <extensions>
          <gpxtpx:TrackPointExtension>
            <gpxtpx:hr>138</gpxtpx:hr>
          </gpxtpx:TrackPointExtension>
        </extensions>
      </trkpt>
      <trkpt lat="48.572418000" lon="2.531085000">
        <ele>41.100</ele>
        <time>2024-05-19T11:12:47Z</time>
        <extensions>
          <gpxtpx:TrackPointExtension>
            <gpxtpx:hr>138</gpxtpx:hr>
          </gpxtpx:TrackPointExtension>
        </extensions>
      </trkpt>
      <trkpt lat="48.572433000" lon="2.530986000">
        <ele>41.100</ele>
        <time>2024-05-19T11:12:49Z</time>
        <extensions>
          <gpxtpx:TrackPointExtension>
            <gpxtpx:hr>138</gpxtpx:hr>
          </gpxtpx:TrackPointExtension>
        </extensions>
      </trkpt>
      <trkpt lat="48.572435000" lon="2.530915000">
        <ele>41.100</ele>
        <time>2024-05-19T11:12:50Z</time>
        <extensions>
          <gpxtpx:TrackPointExtension>
            <gpxtpx:hr>138</gpxtpx:hr>
          </gpxtpx:TrackPointExtension>
        </extensions>
      </trkpt>
      <trkpt lat="48.572457000" lon="2.530940000">
        <ele>41.000</ele>
        <time>2024-05-19T11:12:52Z</time>
        <extensions>
          <gpxtpx:TrackPointExtension>
            <gpxtpx:hr>139</gpxtpx:hr>
          </gpxtpx:TrackPointExtension>
        </extensions>
      </trkpt>
      <trkpt lat="48.572449000" lon="2.531013000">
        <ele>41.000</ele>
        <time>2024-05-19T11:12:56Z</time>
        <extensions>
          <gpxtpx:TrackPointExtension>
            <gpxtpx:hr>139</gpxtpx:hr>
          </gpxtpx:TrackPointExtension>
        </extensions>
      </trkpt>
      <trkpt lat="48.572439000" lon="2.531039000">
        <ele>41.000</ele>
        <time>2024-05-19T11:12:57Z</time>
        <extensions>
          <gpxtpx:TrackPointExtension>
            <gpxtpx:hr>139</gpxtpx:hr>
          </gpxtpx:TrackPointExtension>
        </extensions>
      </trkpt>
      <trkpt lat="48.572443000" lon="2.531056000">
        <ele>41.000</ele>
        <time>2024-05-19T11:12:58Z</time>
        <extensions>
          <gpxtpx:TrackPointExtension>
            <gpxtpx:hr>139</gpxtpx:hr>
          </gpxtpx:TrackPointExtension>
        </extensions>
      </trkpt>
      <trkpt lat="48.572432000" lon="2.531061000">
        <ele>41.100</ele>
        <time>2024-05-19T11:12:59Z</time>
        <extensions>
          <gpxtpx:TrackPointExtension>
            <gpxtpx:hr>139</gpxtpx:hr>
          </gpxtpx:TrackPointExtension>
        </extensions>
      </trkpt>
      <trkpt lat="48.572390000" lon="2.531038000">
        <ele>41.300</ele>
        <time>2024-05-19T11:13:03Z</time>
        <extensions>
          <gpxtpx:TrackPointExtension>
            <gpxtpx:hr>139</gpxtpx:hr>
          </gpxtpx:TrackPointExtension>
        </extensions>
      </trkpt>
      <trkpt lat="48.572392000" lon="2.531029000">
        <ele>41.300</ele>
        <time>2024-05-19T11:13:04Z</time>
        <extensions>
          <gpxtpx:TrackPointExtension>
            <gpxtpx:hr>139</gpxtpx:hr>
          </gpxtpx:TrackPointExtension>
        </extensions>
      </trkpt>
      <trkpt lat="48.572405000" lon="2.531037000">
        <ele>41.100</ele>
        <time>2024-05-19T11:13:09Z</time>
        <extensions>
          <gpxtpx:TrackPointExtension>
            <gpxtpx:hr>139</gpxtpx:hr>
          </gpxtpx:TrackPointExtension>
        </extensions>
      </trkpt>
      <trkpt lat="48.572399000" lon="2.531031000">
        <ele>41.300</ele>
        <time>2024-05-19T11:13:10Z</time>
        <extensions>
          <gpxtpx:TrackPointExtension>
            <gpxtpx:hr>139</gpxtpx:hr>
          </gpxtpx:TrackPointExtension>
        </extensions>
      </trkpt>
      <trkpt lat="48.572409000" lon="2.531029000">
        <ele>41.100</ele>
        <time>2024-05-19T11:13:11Z</time>
        <extensions>
          <gpxtpx:TrackPointExtension>
            <gpxtpx:hr>139</gpxtpx:hr>
          </gpxtpx:TrackPointExtension>
        </extensions>
      </trkpt>
      <trkpt lat="48.572410000" lon="2.531053000">
        <ele>41.100</ele>
        <time>2024-05-19T11:13:12Z</time>
        <extensions>
          <gpxtpx:TrackPointExtension>
            <gpxtpx:hr>139</gpxtpx:hr>
          </gpxtpx:TrackPointExtension>
        </extensions>
      </trkpt>
      <trkpt lat="48.572429000" lon="2.530731000">
        <ele>41.200</ele>
        <time>2024-05-19T11:13:16Z</time>
        <extensions>
          <gpxtpx:TrackPointExtension>
            <gpxtpx:hr>139</gpxtpx:hr>
          </gpxtpx:TrackPointExtension>
        </extensions>
      </trkpt>
      <trkpt lat="48.572409000" lon="2.531002000">
        <ele>41.100</ele>
        <time>2024-05-19T11:13:18Z</time>
        <extensions>
          <gpxtpx:TrackPointExtension>
            <gpxtpx:hr>139</gpxtpx:hr>
          </gpxtpx:TrackPointExtension>
        </extensions>
      </trkpt>
      <trkpt lat="48.572408000" lon="2.530971000">
        <ele>41.200</ele>
        <time>2024-05-19T11:13:19Z</time>
        <extensions>
          <gpxtpx:TrackPointExtension>
            <gpxtpx:hr>139</gpxtpx:hr>
          </gpxtpx:TrackPointExtension>
        </extensions>
      </trkpt>
      <trkpt lat="48.572420000" lon="2.531002000">
        <ele>41.100</ele>
        <time>2024-05-19T11:13:21Z</time>
        <extensions>
          <gpxtpx:TrackPointExtension>
            <gpxtpx:hr>139</gpxtpx:hr>
          </gpxtpx:TrackPointExtension>
        </extensions>
      </trkpt>
      <trkpt lat="48.572400000" lon="2.531093000">
        <ele>41.200</ele>
        <time>2024-05-19T11:13:26Z</time>
        <extensions>
          <gpxtpx:TrackPointExtension>
            <gpxtpx:hr>148</gpxtpx:hr>
          </gpxtpx:TrackPointExtension>
        </extensions>
      </trkpt>
      <trkpt lat="48.572426000" lon="2.531089000">
        <ele>41.100</ele>
        <time>2024-05-19T11:13:27Z</time>
        <extensions>
          <gpxtpx:TrackPointExtension>
            <gpxtpx:hr>148</gpxtpx:hr>
          </gpxtpx:TrackPointExtension>
        </extensions>
      </trkpt>
      <trkpt lat="48.572447000" lon="2.531073000">
        <ele>41.000</ele>
        <time>2024-05-19T11:13:29Z</time>
        <extensions>
          <gpxtpx:TrackPointExtension>
            <gpxtpx:hr>148</gpxtpx:hr>
          </gpxtpx:TrackPointExtension>
        </extensions>
      </trkpt>
      <trkpt lat="48.572457000" lon="2.531050000">
        <ele>41.000</ele>
        <time>2024-05-19T11:13:30Z</time>
        <extensions>
          <gpxtpx:TrackPointExtension>
            <gpxtpx:hr>150</gpxtpx:hr>
          </gpxtpx:TrackPointExtension>
        </extensions>
      </trkpt>
      <trkpt lat="48.572488000" lon="2.531058000">
        <ele>40.900</ele>
        <time>2024-05-19T11:13:32Z</time>
        <extensions>
          <gpxtpx:TrackPointExtension>
            <gpxtpx:hr>150</gpxtpx:hr>
          </gpxtpx:TrackPointExtension>
        </extensions>
      </trkpt>
      <trkpt lat="48.572532000" lon="2.531043000">
        <ele>40.600</ele>
        <time>2024-05-19T11:13:36Z</time>
        <extensions>
          <gpxtpx:TrackPointExtension>
            <gpxtpx:hr>150</gpxtpx:hr>
          </gpxtpx:TrackPointExtension>
        </extensions>
      </trkpt>
      <trkpt lat="48.572518000" lon="2.531060000">
        <ele>40.800</ele>
        <time>2024-05-19T11:13:37Z</time>
        <extensions>
          <gpxtpx:TrackPointExtension>
            <gpxtpx:hr>150</gpxtpx:hr>
          </gpxtpx:TrackPointExtension>
        </extensions>
      </trkpt>
      <trkpt lat="48.572502000" lon="2.531107000">
        <ele>40.700</ele>
        <time>2024-05-19T11:13:39Z</time>
        <extensions>
          <gpxtpx:TrackPointExtension>
            <gpxtpx:hr>149</gpxtpx:hr>
          </gpxtpx:TrackPointExtension>
        </extensions>
      </trkpt>
      <trkpt lat="48.572516000" lon="2.531164000">
        <ele>40.700</ele>
        <time>2024-05-19T11:13:42Z</time>
        <extensions>
          <gpxtpx:TrackPointExtension>
            <gpxtpx:hr>149</gpxtpx:hr>
          </gpxtpx:TrackPointExtension>
        </extensions>
      </trkpt>
      <trkpt lat="48.572569000" lon="2.531115000">
        <ele>40.500</ele>
        <time>2024-05-19T11:13:46Z</time>
        <extensions>
          <gpxtpx:TrackPointExtension>
            <gpxtpx:hr>144</gpxtpx:hr>
          </gpxtpx:TrackPointExtension>
        </extensions>
      </trkpt>
      <trkpt lat="48.572598000" lon="2.531104000">
        <ele>40.400</ele>
        <time>2024-05-19T11:13:49Z</time>
        <extensions>
          <gpxtpx:TrackPointExtension>
            <gpxtpx:hr>144</gpxtpx:hr>
          </gpxtpx:TrackPointExtension>
        </extensions>
      </trkpt>
      <trkpt lat="48.572604000" lon="2.531116000">
        <ele>40.300</ele>
        <time>2024-05-19T11:13:50Z</time>
        <extensions>
          <gpxtpx:TrackPointExtension>
            <gpxtpx:hr>144</gpxtpx:hr>
          </gpxtpx:TrackPointExtension>
        </extensions>
      </trkpt>
      <trkpt lat="48.572629000" lon="2.531101000">
        <ele>40.300</ele>
        <time>2024-05-19T11:13:52Z</time>
        <extensions>
          <gpxtpx:TrackPointExtension>
            <gpxtpx:hr>142</gpxtpx:hr>
          </gpxtpx:TrackPointExtension>
        </extensions>
      </trkpt>
      <trkpt lat="48.572651000" lon="2.531018000">
        <ele>40.200</ele>
        <time>2024-05-19T11:13:59Z</time>
        <extensions>
          <gpxtpx:TrackPointExtension>
            <gpxtpx:hr>142</gpxtpx:hr>
          </gpxtpx:TrackPointExtension>
        </extensions>
      </trkpt>
      <trkpt lat="48.572631000" lon="2.530973000">
        <ele>40.300</ele>
        <time>2024-05-19T11:14:06Z</time>
        <extensions>
          <gpxtpx:TrackPointExtension>
            <gpxtpx:hr>140</gpxtpx:hr>
          </gpxtpx:TrackPointExtension>
        </extensions>
      </trkpt>
      <trkpt lat="48.572619000" lon="2.530964000">
        <ele>40.300</ele>
        <time>2024-05-19T11:14:11Z</time>
        <extensions>
          <gpxtpx:TrackPointExtension>
            <gpxtpx:hr>140</gpxtpx:hr>
          </gpxtpx:TrackPointExtension>
        </extensions>
      </trkpt>
      <trkpt lat="48.572625000" lon="2.530950000">
        <ele>40.300</ele>
        <time>2024-05-19T11:14:12Z</time>
        <extensions>
          <gpxtpx:TrackPointExtension>
            <gpxtpx:hr>137</gpxtpx:hr>
          </gpxtpx:TrackPointExtension>
        </extensions>
      </trkpt>
      <trkpt lat="48.572627000" lon="2.530986000">
        <ele>40.300</ele>
        <time>2024-05-19T11:14:14Z</time>
        <extensions>
          <gpxtpx:TrackPointExtension>
            <gpxtpx:hr>137</gpxtpx:hr>
          </gpxtpx:TrackPointExtension>
        </extensions>
      </trkpt>
      <trkpt lat="48.572608000" lon="2.531013000">
        <ele>40.300</ele>
        <time>2024-05-19T11:14:15Z</time>
        <extensions>
          <gpxtpx:TrackPointExtension>
            <gpxtpx:hr>137</gpxtpx:hr>
          </gpxtpx:TrackPointExtension>
        </extensions>
      </trkpt>
      <trkpt lat="48.572614000" lon="2.531049000">
        <ele>40.300</ele>
        <time>2024-05-19T11:14:16Z</time>
        <extensions>
          <gpxtpx:TrackPointExtension>
            <gpxtpx:hr>137</gpxtpx:hr>
          </gpxtpx:TrackPointExtension>
        </extensions>
      </trkpt>
      <trkpt lat="48.572631000" lon="2.531046000">
        <ele>40.300</ele>
        <time>2024-05-19T11:14:17Z</time>
        <extensions>
          <gpxtpx:TrackPointExtension>
            <gpxtpx:hr>137</gpxtpx:hr>
          </gpxtpx:TrackPointExtension>
        </extensions>
      </trkpt>
      <trkpt lat="48.572635000" lon="2.530988000">
        <ele>40.200</ele>
        <time>2024-05-19T11:14:20Z</time>
        <extensions>
          <gpxtpx:TrackPointExtension>
            <gpxtpx:hr>137</gpxtpx:hr>
          </gpxtpx:TrackPointExtension>
        </extensions>
      </trkpt>
      <trkpt lat="48.572589000" lon="2.530996000">
        <ele>40.400</ele>
        <time>2024-05-19T11:14:24Z</time>
        <extensions>
          <gpxtpx:TrackPointExtension>
            <gpxtpx:hr>137</gpxtpx:hr>
          </gpxtpx:TrackPointExtension>
        </extensions>
      </trkpt>
      <trkpt lat="48.572596000" lon="2.530985000">
        <ele>40.400</ele>
        <time>2024-05-19T11:14:25Z</time>
        <extensions>
          <gpxtpx:TrackPointExtension>
            <gpxtpx:hr>137</gpxtpx:hr>
          </gpxtpx:TrackPointExtension>
        </extensions>
      </trkpt>
      <trkpt lat="48.572578000" lon="2.530989000">
        <ele>40.400</ele>
        <time>2024-05-19T11:14:27Z</time>
        <extensions>
          <gpxtpx:TrackPointExtension>
            <gpxtpx:hr>139</gpxtpx:hr>
          </gpxtpx:TrackPointExtension>
        </extensions>
      </trkpt>
      <trkpt lat="48.572565000" lon="2.530954000">
        <ele>40.500</ele>
        <time>2024-05-19T11:14:33Z</time>
        <extensions>
          <gpxtpx:TrackPointExtension>
            <gpxtpx:hr>139</gpxtpx:hr>
          </gpxtpx:TrackPointExtension>
        </extensions>
      </trkpt>
      <trkpt lat="48.572561000" lon="2.530965000">
        <ele>40.500</ele>
        <time>2024-05-19T11:14:36Z</time>
        <extensions>
          <gpxtpx:TrackPointExtension>
            <gpxtpx:hr>133</gpxtpx:hr>
          </gpxtpx:TrackPointExtension>
        </extensions>
      </trkpt>
      <trkpt lat="48.572584000" lon="2.530929000">
        <ele>40.400</ele>
        <time>2024-05-19T11:14:39Z</time>
        <extensions>
          <gpxtpx:TrackPointExtension>
            <gpxtpx:hr>134</gpxtpx:hr>
          </gpxtpx:TrackPointExtension>
        </extensions>
      </trkpt>
      <trkpt lat="48.572607000" lon="2.530935000">
        <ele>40.300</ele>
        <time>2024-05-19T11:14:43Z</time>
        <extensions>
          <gpxtpx:TrackPointExtension>
            <gpxtpx:hr>134</gpxtpx:hr>
          </gpxtpx:TrackPointExtension>
        </extensions>
      </trkpt>
      <trkpt lat="48.572604000" lon="2.530954000">
        <ele>40.300</ele>
        <time>2024-05-19T11:14:46Z</time>
        <extensions>
          <gpxtpx:TrackPointExtension>
            <gpxtpx:hr>134</gpxtpx:hr>
          </gpxtpx:TrackPointExtension>
        </extensions>
      </trkpt>
      <trkpt lat="48.572627000" lon="2.530979000">
        <ele>40.300</ele>
        <time>2024-05-19T11:14:47Z</time>
        <extensions>
          <gpxtpx:TrackPointExtension>
            <gpxtpx:hr>134</gpxtpx:hr>
          </gpxtpx:TrackPointExtension>
        </extensions>
      </trkpt>
      <trkpt lat="48.572593000" lon="2.530943000">
        <ele>40.400</ele>
        <time>2024-05-19T11:14:49Z</time>
        <extensions>
          <gpxtpx:TrackPointExtension>
            <gpxtpx:hr>133</gpxtpx:hr>
          </gpxtpx:TrackPointExtension>
        </extensions>
      </trkpt>
      <trkpt lat="48.572599000" lon="2.530960000">
        <ele>40.400</ele>
        <time>2024-05-19T11:14:51Z</time>
        <extensions>
          <gpxtpx:TrackPointExtension>
            <gpxtpx:hr>133</gpxtpx:hr>
          </gpxtpx:TrackPointExtension>
        </extensions>
      </trkpt>
      <trkpt lat="48.572594000" lon="2.530969000">
        <ele>40.400</ele>
        <time>2024-05-19T11:14:52Z</time>
        <extensions>
          <gpxtpx:TrackPointExtension>
            <gpxtpx:hr>133</gpxtpx:hr>
          </gpxtpx:TrackPointExtension>
        </extensions>
      </trkpt>
      <trkpt lat="48.572588000" lon="2.530958000">
        <ele>40.400</ele>
        <time>2024-05-19T11:14:53Z</time>
        <extensions>
          <gpxtpx:TrackPointExtension>
            <gpxtpx:hr>133</gpxtpx:hr>
          </gpxtpx:TrackPointExtension>
        </extensions>
      </trkpt>
      <trkpt lat="48.572612000" lon="2.530965000">
        <ele>40.300</ele>
        <time>2024-05-19T11:14:54Z</time>
        <extensions>
          <gpxtpx:TrackPointExtension>
            <gpxtpx:hr>133</gpxtpx:hr>
          </gpxtpx:TrackPointExtension>
        </extensions>
      </trkpt>
      <trkpt lat="48.572609000" lon="2.530987000">
        <ele>40.300</ele>
        <time>2024-05-19T11:14:57Z</time>
        <extensions>
          <gpxtpx:TrackPointExtension>
            <gpxtpx:hr>134</gpxtpx:hr>
          </gpxtpx:TrackPointExtension>
        </extensions>
      </trkpt>
      <trkpt lat="48.572591000" lon="2.530956000">
        <ele>40.400</ele>
        <time>2024-05-19T11:15:04Z</time>
        <extensions>
          <gpxtpx:TrackPointExtension>
            <gpxtpx:hr>134</gpxtpx:hr>
          </gpxtpx:TrackPointExtension>
        </extensions>
      </trkpt>
      <trkpt lat="48.572551000" lon="2.530976000">
        <ele>40.500</ele>
        <time>2024-05-19T11:15:09Z</time>
        <extensions>
          <gpxtpx:TrackPointExtension>
            <gpxtpx:hr>133</gpxtpx:hr>
          </gpxtpx:TrackPointExtension>
        </extensions>
      </trkpt>
      <trkpt lat="48.572527000" lon="2.530953000">
        <ele>40.700</ele>
        <time>2024-05-19T11:15:16Z</time>
        <extensions>
          <gpxtpx:TrackPointExtension>
            <gpxtpx:hr>130</gpxtpx:hr>
          </gpxtpx:TrackPointExtension>
        </extensions>
      </trkpt>
      <trkpt lat="48.572542000" lon="2.530969000">
        <ele>40.700</ele>
        <time>2024-05-19T11:15:18Z</time>
        <extensions>
          <gpxtpx:TrackPointExtension>
            <gpxtpx:hr>130</gpxtpx:hr>
          </gpxtpx:TrackPointExtension>
        </extensions>
      </trkpt>
      <trkpt lat="48.572538000" lon="2.530992000">
        <ele>40.600</ele>
        <time>2024-05-19T11:15:19Z</time>
        <extensions>
          <gpxtpx:TrackPointExtension>
            <gpxtpx:hr>130</gpxtpx:hr>
          </gpxtpx:TrackPointExtension>
        </extensions>
      </trkpt>
      <trkpt lat="48.572553000" lon="2.531022000">
        <ele>40.500</ele>
        <time>2024-05-19T11:15:20Z</time>
        <extensions>
          <gpxtpx:TrackPointExtension>
            <gpxtpx:hr>130</gpxtpx:hr>
          </gpxtpx:TrackPointExtension>
        </extensions>
      </trkpt>
      <trkpt lat="48.572573000" lon="2.530980000">
        <ele>40.500</ele>
        <time>2024-05-19T11:15:21Z</time>
        <extensions>
          <gpxtpx:TrackPointExtension>
            <gpxtpx:hr>130</gpxtpx:hr>
          </gpxtpx:TrackPointExtension>
        </extensions>
      </trkpt>
      <trkpt lat="48.572591000" lon="2.530968000">
        <ele>40.400</ele>
        <time>2024-05-19T11:15:22Z</time>
        <extensions>
          <gpxtpx:TrackPointExtension>
            <gpxtpx:hr>131</gpxtpx:hr>
          </gpxtpx:TrackPointExtension>
        </extensions>
      </trkpt>
      <trkpt lat="48.572582000" lon="2.530995000">
        <ele>40.400</ele>
        <time>2024-05-19T11:15:24Z</time>
        <extensions>
          <gpxtpx:TrackPointExtension>
            <gpxtpx:hr>131</gpxtpx:hr>
          </gpxtpx:TrackPointExtension>
        </extensions>
      </trkpt>
      <trkpt lat="48.572556000" lon="2.531017000">
        <ele>40.500</ele>
        <time>2024-05-19T11:15:28Z</time>
        <extensions>
          <gpxtpx:TrackPointExtension>
            <gpxtpx:hr>131</gpxtpx:hr>
          </gpxtpx:TrackPointExtension>
        </extensions>
      </trkpt>
      <trkpt lat="48.572558000" lon="2.531048000">
        <ele>40.500</ele>
        <time>2024-05-19T11:15:29Z</time>
        <extensions>
          <gpxtpx:TrackPointExtension>
            <gpxtpx:hr>138</gpxtpx:hr>
          </gpxtpx:TrackPointExtension>
        </extensions>
      </trkpt>
      <trkpt lat="48.572553000" lon="2.531052000">
        <ele>40.500</ele>
        <time>2024-05-19T11:15:30Z</time>
        <extensions>
          <gpxtpx:TrackPointExtension>
            <gpxtpx:hr>138</gpxtpx:hr>
          </gpxtpx:TrackPointExtension>
        </extensions>
      </trkpt>
      <trkpt lat="48.572563000" lon="2.531043000">
        <ele>40.500</ele>
        <time>2024-05-19T11:15:31Z</time>
        <extensions>
          <gpxtpx:TrackPointExtension>
            <gpxtpx:hr>138</gpxtpx:hr>
          </gpxtpx:TrackPointExtension>
        </extensions>
      </trkpt>
      <trkpt lat="48.572567000" lon="2.531013000">
        <ele>40.500</ele>
        <time>2024-05-19T11:15:32Z</time>
        <extensions>
          <gpxtpx:TrackPointExtension>
            <gpxtpx:hr>138</gpxtpx:hr>
          </gpxtpx:TrackPointExtension>
        </extensions>
      </trkpt>
      <trkpt lat="48.572599000" lon="2.531011000">
        <ele>40.400</ele>
        <time>2024-05-19T11:15:34Z</time>
        <extensions>
          <gpxtpx:TrackPointExtension>
            <gpxtpx:hr>138</gpxtpx:hr>
          </gpxtpx:TrackPointExtension>
        </extensions>
      </trkpt>
      <trkpt lat="48.572606000" lon="2.530993000">
        <ele>40.300</ele>
        <time>2024-05-19T11:15:35Z</time>
        <extensions>
          <gpxtpx:TrackPointExtension>
            <gpxtpx:hr>138</gpxtpx:hr>
          </gpxtpx:TrackPointExtension>
        </extensions>
      </trkpt>
      <trkpt lat="48.572622000" lon="2.530991000">
        <ele>40.300</ele>
        <time>2024-05-19T11:15:37Z</time>
        <extensions>
          <gpxtpx:TrackPointExtension>
            <gpxtpx:hr>138</gpxtpx:hr>
          </gpxtpx:TrackPointExtension>
        </extensions>
      </trkpt>
      <trkpt lat="48.572600000" lon="2.530983000">
        <ele>40.400</ele>
        <time>2024-05-19T11:15:40Z</time>
        <extensions>
          <gpxtpx:TrackPointExtension>
            <gpxtpx:hr>138</gpxtpx:hr>
          </gpxtpx:TrackPointExtension>
        </extensions>
      </trkpt>
      <trkpt lat="48.572573000" lon="2.530995000">
        <ele>40.500</ele>
        <time>2024-05-19T11:15:46Z</time>
        <extensions>
          <gpxtpx:TrackPointExtension>
            <gpxtpx:hr>138</gpxtpx:hr>
          </gpxtpx:TrackPointExtension>
        </extensions>
      </trkpt>
      <trkpt lat="48.572563000" lon="2.530966000">
        <ele>40.500</ele>
        <time>2024-05-19T11:15:48Z</time>
        <extensions>
          <gpxtpx:TrackPointExtension>
            <gpxtpx:hr>138</gpxtpx:hr>
          </gpxtpx:TrackPointExtension>
        </extensions>
      </trkpt>
      <trkpt lat="48.572553000" lon="2.530973000">
        <ele>40.500</ele>
        <time>2024-05-19T11:15:49Z</time>
        <extensions>
          <gpxtpx:TrackPointExtension>
            <gpxtpx:hr>137</gpxtpx:hr>
          </gpxtpx:TrackPointExtension>
        </extensions>
      </trkpt>
      <trkpt lat="48.572548000" lon="2.531008000">
        <ele>40.500</ele>
        <time>2024-05-19T11:15:52Z</time>
        <extensions>
          <gpxtpx:TrackPointExtension>
            <gpxtpx:hr>137</gpxtpx:hr>
          </gpxtpx:TrackPointExtension>
        </extensions>
      </trkpt>
      <trkpt lat="48.572572000" lon="2.530982000">
        <ele>40.500</ele>
        <time>2024-05-19T11:16:00Z</time>
        <extensions>
          <gpxtpx:TrackPointExtension>
            <gpxtpx:hr>137</gpxtpx:hr>
          </gpxtpx:TrackPointExtension>
        </extensions>
      </trkpt>
      <trkpt lat="48.572575000" lon="2.530996000">
        <ele>40.500</ele>
        <time>2024-05-19T11:16:03Z</time>
        <extensions>
          <gpxtpx:TrackPointExtension>
            <gpxtpx:hr>133</gpxtpx:hr>
          </gpxtpx:TrackPointExtension>
        </extensions>
      </trkpt>
      <trkpt lat="48.572567000" lon="2.530985000">
        <ele>40.500</ele>
        <time>2024-05-19T11:16:06Z</time>
        <extensions>
          <gpxtpx:TrackPointExtension>
            <gpxtpx:hr>133</gpxtpx:hr>
          </gpxtpx:TrackPointExtension>
        </extensions>
      </trkpt>
      <trkpt lat="48.572555000" lon="2.530990000">
        <ele>40.500</ele>
        <time>2024-05-19T11:16:12Z</time>
        <extensions>
          <gpxtpx:TrackPointExtension>
            <gpxtpx:hr>134</gpxtpx:hr>
          </gpxtpx:TrackPointExtension>
        </extensions>
      </trkpt>
      <trkpt lat="48.572551000" lon="2.530977000">
        <ele>40.500</ele>
        <time>2024-05-19T11:16:15Z</time>
        <extensions>
          <gpxtpx:TrackPointExtension>
            <gpxtpx:hr>135</gpxtpx:hr>
          </gpxtpx:TrackPointExtension>
        </extensions>
      </trkpt>
      <trkpt lat="48.572552000" lon="2.530991000">
        <ele>40.500</ele>
        <time>2024-05-19T11:16:24Z</time>
        <extensions>
          <gpxtpx:TrackPointExtension>
            <gpxtpx:hr>131</gpxtpx:hr>
          </gpxtpx:TrackPointExtension>
        </extensions>
      </trkpt>
      <trkpt lat="48.572554000" lon="2.530973000">
        <ele>40.500</ele>
        <time>2024-05-19T11:16:27Z</time>
        <extensions>
          <gpxtpx:TrackPointExtension>
            <gpxtpx:hr>131</gpxtpx:hr>
          </gpxtpx:TrackPointExtension>
        </extensions>
      </trkpt>
      <trkpt lat="48.572542000" lon="2.531054000">
        <ele>40.600</ele>
        <time>2024-05-19T11:16:33Z</time>
        <extensions>
          <gpxtpx:TrackPointExtension>
            <gpxtpx:hr>131</gpxtpx:hr>
          </gpxtpx:TrackPointExtension>
        </extensions>
      </trkpt>
      <trkpt lat="48.572600000" lon="2.531076000">
        <ele>40.400</ele>
        <time>2024-05-19T11:16:37Z</time>
        <extensions>
          <gpxtpx:TrackPointExtension>
            <gpxtpx:hr>131</gpxtpx:hr>
          </gpxtpx:TrackPointExtension>
        </extensions>
      </trkpt>
      <trkpt lat="48.572601000" lon="2.531098000">
        <ele>40.400</ele>
        <time>2024-05-19T11:16:38Z</time>
        <extensions>
          <gpxtpx:TrackPointExtension>
            <gpxtpx:hr>131</gpxtpx:hr>
          </gpxtpx:TrackPointExtension>
        </extensions>
      </trkpt>
      <trkpt lat="48.572621000" lon="2.531110000">
        <ele>40.300</ele>
        <time>2024-05-19T11:16:40Z</time>
        <extensions>
          <gpxtpx:TrackPointExtension>
            <gpxtpx:hr>131</gpxtpx:hr>
          </gpxtpx:TrackPointExtension>
        </extensions>
      </trkpt>
      <trkpt lat="48.572596000" lon="2.531116000">
        <ele>40.400</ele>
        <time>2024-05-19T11:16:42Z</time>
        <extensions>
          <gpxtpx:TrackPointExtension>
            <gpxtpx:hr>131</gpxtpx:hr>
          </gpxtpx:TrackPointExtension>
        </extensions>
      </trkpt>
      <trkpt lat="48.572574000" lon="2.531090000">
        <ele>40.500</ele>
        <time>2024-05-19T11:16:44Z</time>
        <extensions>
          <gpxtpx:TrackPointExtension>
            <gpxtpx:hr>132</gpxtpx:hr>
          </gpxtpx:TrackPointExtension>
        </extensions>
      </trkpt>
      <trkpt lat="48.572517000" lon="2.531069000">
        <ele>40.800</ele>
        <time>2024-05-19T11:16:48Z</time>
        <extensions>
          <gpxtpx:TrackPointExtension>
            <gpxtpx:hr>132</gpxtpx:hr>
          </gpxtpx:TrackPointExtension>
        </extensions>
      </trkpt>
      <trkpt lat="48.572545000" lon="2.531083000">
        <ele>40.600</ele>
        <time>2024-05-19T11:16:53Z</time>
        <extensions>
          <gpxtpx:TrackPointExtension>
            <gpxtpx:hr>127</gpxtpx:hr>
          </gpxtpx:TrackPointExtension>
        </extensions>
      </trkpt>
      <trkpt lat="48.572521000" lon="2.531065000">
        <ele>40.600</ele>
        <time>2024-05-19T11:16:55Z</time>
        <extensions>
          <gpxtpx:TrackPointExtension>
            <gpxtpx:hr>127</gpxtpx:hr>
          </gpxtpx:TrackPointExtension>
        </extensions>
      </trkpt>
      <trkpt lat="48.572542000" lon="2.531054000">
        <ele>40.600</ele>
        <time>2024-05-19T11:16:58Z</time>
        <extensions>
          <gpxtpx:TrackPointExtension>
            <gpxtpx:hr>128</gpxtpx:hr>
          </gpxtpx:TrackPointExtension>
        </extensions>
      </trkpt>
      <trkpt lat="48.572535000" lon="2.531056000">
        <ele>40.600</ele>
        <time>2024-05-19T11:16:59Z</time>
        <extensions>
          <gpxtpx:TrackPointExtension>
            <gpxtpx:hr>128</gpxtpx:hr>
          </gpxtpx:TrackPointExtension>
        </extensions>
      </trkpt>
      <trkpt lat="48.572543000" lon="2.531014000">
        <ele>40.700</ele>
        <time>2024-05-19T11:17:03Z</time>
        <extensions>
          <gpxtpx:TrackPointExtension>
            <gpxtpx:hr>128</gpxtpx:hr>
          </gpxtpx:TrackPointExtension>
        </extensions>
      </trkpt>
      <trkpt lat="48.572530000" lon="2.531027000">
        <ele>40.600</ele>
        <time>2024-05-19T11:17:04Z</time>
        <extensions>
          <gpxtpx:TrackPointExtension>
            <gpxtpx:hr>128</gpxtpx:hr>
          </gpxtpx:TrackPointExtension>
        </extensions>
      </trkpt>
      <trkpt lat="48.572546000" lon="2.530983000">
        <ele>40.700</ele>
        <time>2024-05-19T11:17:08Z</time>
        <extensions>
          <gpxtpx:TrackPointExtension>
            <gpxtpx:hr>132</gpxtpx:hr>
          </gpxtpx:TrackPointExtension>
        </extensions>
      </trkpt>
      <trkpt lat="48.572565000" lon="2.530981000">
        <ele>40.500</ele>
        <time>2024-05-19T11:17:10Z</time>
        <extensions>
          <gpxtpx:TrackPointExtension>
            <gpxtpx:hr>132</gpxtpx:hr>
          </gpxtpx:TrackPointExtension>
        </extensions>
      </trkpt>
      <trkpt lat="48.572575000" lon="2.530959000">
        <ele>40.500</ele>
        <time>2024-05-19T11:17:12Z</time>
        <extensions>
          <gpxtpx:TrackPointExtension>
            <gpxtpx:hr>132</gpxtpx:hr>
          </gpxtpx:TrackPointExtension>
        </extensions>
      </trkpt>
      <trkpt lat="48.572569000" lon="2.530951000">
        <ele>40.500</ele>
        <time>2024-05-19T11:17:13Z</time>
        <extensions>
          <gpxtpx:TrackPointExtension>
            <gpxtpx:hr>132</gpxtpx:hr>
          </gpxtpx:TrackPointExtension>
        </extensions>
      </trkpt>
      <trkpt lat="48.572561000" lon="2.530960000">
        <ele>40.500</ele>
        <time>2024-05-19T11:17:14Z</time>
        <extensions>
          <gpxtpx:TrackPointExtension>
            <gpxtpx:hr>132</gpxtpx:hr>
          </gpxtpx:TrackPointExtension>
        </extensions>
      </trkpt>
      <trkpt lat="48.572549000" lon="2.530955000">
        <ele>40.500</ele>
        <time>2024-05-19T11:17:15Z</time>
        <extensions>
          <gpxtpx:TrackPointExtension>
            <gpxtpx:hr>132</gpxtpx:hr>
          </gpxtpx:TrackPointExtension>
        </extensions>
      </trkpt>
      <trkpt lat="48.572543000" lon="2.530933000">
        <ele>40.700</ele>
        <time>2024-05-19T11:17:22Z</time>
        <extensions>
          <gpxtpx:TrackPointExtension>
            <gpxtpx:hr>128</gpxtpx:hr>
          </gpxtpx:TrackPointExtension>
        </extensions>
      </trkpt>
      <trkpt lat="48.572533000" lon="2.530937000">
        <ele>40.700</ele>
        <time>2024-05-19T11:17:24Z</time>
        <extensions>
          <gpxtpx:TrackPointExtension>
            <gpxtpx:hr>128</gpxtpx:hr>
          </gpxtpx:TrackPointExtension>
        </extensions>
      </trkpt>
      <trkpt lat="48.572532000" lon="2.530929000">
        <ele>40.700</ele>
        <time>2024-05-19T11:17:26Z</time>
        <extensions>
          <gpxtpx:TrackPointExtension>
            <gpxtpx:hr>128</gpxtpx:hr>
          </gpxtpx:TrackPointExtension>
        </extensions>
      </trkpt>
      <trkpt lat="48.572523000" lon="2.530975000">
        <ele>40.700</ele>
        <time>2024-05-19T11:17:31Z</time>
        <extensions>
          <gpxtpx:TrackPointExtension>
            <gpxtpx:hr>130</gpxtpx:hr>
          </gpxtpx:TrackPointExtension>
        </extensions>
      </trkpt>
      <trkpt lat="48.572526000" lon="2.531026000">
        <ele>40.700</ele>
        <time>2024-05-19T11:17:34Z</time>
        <extensions>
          <gpxtpx:TrackPointExtension>
            <gpxtpx:hr>131</gpxtpx:hr>
          </gpxtpx:TrackPointExtension>
        </extensions>
      </trkpt>
      <trkpt lat="48.572514000" lon="2.531052000">
        <ele>40.800</ele>
        <time>2024-05-19T11:17:37Z</time>
        <extensions>
          <gpxtpx:TrackPointExtension>
            <gpxtpx:hr>131</gpxtpx:hr>
          </gpxtpx:TrackPointExtension>
        </extensions>
      </trkpt>
      <trkpt lat="48.572529000" lon="2.531044000">
        <ele>40.700</ele>
        <time>2024-05-19T11:17:39Z</time>
        <extensions>
          <gpxtpx:TrackPointExtension>
            <gpxtpx:hr>131</gpxtpx:hr>
          </gpxtpx:TrackPointExtension>
        </extensions>
      </trkpt>
      <trkpt lat="48.572536000" lon="2.531054000">
        <ele>40.700</ele>
        <time>2024-05-19T11:17:40Z</time>
        <extensions>
          <gpxtpx:TrackPointExtension>
            <gpxtpx:hr>131</gpxtpx:hr>
          </gpxtpx:TrackPointExtension>
        </extensions>
      </trkpt>
      <trkpt lat="48.572517000" lon="2.531025000">
        <ele>40.800</ele>
        <time>2024-05-19T11:17:49Z</time>
        <extensions>
          <gpxtpx:TrackPointExtension>
            <gpxtpx:hr>126</gpxtpx:hr>
          </gpxtpx:TrackPointExtension>
        </extensions>
      </trkpt>
      <trkpt lat="48.572529000" lon="2.531018000">
        <ele>40.700</ele>
        <time>2024-05-19T11:17:52Z</time>
        <extensions>
          <gpxtpx:TrackPointExtension>
            <gpxtpx:hr>126</gpxtpx:hr>
          </gpxtpx:TrackPointExtension>
        </extensions>
      </trkpt>
      <trkpt lat="48.572531000" lon="2.531027000">
        <ele>40.700</ele>
        <time>2024-05-19T11:17:53Z</time>
        <extensions>
          <gpxtpx:TrackPointExtension>
            <gpxtpx:hr>126</gpxtpx:hr>
          </gpxtpx:TrackPointExtension>
        </extensions>
      </trkpt>
      <trkpt lat="48.572542000" lon="2.530948000">
        <ele>40.700</ele>
        <time>2024-05-19T11:18:00Z</time>
        <extensions>
          <gpxtpx:TrackPointExtension>
            <gpxtpx:hr>128</gpxtpx:hr>
          </gpxtpx:TrackPointExtension>
        </extensions>
      </trkpt>
      <trkpt lat="48.572557000" lon="2.530949000">
        <ele>40.500</ele>
        <time>2024-05-19T11:18:03Z</time>
        <extensions>
          <gpxtpx:TrackPointExtension>
            <gpxtpx:hr>127</gpxtpx:hr>
          </gpxtpx:TrackPointExtension>
        </extensions>
      </trkpt>
      <trkpt lat="48.572547000" lon="2.530944000">
        <ele>40.500</ele>
        <time>2024-05-19T11:18:04Z</time>
        <extensions>
          <gpxtpx:TrackPointExtension>
            <gpxtpx:hr>127</gpxtpx:hr>
          </gpxtpx:TrackPointExtension>
        </extensions>
      </trkpt>
      <trkpt lat="48.572533000" lon="2.530954000">
        <ele>40.700</ele>
        <time>2024-05-19T11:18:06Z</time>
        <extensions>
          <gpxtpx:TrackPointExtension>
            <gpxtpx:hr>127</gpxtpx:hr>
          </gpxtpx:TrackPointExtension>
        </extensions>
      </trkpt>
      <trkpt lat="48.572517000" lon="2.530940000">
        <ele>40.800</ele>
        <time>2024-05-19T11:18:10Z</time>
        <extensions>
          <gpxtpx:TrackPointExtension>
            <gpxtpx:hr>127</gpxtpx:hr>
          </gpxtpx:TrackPointExtension>
        </extensions>
      </trkpt>
      <trkpt lat="48.572525000" lon="2.530980000">
        <ele>40.700</ele>
        <time>2024-05-19T11:18:14Z</time>
        <extensions>
          <gpxtpx:TrackPointExtension>
            <gpxtpx:hr>122</gpxtpx:hr>
          </gpxtpx:TrackPointExtension>
        </extensions>
      </trkpt>
      <trkpt lat="48.572513000" lon="2.531057000">
        <ele>40.800</ele>
        <time>2024-05-19T11:18:18Z</time>
        <extensions>
          <gpxtpx:TrackPointExtension>
            <gpxtpx:hr>122</gpxtpx:hr>
          </gpxtpx:TrackPointExtension>
        </extensions>
      </trkpt>
      <trkpt lat="48.572516000" lon="2.531073000">
        <ele>40.800</ele>
        <time>2024-05-19T11:18:20Z</time>
        <extensions>
          <gpxtpx:TrackPointExtension>
            <gpxtpx:hr>122</gpxtpx:hr>
          </gpxtpx:TrackPointExtension>
        </extensions>
      </trkpt>
      <trkpt lat="48.572546000" lon="2.531008000">
        <ele>40.700</ele>
        <time>2024-05-19T11:18:28Z</time>
        <extensions>
          <gpxtpx:TrackPointExtension>
            <gpxtpx:hr>126</gpxtpx:hr>
          </gpxtpx:TrackPointExtension>
        </extensions>
      </trkpt>
      <trkpt lat="48.572553000" lon="2.531041000">
        <ele>40.500</ele>
        <time>2024-05-19T11:18:29Z</time>
        <extensions>
          <gpxtpx:TrackPointExtension>
            <gpxtpx:hr>126</gpxtpx:hr>
          </gpxtpx:TrackPointExtension>
        </extensions>
      </trkpt>
      <trkpt lat="48.572531000" lon="2.531059000">
        <ele>40.700</ele>
        <time>2024-05-19T11:18:30Z</time>
        <extensions>
          <gpxtpx:TrackPointExtension>
            <gpxtpx:hr>126</gpxtpx:hr>
          </gpxtpx:TrackPointExtension>
        </extensions>
      </trkpt>
      <trkpt lat="48.572527000" lon="2.531041000">
        <ele>40.700</ele>
        <time>2024-05-19T11:18:31Z</time>
        <extensions>
          <gpxtpx:TrackPointExtension>
            <gpxtpx:hr>126</gpxtpx:hr>
          </gpxtpx:TrackPointExtension>
        </extensions>
      </trkpt>
      <trkpt lat="48.572545000" lon="2.531027000">
        <ele>40.700</ele>
        <time>2024-05-19T11:18:32Z</time>
        <extensions>
          <gpxtpx:TrackPointExtension>
            <gpxtpx:hr>126</gpxtpx:hr>
          </gpxtpx:TrackPointExtension>
        </extensions>
      </trkpt>
      <trkpt lat="48.572542000" lon="2.531019000">
        <ele>40.700</ele>
        <time>2024-05-19T11:18:33Z</time>
        <extensions>
          <gpxtpx:TrackPointExtension>
            <gpxtpx:hr>126</gpxtpx:hr>
          </gpxtpx:TrackPointExtension>
        </extensions>
      </trkpt>
      <trkpt lat="48.572520000" lon="2.531055000">
        <ele>40.700</ele>
        <time>2024-05-19T11:18:35Z</time>
        <extensions>
          <gpxtpx:TrackPointExtension>
            <gpxtpx:hr>126</gpxtpx:hr>
          </gpxtpx:TrackPointExtension>
        </extensions>
      </trkpt>
      <trkpt lat="48.572511000" lon="2.531125000">
        <ele>40.800</ele>
        <time>2024-05-19T11:18:39Z</time>
        <extensions>
          <gpxtpx:TrackPointExtension>
            <gpxtpx:hr>131</gpxtpx:hr>
          </gpxtpx:TrackPointExtension>
        </extensions>
      </trkpt>
      <trkpt lat="48.572521000" lon="2.531122000">
        <ele>40.600</ele>
        <time>2024-05-19T11:18:41Z</time>
        <extensions>
          <gpxtpx:TrackPointExtension>
            <gpxtpx:hr>130</gpxtpx:hr>
          </gpxtpx:TrackPointExtension>
        </extensions>
      </trkpt>
      <trkpt lat="48.572497000" lon="2.531098000">
        <ele>40.800</ele>
        <time>2024-05-19T11:18:43Z</time>
        <extensions>
          <gpxtpx:TrackPointExtension>
            <gpxtpx:hr>130</gpxtpx:hr>
          </gpxtpx:TrackPointExtension>
        </extensions>
      </trkpt>
      <trkpt lat="48.572472000" lon="2.531093000">
        <ele>40.900</ele>
        <time>2024-05-19T11:18:45Z</time>
        <extensions>
          <gpxtpx:TrackPointExtension>
            <gpxtpx:hr>130</gpxtpx:hr>
          </gpxtpx:TrackPointExtension>
        </extensions>
      </trkpt>
      <trkpt lat="48.572428000" lon="2.531054000">
        <ele>41.200</ele>
        <time>2024-05-19T11:18:49Z</time>
        <extensions>
          <gpxtpx:TrackPointExtension>
            <gpxtpx:hr>130</gpxtpx:hr>
          </gpxtpx:TrackPointExtension>
        </extensions>
      </trkpt>
      <trkpt lat="48.572389000" lon="2.531068000">
        <ele>41.300</ele>
        <time>2024-05-19T11:18:52Z</time>
        <extensions>
          <gpxtpx:TrackPointExtension>
            <gpxtpx:hr>128</gpxtpx:hr>
          </gpxtpx:TrackPointExtension>
        </extensions>
      </trkpt>
      <trkpt lat="48.572377000" lon="2.531040000">
        <ele>41.300</ele>
        <time>2024-05-19T11:18:55Z</time>
        <extensions>
          <gpxtpx:TrackPointExtension>
            <gpxtpx:hr>128</gpxtpx:hr>
          </gpxtpx:TrackPointExtension>
        </extensions>
      </trkpt>
      <trkpt lat="48.572378000" lon="2.531025000">
        <ele>41.300</ele>
        <time>2024-05-19T11:18:56Z</time>
        <extensions>
          <gpxtpx:TrackPointExtension>
            <gpxtpx:hr>128</gpxtpx:hr>
          </gpxtpx:TrackPointExtension>
        </extensions>
      </trkpt>
      <trkpt lat="48.572386000" lon="2.531056000">
        <ele>41.300</ele>
        <time>2024-05-19T11:18:58Z</time>
        <extensions>
          <gpxtpx:TrackPointExtension>
            <gpxtpx:hr>128</gpxtpx:hr>
          </gpxtpx:TrackPointExtension>
        </extensions>
      </trkpt>
      <trkpt lat="48.572406000" lon="2.531064000">
        <ele>41.100</ele>
        <time>2024-05-19T11:19:02Z</time>
        <extensions>
          <gpxtpx:TrackPointExtension>
            <gpxtpx:hr>128</gpxtpx:hr>
          </gpxtpx:TrackPointExtension>
        </extensions>
      </trkpt>
      <trkpt lat="48.572409000" lon="2.531074000">
        <ele>41.100</ele>
        <time>2024-05-19T11:19:03Z</time>
        <extensions>
          <gpxtpx:TrackPointExtension>
            <gpxtpx:hr>128</gpxtpx:hr>
          </gpxtpx:TrackPointExtension>
        </extensions>
      </trkpt>
      <trkpt lat="48.572437000" lon="2.531081000">
        <ele>41.000</ele>
        <time>2024-05-19T11:19:05Z</time>
        <extensions>
          <gpxtpx:TrackPointExtension>
            <gpxtpx:hr>128</gpxtpx:hr>
          </gpxtpx:TrackPointExtension>
        </extensions>
      </trkpt>
      <trkpt lat="48.572406000" lon="2.531102000">
        <ele>41.100</ele>
        <time>2024-05-19T11:19:11Z</time>
        <extensions>
          <gpxtpx:TrackPointExtension>
            <gpxtpx:hr>128</gpxtpx:hr>
          </gpxtpx:TrackPointExtension>
        </extensions>
      </trkpt>
      <trkpt lat="48.572416000" lon="2.531096000">
        <ele>41.100</ele>
        <time>2024-05-19T11:19:19Z</time>
        <extensions>
          <gpxtpx:TrackPointExtension>
            <gpxtpx:hr>129</gpxtpx:hr>
          </gpxtpx:TrackPointExtension>
        </extensions>
      </trkpt>
      <trkpt lat="48.572418000" lon="2.531113000">
        <ele>41.100</ele>
        <time>2024-05-19T11:19:25Z</time>
        <extensions>
          <gpxtpx:TrackPointExtension>
            <gpxtpx:hr>130</gpxtpx:hr>
          </gpxtpx:TrackPointExtension>
        </extensions>
      </trkpt>
      <trkpt lat="48.572421000" lon="2.531099000">
        <ele>41.100</ele>
        <time>2024-05-19T11:19:30Z</time>
        <extensions>
          <gpxtpx:TrackPointExtension>
            <gpxtpx:hr>133</gpxtpx:hr>
          </gpxtpx:TrackPointExtension>
        </extensions>
      </trkpt>
      <trkpt lat="48.572433000" lon="2.531093000">
        <ele>41.100</ele>
        <time>2024-05-19T11:19:36Z</time>
        <extensions>
          <gpxtpx:TrackPointExtension>
            <gpxtpx:hr>128</gpxtpx:hr>
          </gpxtpx:TrackPointExtension>
        </extensions>
      </trkpt>
      <trkpt lat="48.572427000" lon="2.531069000">
        <ele>41.100</ele>
        <time>2024-05-19T11:19:38Z</time>
        <extensions>
          <gpxtpx:TrackPointExtension>
            <gpxtpx:hr>127</gpxtpx:hr>
          </gpxtpx:TrackPointExtension>
        </extensions>
      </trkpt>
      <trkpt lat="48.572409000" lon="2.531067000">
        <ele>41.100</ele>
        <time>2024-05-19T11:19:39Z</time>
        <extensions>
          <gpxtpx:TrackPointExtension>
            <gpxtpx:hr>127</gpxtpx:hr>
          </gpxtpx:TrackPointExtension>
        </extensions>
      </trkpt>
      <trkpt lat="48.572418000" lon="2.531096000">
        <ele>41.100</ele>
        <time>2024-05-19T11:19:40Z</time>
        <extensions>
          <gpxtpx:TrackPointExtension>
            <gpxtpx:hr>127</gpxtpx:hr>
          </gpxtpx:TrackPointExtension>
        </extensions>
      </trkpt>
      <trkpt lat="48.572458000" lon="2.531082000">
        <ele>41.000</ele>
        <time>2024-05-19T11:19:42Z</time>
        <extensions>
          <gpxtpx:TrackPointExtension>
            <gpxtpx:hr>127</gpxtpx:hr>
          </gpxtpx:TrackPointExtension>
        </extensions>
      </trkpt>
      <trkpt lat="48.572460000" lon="2.531070000">
        <ele>41.000</ele>
        <time>2024-05-19T11:19:44Z</time>
        <extensions>
          <gpxtpx:TrackPointExtension>
            <gpxtpx:hr>127</gpxtpx:hr>
          </gpxtpx:TrackPointExtension>
        </extensions>
      </trkpt>
      <trkpt lat="48.572468000" lon="2.531069000">
        <ele>40.900</ele>
        <time>2024-05-19T11:19:46Z</time>
        <extensions>
          <gpxtpx:TrackPointExtension>
            <gpxtpx:hr>126</gpxtpx:hr>
          </gpxtpx:TrackPointExtension>
        </extensions>
      </trkpt>
      <trkpt lat="48.572478000" lon="2.531098000">
        <ele>40.900</ele>
        <time>2024-05-19T11:19:55Z</time>
        <extensions>
          <gpxtpx:TrackPointExtension>
            <gpxtpx:hr>122</gpxtpx:hr>
          </gpxtpx:TrackPointExtension>
        </extensions>
      </trkpt>
      <trkpt lat="48.572486000" lon="2.531059000">
        <ele>40.900</ele>
        <time>2024-05-19T11:20:04Z</time>
        <extensions>
          <gpxtpx:TrackPointExtension>
            <gpxtpx:hr>119</gpxtpx:hr>
          </gpxtpx:TrackPointExtension>
        </extensions>
      </trkpt>
      <trkpt lat="48.572453000" lon="2.531082000">
        <ele>41.000</ele>
        <time>2024-05-19T11:20:05Z</time>
        <extensions>
          <gpxtpx:TrackPointExtension>
            <gpxtpx:hr>119</gpxtpx:hr>
          </gpxtpx:TrackPointExtension>
        </extensions>
      </trkpt>
      <trkpt lat="48.572441000" lon="2.531075000">
        <ele>41.000</ele>
        <time>2024-05-19T11:20:07Z</time>
        <extensions>
          <gpxtpx:TrackPointExtension>
            <gpxtpx:hr>121</gpxtpx:hr>
          </gpxtpx:TrackPointExtension>
        </extensions>
      </trkpt>
      <trkpt lat="48.572430000" lon="2.531096000">
        <ele>41.200</ele>
        <time>2024-05-19T11:20:08Z</time>
        <extensions>
          <gpxtpx:TrackPointExtension>
            <gpxtpx:hr>121</gpxtpx:hr>
          </gpxtpx:TrackPointExtension>
        </extensions>
      </trkpt>
      <trkpt lat="48.572409000" lon="2.531111000">
        <ele>41.100</ele>
        <time>2024-05-19T11:20:10Z</time>
        <extensions>
          <gpxtpx:TrackPointExtension>
            <gpxtpx:hr>121</gpxtpx:hr>
          </gpxtpx:TrackPointExtension>
        </extensions>
      </trkpt>
      <trkpt lat="48.572423000" lon="2.531116000">
        <ele>41.100</ele>
        <time>2024-05-19T11:20:14Z</time>
        <extensions>
          <gpxtpx:TrackPointExtension>
            <gpxtpx:hr>121</gpxtpx:hr>
          </gpxtpx:TrackPointExtension>
        </extensions>
      </trkpt>
      <trkpt lat="48.572445000" lon="2.531096000">
        <ele>41.000</ele>
        <time>2024-05-19T11:20:22Z</time>
        <extensions>
          <gpxtpx:TrackPointExtension>
            <gpxtpx:hr>125</gpxtpx:hr>
          </gpxtpx:TrackPointExtension>
        </extensions>
      </trkpt>
      <trkpt lat="48.572440000" lon="2.531091000">
        <ele>41.000</ele>
        <time>2024-05-19T11:20:24Z</time>
        <extensions>
          <gpxtpx:TrackPointExtension>
            <gpxtpx:hr>125</gpxtpx:hr>
          </gpxtpx:TrackPointExtension>
        </extensions>
      </trkpt>
      <trkpt lat="48.572445000" lon="2.531091000">
        <ele>41.000</ele>
        <time>2024-05-19T11:20:25Z</time>
        <extensions>
          <gpxtpx:TrackPointExtension>
            <gpxtpx:hr>126</gpxtpx:hr>
          </gpxtpx:TrackPointExtension>
        </extensions>
      </trkpt>
      <trkpt lat="48.572435000" lon="2.531073000">
        <ele>41.000</ele>
        <time>2024-05-19T11:20:26Z</time>
        <extensions>
          <gpxtpx:TrackPointExtension>
            <gpxtpx:hr>126</gpxtpx:hr>
          </gpxtpx:TrackPointExtension>
        </extensions>
      </trkpt>
      <trkpt lat="48.572441000" lon="2.531033000">
        <ele>41.100</ele>
        <time>2024-05-19T11:20:27Z</time>
        <extensions>
          <gpxtpx:TrackPointExtension>
            <gpxtpx:hr>127</gpxtpx:hr>
          </gpxtpx:TrackPointExtension>
        </extensions>
      </trkpt>
      <trkpt lat="48.572432000" lon="2.531013000">
        <ele>41.200</ele>
        <time>2024-05-19T11:20:28Z</time>
        <extensions>
          <gpxtpx:TrackPointExtension>
            <gpxtpx:hr>127</gpxtpx:hr>
          </gpxtpx:TrackPointExtension>
        </extensions>
      </trkpt>
      <trkpt lat="48.572406000" lon="2.531059000">
        <ele>41.200</ele>
        <time>2024-05-19T11:20:29Z</time>
        <extensions>
          <gpxtpx:TrackPointExtension>
            <gpxtpx:hr>127</gpxtpx:hr>
          </gpxtpx:TrackPointExtension>
        </extensions>
      </trkpt>
      <trkpt lat="48.572422000" lon="2.531090000">
        <ele>41.200</ele>
        <time>2024-05-19T11:20:30Z</time>
        <extensions>
          <gpxtpx:TrackPointExtension>
            <gpxtpx:hr>127</gpxtpx:hr>
          </gpxtpx:TrackPointExtension>
        </extensions>
      </trkpt>
      <trkpt lat="48.572439000" lon="2.531080000">
        <ele>41.000</ele>
        <time>2024-05-19T11:20:31Z</time>
        <extensions>
          <gpxtpx:TrackPointExtension>
            <gpxtpx:hr>127</gpxtpx:hr>
          </gpxtpx:TrackPointExtension>
        </extensions>
      </trkpt>
      <trkpt lat="48.572454000" lon="2.531094000">
        <ele>41.000</ele>
        <time>2024-05-19T11:20:32Z</time>
        <extensions>
          <gpxtpx:TrackPointExtension>
            <gpxtpx:hr>127</gpxtpx:hr>
          </gpxtpx:TrackPointExtension>
        </extensions>
      </trkpt>
      <trkpt lat="48.572470000" lon="2.531089000">
        <ele>40.900</ele>
        <time>2024-05-19T11:20:33Z</time>
        <extensions>
          <gpxtpx:TrackPointExtension>
            <gpxtpx:hr>127</gpxtpx:hr>
          </gpxtpx:TrackPointExtension>
        </extensions>
      </trkpt>
      <trkpt lat="48.572472000" lon="2.531076000">
        <ele>40.900</ele>
        <time>2024-05-19T11:20:34Z</time>
        <extensions>
          <gpxtpx:TrackPointExtension>
            <gpxtpx:hr>127</gpxtpx:hr>
          </gpxtpx:TrackPointExtension>
        </extensions>
      </trkpt>
      <trkpt lat="48.572492000" lon="2.531057000">
        <ele>40.800</ele>
        <time>2024-05-19T11:20:37Z</time>
        <extensions>
          <gpxtpx:TrackPointExtension>
            <gpxtpx:hr>134</gpxtpx:hr>
          </gpxtpx:TrackPointExtension>
        </extensions>
      </trkpt>
      <trkpt lat="48.572502000" lon="2.531059000">
        <ele>40.800</ele>
        <time>2024-05-19T11:20:41Z</time>
        <extensions>
          <gpxtpx:TrackPointExtension>
            <gpxtpx:hr>134</gpxtpx:hr>
          </gpxtpx:TrackPointExtension>
        </extensions>
      </trkpt>
      <trkpt lat="48.572477000" lon="2.531061000">
        <ele>40.900</ele>
        <time>2024-05-19T11:20:45Z</time>
        <extensions>
          <gpxtpx:TrackPointExtension>
            <gpxtpx:hr>134</gpxtpx:hr>
          </gpxtpx:TrackPointExtension>
        </extensions>
      </trkpt>
      <trkpt lat="48.572499000" lon="2.531057000">
        <ele>40.800</ele>
        <time>2024-05-19T11:20:55Z</time>
        <extensions>
          <gpxtpx:TrackPointExtension>
            <gpxtpx:hr>128</gpxtpx:hr>
          </gpxtpx:TrackPointExtension>
        </extensions>
      </trkpt>
      <trkpt lat="48.572502000" lon="2.531080000">
        <ele>40.800</ele>
        <time>2024-05-19T11:20:57Z</time>
        <extensions>
          <gpxtpx:TrackPointExtension>
            <gpxtpx:hr>130</gpxtpx:hr>
          </gpxtpx:TrackPointExtension>
        </extensions>
      </trkpt>
      <trkpt lat="48.572508000" lon="2.531072000">
        <ele>40.800</ele>
        <time>2024-05-19T11:20:58Z</time>
        <extensions>
          <gpxtpx:TrackPointExtension>
            <gpxtpx:hr>130</gpxtpx:hr>
          </gpxtpx:TrackPointExtension>
        </extensions>
      </trkpt>
      <trkpt lat="48.572472000" lon="2.531067000">
        <ele>40.900</ele>
        <time>2024-05-19T11:21:00Z</time>
        <extensions>
          <gpxtpx:TrackPointExtension>
            <gpxtpx:hr>130</gpxtpx:hr>
          </gpxtpx:TrackPointExtension>
        </extensions>
      </trkpt>
      <trkpt lat="48.572432000" lon="2.531038000">
        <ele>41.200</ele>
        <time>2024-05-19T11:21:02Z</time>
        <extensions>
          <gpxtpx:TrackPointExtension>
            <gpxtpx:hr>130</gpxtpx:hr>
          </gpxtpx:TrackPointExtension>
        </extensions>
      </trkpt>
      <trkpt lat="48.572387000" lon="2.531022000">
        <ele>41.300</ele>
        <time>2024-05-19T11:21:05Z</time>
        <extensions>
          <gpxtpx:TrackPointExtension>
            <gpxtpx:hr>132</gpxtpx:hr>
          </gpxtpx:TrackPointExtension>
        </extensions>
      </trkpt>
      <trkpt lat="48.572398000" lon="2.531054000">
        <ele>41.300</ele>
        <time>2024-05-19T11:21:07Z</time>
        <extensions>
          <gpxtpx:TrackPointExtension>
            <gpxtpx:hr>132</gpxtpx:hr>
          </gpxtpx:TrackPointExtension>
        </extensions>
      </trkpt>
      <trkpt lat="48.572414000" lon="2.531072000">
        <ele>41.200</ele>
        <time>2024-05-19T11:21:09Z</time>
        <extensions>
          <gpxtpx:TrackPointExtension>
            <gpxtpx:hr>132</gpxtpx:hr>
          </gpxtpx:TrackPointExtension>
        </extensions>
      </trkpt>
      <trkpt lat="48.572404000" lon="2.531082000">
        <ele>41.300</ele>
        <time>2024-05-19T11:21:15Z</time>
        <extensions>
          <gpxtpx:TrackPointExtension>
            <gpxtpx:hr>129</gpxtpx:hr>
          </gpxtpx:TrackPointExtension>
        </extensions>
      </trkpt>
      <trkpt lat="48.572427000" lon="2.531085000">
        <ele>41.200</ele>
        <time>2024-05-19T11:21:22Z</time>
        <extensions>
          <gpxtpx:TrackPointExtension>
            <gpxtpx:hr>126</gpxtpx:hr>
          </gpxtpx:TrackPointExtension>
        </extensions>
      </trkpt>
      <trkpt lat="48.572416000" lon="2.531104000">
        <ele>41.200</ele>
        <time>2024-05-19T11:21:23Z</time>
        <extensions>
          <gpxtpx:TrackPointExtension>
            <gpxtpx:hr>126</gpxtpx:hr>
          </gpxtpx:TrackPointExtension>
        </extensions>
      </trkpt>
      <trkpt lat="48.572424000" lon="2.531099000">
        <ele>41.200</ele>
        <time>2024-05-19T11:21:25Z</time>
        <extensions>
          <gpxtpx:TrackPointExtension>
            <gpxtpx:hr>126</gpxtpx:hr>
          </gpxtpx:TrackPointExtension>
        </extensions>
      </trkpt>
      <trkpt lat="48.572426000" lon="2.531113000">
        <ele>41.100</ele>
        <time>2024-05-19T11:21:28Z</time>
        <extensions>
          <gpxtpx:TrackPointExtension>
            <gpxtpx:hr>126</gpxtpx:hr>
          </gpxtpx:TrackPointExtension>
        </extensions>
      </trkpt>
      <trkpt lat="48.572436000" lon="2.531117000">
        <ele>41.000</ele>
        <time>2024-05-19T11:21:30Z</time>
        <extensions>
          <gpxtpx:TrackPointExtension>
            <gpxtpx:hr>129</gpxtpx:hr>
          </gpxtpx:TrackPointExtension>
        </extensions>
      </trkpt>
      <trkpt lat="48.572458000" lon="2.531079000">
        <ele>41.000</ele>
        <time>2024-05-19T11:21:33Z</time>
        <extensions>
          <gpxtpx:TrackPointExtension>
            <gpxtpx:hr>129</gpxtpx:hr>
          </gpxtpx:TrackPointExtension>
        </extensions>
      </trkpt>
      <trkpt lat="48.572474000" lon="2.531076000">
        <ele>40.900</ele>
        <time>2024-05-19T11:21:35Z</time>
        <extensions>
          <gpxtpx:TrackPointExtension>
            <gpxtpx:hr>129</gpxtpx:hr>
          </gpxtpx:TrackPointExtension>
        </extensions>
      </trkpt>
      <trkpt lat="48.572468000" lon="2.531063000">
        <ele>40.900</ele>
        <time>2024-05-19T11:21:36Z</time>
        <extensions>
          <gpxtpx:TrackPointExtension>
            <gpxtpx:hr>126</gpxtpx:hr>
          </gpxtpx:TrackPointExtension>
        </extensions>
      </trkpt>
      <trkpt lat="48.572482000" lon="2.531057000">
        <ele>40.900</ele>
        <time>2024-05-19T11:21:39Z</time>
        <extensions>
          <gpxtpx:TrackPointExtension>
            <gpxtpx:hr>126</gpxtpx:hr>
          </gpxtpx:TrackPointExtension>
        </extensions>
      </trkpt>
      <trkpt lat="48.572460000" lon="2.531019000">
        <ele>41.100</ele>
        <time>2024-05-19T11:21:42Z</time>
        <extensions>
          <gpxtpx:TrackPointExtension>
            <gpxtpx:hr>124</gpxtpx:hr>
          </gpxtpx:TrackPointExtension>
        </extensions>
      </trkpt>
      <trkpt lat="48.572463000" lon="2.530993000">
        <ele>41.000</ele>
        <time>2024-05-19T11:21:43Z</time>
        <extensions>
          <gpxtpx:TrackPointExtension>
            <gpxtpx:hr>122</gpxtpx:hr>
          </gpxtpx:TrackPointExtension>
        </extensions>
      </trkpt>
      <trkpt lat="48.572422000" lon="2.531013000">
        <ele>41.200</ele>
        <time>2024-05-19T11:21:45Z</time>
        <extensions>
          <gpxtpx:TrackPointExtension>
            <gpxtpx:hr>122</gpxtpx:hr>
          </gpxtpx:TrackPointExtension>
        </extensions>
      </trkpt>
      <trkpt lat="48.572407000" lon="2.531041000">
        <ele>41.200</ele>
        <time>2024-05-19T11:21:46Z</time>
        <extensions>
          <gpxtpx:TrackPointExtension>
            <gpxtpx:hr>122</gpxtpx:hr>
          </gpxtpx:TrackPointExtension>
        </extensions>
      </trkpt>
      <trkpt lat="48.572420000" lon="2.531060000">
        <ele>41.200</ele>
        <time>2024-05-19T11:21:49Z</time>
        <extensions>
          <gpxtpx:TrackPointExtension>
            <gpxtpx:hr>124</gpxtpx:hr>
          </gpxtpx:TrackPointExtension>
        </extensions>
      </trkpt>
      <trkpt lat="48.572419000" lon="2.531075000">
        <ele>41.200</ele>
        <time>2024-05-19T11:21:50Z</time>
        <extensions>
          <gpxtpx:TrackPointExtension>
            <gpxtpx:hr>124</gpxtpx:hr>
          </gpxtpx:TrackPointExtension>
        </extensions>
      </trkpt>
      <trkpt lat="48.572438000" lon="2.531095000">
        <ele>41.000</ele>
        <time>2024-05-19T11:21:58Z</time>
        <extensions>
          <gpxtpx:TrackPointExtension>
            <gpxtpx:hr>125</gpxtpx:hr>
          </gpxtpx:TrackPointExtension>
        </extensions>
      </trkpt>
      <trkpt lat="48.572446000" lon="2.531090000">
        <ele>41.000</ele>
        <time>2024-05-19T11:21:59Z</time>
        <extensions>
          <gpxtpx:TrackPointExtension>
            <gpxtpx:hr>125</gpxtpx:hr>
          </gpxtpx:TrackPointExtension>
        </extensions>
      </trkpt>
      <trkpt lat="48.572450000" lon="2.531100000">
        <ele>41.000</ele>
        <time>2024-05-19T11:22:00Z</time>
        <extensions>
          <gpxtpx:TrackPointExtension>
            <gpxtpx:hr>125</gpxtpx:hr>
          </gpxtpx:TrackPointExtension>
        </extensions>
      </trkpt>
      <trkpt lat="48.572454000" lon="2.531092000">
        <ele>41.000</ele>
        <time>2024-05-19T11:22:03Z</time>
        <extensions>
          <gpxtpx:TrackPointExtension>
            <gpxtpx:hr>125</gpxtpx:hr>
          </gpxtpx:TrackPointExtension>
        </extensions>
      </trkpt>
      <trkpt lat="48.572463000" lon="2.531106000">
        <ele>40.900</ele>
        <time>2024-05-19T11:22:04Z</time>
        <extensions>
          <gpxtpx:TrackPointExtension>
            <gpxtpx:hr>125</gpxtpx:hr>
          </gpxtpx:TrackPointExtension>
        </extensions>
      </trkpt>
      <trkpt lat="48.572442000" lon="2.531106000">
        <ele>41.000</ele>
        <time>2024-05-19T11:22:05Z</time>
        <extensions>
          <gpxtpx:TrackPointExtension>
            <gpxtpx:hr>125</gpxtpx:hr>
          </gpxtpx:TrackPointExtension>
        </extensions>
      </trkpt>
      <trkpt lat="48.572440000" lon="2.531097000">
        <ele>41.000</ele>
        <time>2024-05-19T11:22:06Z</time>
        <extensions>
          <gpxtpx:TrackPointExtension>
            <gpxtpx:hr>125</gpxtpx:hr>
          </gpxtpx:TrackPointExtension>
        </extensions>
      </trkpt>
      <trkpt lat="48.572470000" lon="2.531089000">
        <ele>40.900</ele>
        <time>2024-05-19T11:22:09Z</time>
        <extensions>
          <gpxtpx:TrackPointExtension>
            <gpxtpx:hr>126</gpxtpx:hr>
          </gpxtpx:TrackPointExtension>
        </extensions>
      </trkpt>
      <trkpt lat="48.572456000" lon="2.531063000">
        <ele>41.000</ele>
        <time>2024-05-19T11:22:10Z</time>
        <extensions>
          <gpxtpx:TrackPointExtension>
            <gpxtpx:hr>126</gpxtpx:hr>
          </gpxtpx:TrackPointExtension>
        </extensions>
      </trkpt>
      <trkpt lat="48.572463000" lon="2.531078000">
        <ele>40.900</ele>
        <time>2024-05-19T11:22:11Z</time>
        <extensions>
          <gpxtpx:TrackPointExtension>
            <gpxtpx:hr>126</gpxtpx:hr>
          </gpxtpx:TrackPointExtension>
        </extensions>
      </trkpt>
      <trkpt lat="48.572452000" lon="2.531094000">
        <ele>41.000</ele>
        <time>2024-05-19T11:22:13Z</time>
        <extensions>
          <gpxtpx:TrackPointExtension>
            <gpxtpx:hr>126</gpxtpx:hr>
          </gpxtpx:TrackPointExtension>
        </extensions>
      </trkpt>
      <trkpt lat="48.572456000" lon="2.531072000">
        <ele>41.000</ele>
        <time>2024-05-19T11:22:16Z</time>
        <extensions>
          <gpxtpx:TrackPointExtension>
            <gpxtpx:hr>132</gpxtpx:hr>
          </gpxtpx:TrackPointExtension>
        </extensions>
      </trkpt>
      <trkpt lat="48.572450000" lon="2.531074000">
        <ele>41.000</ele>
        <time>2024-05-19T11:22:17Z</time>
        <extensions>
          <gpxtpx:TrackPointExtension>
            <gpxtpx:hr>132</gpxtpx:hr>
          </gpxtpx:TrackPointExtension>
        </extensions>
      </trkpt>
      <trkpt lat="48.572454000" lon="2.531057000">
        <ele>41.100</ele>
        <time>2024-05-19T11:22:19Z</time>
        <extensions>
          <gpxtpx:TrackPointExtension>
            <gpxtpx:hr>132</gpxtpx:hr>
          </gpxtpx:TrackPointExtension>
        </extensions>
      </trkpt>
      <trkpt lat="48.572442000" lon="2.531028000">
        <ele>41.100</ele>
        <time>2024-05-19T11:22:21Z</time>
        <extensions>
          <gpxtpx:TrackPointExtension>
            <gpxtpx:hr>132</gpxtpx:hr>
          </gpxtpx:TrackPointExtension>
        </extensions>
      </trkpt>
      <trkpt lat="48.572441000" lon="2.531064000">
        <ele>41.000</ele>
        <time>2024-05-19T11:22:23Z</time>
        <extensions>
          <gpxtpx:TrackPointExtension>
            <gpxtpx:hr>131</gpxtpx:hr>
          </gpxtpx:TrackPointExtension>
        </extensions>
      </trkpt>
      <trkpt lat="48.572457000" lon="2.531086000">
        <ele>41.000</ele>
        <time>2024-05-19T11:22:27Z</time>
        <extensions>
          <gpxtpx:TrackPointExtension>
            <gpxtpx:hr>129</gpxtpx:hr>
          </gpxtpx:TrackPointExtension>
        </extensions>
      </trkpt>
      <trkpt lat="48.572450000" lon="2.531061000">
        <ele>41.100</ele>
        <time>2024-05-19T11:22:29Z</time>
        <extensions>
          <gpxtpx:TrackPointExtension>
            <gpxtpx:hr>129</gpxtpx:hr>
          </gpxtpx:TrackPointExtension>
        </extensions>
      </trkpt>
      <trkpt lat="48.572437000" lon="2.531068000">
        <ele>41.000</ele>
        <time>2024-05-19T11:22:30Z</time>
        <extensions>
          <gpxtpx:TrackPointExtension>
            <gpxtpx:hr>129</gpxtpx:hr>
          </gpxtpx:TrackPointExtension>
        </extensions>
      </trkpt>
      <trkpt lat="48.572437000" lon="2.531042000">
        <ele>41.100</ele>
        <time>2024-05-19T11:22:32Z</time>
        <extensions>
          <gpxtpx:TrackPointExtension>
            <gpxtpx:hr>129</gpxtpx:hr>
          </gpxtpx:TrackPointExtension>
        </extensions>
      </trkpt>
      <trkpt lat="48.572420000" lon="2.531057000">
        <ele>41.200</ele>
        <time>2024-05-19T11:22:33Z</time>
        <extensions>
          <gpxtpx:TrackPointExtension>
            <gpxtpx:hr>129</gpxtpx:hr>
          </gpxtpx:TrackPointExtension>
        </extensions>
      </trkpt>
      <trkpt lat="48.572401000" lon="2.531053000">
        <ele>41.300</ele>
        <time>2024-05-19T11:22:34Z</time>
        <extensions>
          <gpxtpx:TrackPointExtension>
            <gpxtpx:hr>129</gpxtpx:hr>
          </gpxtpx:TrackPointExtension>
        </extensions>
      </trkpt>
      <trkpt lat="48.572405000" lon="2.531040000">
        <ele>41.200</ele>
        <time>2024-05-19T11:22:35Z</time>
        <extensions>
          <gpxtpx:TrackPointExtension>
            <gpxtpx:hr>128</gpxtpx:hr>
          </gpxtpx:TrackPointExtension>
        </extensions>
      </trkpt>
      <trkpt lat="48.572375000" lon="2.531087000">
        <ele>41.400</ele>
        <time>2024-05-19T11:22:42Z</time>
        <extensions>
          <gpxtpx:TrackPointExtension>
            <gpxtpx:hr>128</gpxtpx:hr>
          </gpxtpx:TrackPointExtension>
        </extensions>
      </trkpt>
      <trkpt lat="48.572386000" lon="2.531096000">
        <ele>41.300</ele>
        <time>2024-05-19T11:22:44Z</time>
        <extensions>
          <gpxtpx:TrackPointExtension>
            <gpxtpx:hr>128</gpxtpx:hr>
          </gpxtpx:TrackPointExtension>
        </extensions>
      </trkpt>
      <trkpt lat="48.572379000" lon="2.531113000">
        <ele>41.300</ele>
        <time>2024-05-19T11:22:45Z</time>
        <extensions>
          <gpxtpx:TrackPointExtension>
            <gpxtpx:hr>128</gpxtpx:hr>
          </gpxtpx:TrackPointExtension>
        </extensions>
      </trkpt>
      <trkpt lat="48.572515000" lon="2.531042000">
        <ele>40.800</ele>
        <time>2024-05-19T11:22:52Z</time>
        <extensions>
          <gpxtpx:TrackPointExtension>
            <gpxtpx:hr>131</gpxtpx:hr>
          </gpxtpx:TrackPointExtension>
        </extensions>
      </trkpt>
      <trkpt lat="48.572485000" lon="2.531053000">
        <ele>40.900</ele>
        <time>2024-05-19T11:22:54Z</time>
        <extensions>
          <gpxtpx:TrackPointExtension>
            <gpxtpx:hr>131</gpxtpx:hr>
          </gpxtpx:TrackPointExtension>
        </extensions>
      </trkpt>
      <trkpt lat="48.572479000" lon="2.531029000">
        <ele>40.900</ele>
        <time>2024-05-19T11:22:55Z</time>
        <extensions>
          <gpxtpx:TrackPointExtension>
            <gpxtpx:hr>131</gpxtpx:hr>
          </gpxtpx:TrackPointExtension>
        </extensions>
      </trkpt>
      <trkpt lat="48.572450000" lon="2.531014000">
        <ele>41.100</ele>
        <time>2024-05-19T11:22:56Z</time>
        <extensions>
          <gpxtpx:TrackPointExtension>
            <gpxtpx:hr>139</gpxtpx:hr>
          </gpxtpx:TrackPointExtension>
        </extensions>
      </trkpt>
      <trkpt lat="48.572408000" lon="2.531012000">
        <ele>41.200</ele>
        <time>2024-05-19T11:22:58Z</time>
        <extensions>
          <gpxtpx:TrackPointExtension>
            <gpxtpx:hr>139</gpxtpx:hr>
          </gpxtpx:TrackPointExtension>
        </extensions>
      </trkpt>
      <trkpt lat="48.572392000" lon="2.531000000">
        <ele>41.300</ele>
        <time>2024-05-19T11:23:00Z</time>
        <extensions>
          <gpxtpx:TrackPointExtension>
            <gpxtpx:hr>139</gpxtpx:hr>
          </gpxtpx:TrackPointExtension>
        </extensions>
      </trkpt>
      <trkpt lat="48.572396000" lon="2.530995000">
        <ele>41.300</ele>
        <time>2024-05-19T11:23:01Z</time>
        <extensions>
          <gpxtpx:TrackPointExtension>
            <gpxtpx:hr>146</gpxtpx:hr>
          </gpxtpx:TrackPointExtension>
        </extensions>
      </trkpt>
      <trkpt lat="48.572388000" lon="2.530998000">
        <ele>41.300</ele>
        <time>2024-05-19T11:23:03Z</time>
        <extensions>
          <gpxtpx:TrackPointExtension>
            <gpxtpx:hr>146</gpxtpx:hr>
          </gpxtpx:TrackPointExtension>
        </extensions>
      </trkpt>
      <trkpt lat="48.572395000" lon="2.530992000">
        <ele>41.300</ele>
        <time>2024-05-19T11:23:04Z</time>
        <extensions>
          <gpxtpx:TrackPointExtension>
            <gpxtpx:hr>146</gpxtpx:hr>
          </gpxtpx:TrackPointExtension>
        </extensions>
      </trkpt>
      <trkpt lat="48.572418000" lon="2.531004000">
        <ele>41.200</ele>
        <time>2024-05-19T11:23:07Z</time>
        <extensions>
          <gpxtpx:TrackPointExtension>
            <gpxtpx:hr>146</gpxtpx:hr>
          </gpxtpx:TrackPointExtension>
        </extensions>
      </trkpt>
      <trkpt lat="48.572440000" lon="2.531001000">
        <ele>41.100</ele>
        <time>2024-05-19T11:23:09Z</time>
        <extensions>
          <gpxtpx:TrackPointExtension>
            <gpxtpx:hr>146</gpxtpx:hr>
          </gpxtpx:TrackPointExtension>
        </extensions>
      </trkpt>
      <trkpt lat="48.572426000" lon="2.530994000">
        <ele>41.200</ele>
        <time>2024-05-19T11:23:11Z</time>
        <extensions>
          <gpxtpx:TrackPointExtension>
            <gpxtpx:hr>146</gpxtpx:hr>
          </gpxtpx:TrackPointExtension>
        </extensions>
      </trkpt>
      <trkpt lat="48.572427000" lon="2.531002000">
        <ele>41.200</ele>
        <time>2024-05-19T11:23:13Z</time>
        <extensions>
          <gpxtpx:TrackPointExtension>
            <gpxtpx:hr>146</gpxtpx:hr>
          </gpxtpx:TrackPointExtension>
        </extensions>
      </trkpt>
      <trkpt lat="48.572413000" lon="2.531000000">
        <ele>41.200</ele>
        <time>2024-05-19T11:23:15Z</time>
        <extensions>
          <gpxtpx:TrackPointExtension>
            <gpxtpx:hr>146</gpxtpx:hr>
          </gpxtpx:TrackPointExtension>
        </extensions>
      </trkpt>
      <trkpt lat="48.572418000" lon="2.531011000">
        <ele>41.200</ele>
        <time>2024-05-19T11:23:17Z</time>
        <extensions>
          <gpxtpx:TrackPointExtension>
            <gpxtpx:hr>146</gpxtpx:hr>
          </gpxtpx:TrackPointExtension>
        </extensions>
      </trkpt>
      <trkpt lat="48.572411000" lon="2.531011000">
        <ele>41.200</ele>
        <time>2024-05-19T11:23:19Z</time>
        <extensions>
          <gpxtpx:TrackPointExtension>
            <gpxtpx:hr>146</gpxtpx:hr>
          </gpxtpx:TrackPointExtension>
        </extensions>
      </trkpt>
      <trkpt lat="48.572415000" lon="2.531026000">
        <ele>41.200</ele>
        <time>2024-05-19T11:23:21Z</time>
        <extensions>
          <gpxtpx:TrackPointExtension>
            <gpxtpx:hr>146</gpxtpx:hr>
          </gpxtpx:TrackPointExtension>
        </extensions>
      </trkpt>
      <trkpt lat="48.572421000" lon="2.531007000">
        <ele>41.200</ele>
        <time>2024-05-19T11:23:22Z</time>
        <extensions>
          <gpxtpx:TrackPointExtension>
            <gpxtpx:hr>146</gpxtpx:hr>
          </gpxtpx:TrackPointExtension>
        </extensions>
      </trkpt>
      <trkpt lat="48.572408000" lon="2.530953000">
        <ele>41.200</ele>
        <time>2024-05-19T11:23:23Z</time>
        <extensions>
          <gpxtpx:TrackPointExtension>
            <gpxtpx:hr>146</gpxtpx:hr>
          </gpxtpx:TrackPointExtension>
        </extensions>
      </trkpt>
      <trkpt lat="48.572344000" lon="2.530959000">
        <ele>41.600</ele>
        <time>2024-05-19T11:23:24Z</time>
        <extensions>
          <gpxtpx:TrackPointExtension>
            <gpxtpx:hr>146</gpxtpx:hr>
          </gpxtpx:TrackPointExtension>
        </extensions>
      </trkpt>
      <trkpt lat="48.572265000" lon="2.530992000">
        <ele>42.000</ele>
        <time>2024-05-19T11:23:25Z</time>
        <extensions>
          <gpxtpx:TrackPointExtension>
            <gpxtpx:hr>146</gpxtpx:hr>
          </gpxtpx:TrackPointExtension>
        </extensions>
      </trkpt>
      <trkpt lat="48.572395000" lon="2.531011000">
        <ele>41.300</ele>
        <time>2024-05-19T11:23:27Z</time>
        <extensions>
          <gpxtpx:TrackPointExtension>
            <gpxtpx:hr>146</gpxtpx:hr>
          </gpxtpx:TrackPointExtension>
        </extensions>
      </trkpt>
      <trkpt lat="48.572386000" lon="2.531041000">
        <ele>41.300</ele>
        <time>2024-05-19T11:23:32Z</time>
        <extensions>
          <gpxtpx:TrackPointExtension>
            <gpxtpx:hr>146</gpxtpx:hr>
          </gpxtpx:TrackPointExtension>
        </extensions>
      </trkpt>
      <trkpt lat="48.572401000" lon="2.531004000">
        <ele>41.300</ele>
        <time>2024-05-19T11:23:33Z</time>
        <extensions>
          <gpxtpx:TrackPointExtension>
            <gpxtpx:hr>146</gpxtpx:hr>
          </gpxtpx:TrackPointExtension>
        </extensions>
      </trkpt>
      <trkpt lat="48.572422000" lon="2.531002000">
        <ele>41.200</ele>
        <time>2024-05-19T11:23:34Z</time>
        <extensions>
          <gpxtpx:TrackPointExtension>
            <gpxtpx:hr>146</gpxtpx:hr>
          </gpxtpx:TrackPointExtension>
        </extensions>
      </trkpt>
      <trkpt lat="48.572404000" lon="2.530993000">
        <ele>41.300</ele>
        <time>2024-05-19T11:23:36Z</time>
        <extensions>
          <gpxtpx:TrackPointExtension>
            <gpxtpx:hr>146</gpxtpx:hr>
          </gpxtpx:TrackPointExtension>
        </extensions>
      </trkpt>
      <trkpt lat="48.572417000" lon="2.530950000">
        <ele>41.200</ele>
        <time>2024-05-19T11:23:40Z</time>
        <extensions>
          <gpxtpx:TrackPointExtension>
            <gpxtpx:hr>146</gpxtpx:hr>
          </gpxtpx:TrackPointExtension>
        </extensions>
      </trkpt>
      <trkpt lat="48.572443000" lon="2.531041000">
        <ele>41.100</ele>
        <time>2024-05-19T11:23:43Z</time>
        <extensions>
          <gpxtpx:TrackPointExtension>
            <gpxtpx:hr>150</gpxtpx:hr>
          </gpxtpx:TrackPointExtension>
        </extensions>
      </trkpt>
      <trkpt lat="48.572447000" lon="2.531010000">
        <ele>41.100</ele>
        <time>2024-05-19T11:23:45Z</time>
        <extensions>
          <gpxtpx:TrackPointExtension>
            <gpxtpx:hr>150</gpxtpx:hr>
          </gpxtpx:TrackPointExtension>
        </extensions>
      </trkpt>
      <trkpt lat="48.572435000" lon="2.531039000">
        <ele>41.100</ele>
        <time>2024-05-19T11:23:46Z</time>
        <extensions>
          <gpxtpx:TrackPointExtension>
            <gpxtpx:hr>150</gpxtpx:hr>
          </gpxtpx:TrackPointExtension>
        </extensions>
      </trkpt>
      <trkpt lat="48.572445000" lon="2.531036000">
        <ele>41.100</ele>
        <time>2024-05-19T11:23:47Z</time>
        <extensions>
          <gpxtpx:TrackPointExtension>
            <gpxtpx:hr>152</gpxtpx:hr>
          </gpxtpx:TrackPointExtension>
        </extensions>
      </trkpt>
      <trkpt lat="48.572437000" lon="2.531038000">
        <ele>41.100</ele>
        <time>2024-05-19T11:23:50Z</time>
        <extensions>
          <gpxtpx:TrackPointExtension>
            <gpxtpx:hr>152</gpxtpx:hr>
          </gpxtpx:TrackPointExtension>
        </extensions>
      </trkpt>
      <trkpt lat="48.572430000" lon="2.531080000">
        <ele>41.200</ele>
        <time>2024-05-19T11:23:51Z</time>
        <extensions>
          <gpxtpx:TrackPointExtension>
            <gpxtpx:hr>152</gpxtpx:hr>
          </gpxtpx:TrackPointExtension>
        </extensions>
      </trkpt>
      <trkpt lat="48.572413000" lon="2.531059000">
        <ele>41.200</ele>
        <time>2024-05-19T11:23:52Z</time>
        <extensions>
          <gpxtpx:TrackPointExtension>
            <gpxtpx:hr>152</gpxtpx:hr>
          </gpxtpx:TrackPointExtension>
        </extensions>
      </trkpt>
      <trkpt lat="48.572411000" lon="2.531042000">
        <ele>41.200</ele>
        <time>2024-05-19T11:23:53Z</time>
        <extensions>
          <gpxtpx:TrackPointExtension>
            <gpxtpx:hr>155</gpxtpx:hr>
          </gpxtpx:TrackPointExtension>
        </extensions>
      </trkpt>
      <trkpt lat="48.572389000" lon="2.531081000">
        <ele>41.300</ele>
        <time>2024-05-19T11:23:56Z</time>
        <extensions>
          <gpxtpx:TrackPointExtension>
            <gpxtpx:hr>155</gpxtpx:hr>
          </gpxtpx:TrackPointExtension>
        </extensions>
      </trkpt>
      <trkpt lat="48.572415000" lon="2.531019000">
        <ele>41.200</ele>
        <time>2024-05-19T11:23:58Z</time>
        <extensions>
          <gpxtpx:TrackPointExtension>
            <gpxtpx:hr>157</gpxtpx:hr>
          </gpxtpx:TrackPointExtension>
        </extensions>
      </trkpt>
      <trkpt lat="48.572452000" lon="2.531031000">
        <ele>41.100</ele>
        <time>2024-05-19T11:24:00Z</time>
        <extensions>
          <gpxtpx:TrackPointExtension>
            <gpxtpx:hr>157</gpxtpx:hr>
          </gpxtpx:TrackPointExtension>
        </extensions>
      </trkpt>
      <trkpt lat="48.572460000" lon="2.531006000">
        <ele>41.100</ele>
        <time>2024-05-19T11:24:01Z</time>
        <extensions>
          <gpxtpx:TrackPointExtension>
            <gpxtpx:hr>157</gpxtpx:hr>
          </gpxtpx:TrackPointExtension>
        </extensions>
      </trkpt>
      <trkpt lat="48.572421000" lon="2.530957000">
        <ele>41.200</ele>
        <time>2024-05-19T11:24:05Z</time>
        <extensions>
          <gpxtpx:TrackPointExtension>
            <gpxtpx:hr>160</gpxtpx:hr>
          </gpxtpx:TrackPointExtension>
        </extensions>
      </trkpt>
      <trkpt lat="48.572386000" lon="2.530968000">
        <ele>41.400</ele>
        <time>2024-05-19T11:24:07Z</time>
        <extensions>
          <gpxtpx:TrackPointExtension>
            <gpxtpx:hr>160</gpxtpx:hr>
          </gpxtpx:TrackPointExtension>
        </extensions>
      </trkpt>
      <trkpt lat="48.572385000" lon="2.530957000">
        <ele>41.400</ele>
        <time>2024-05-19T11:24:08Z</time>
        <extensions>
          <gpxtpx:TrackPointExtension>
            <gpxtpx:hr>160</gpxtpx:hr>
          </gpxtpx:TrackPointExtension>
        </extensions>
      </trkpt>
      <trkpt lat="48.572377000" lon="2.530956000">
        <ele>41.400</ele>
        <time>2024-05-19T11:24:10Z</time>
        <extensions>
          <gpxtpx:TrackPointExtension>
            <gpxtpx:hr>160</gpxtpx:hr>
          </gpxtpx:TrackPointExtension>
        </extensions>
      </trkpt>
      <trkpt lat="48.572386000" lon="2.531070000">
        <ele>41.300</ele>
        <time>2024-05-19T11:24:16Z</time>
        <extensions>
          <gpxtpx:TrackPointExtension>
            <gpxtpx:hr>158</gpxtpx:hr>
          </gpxtpx:TrackPointExtension>
        </extensions>
      </trkpt>
      <trkpt lat="48.572414000" lon="2.531093000">
        <ele>41.200</ele>
        <time>2024-05-19T11:24:19Z</time>
        <extensions>
          <gpxtpx:TrackPointExtension>
            <gpxtpx:hr>157</gpxtpx:hr>
          </gpxtpx:TrackPointExtension>
        </extensions>
      </trkpt>
      <trkpt lat="48.572398000" lon="2.531088000">
        <ele>41.300</ele>
        <time>2024-05-19T11:24:23Z</time>
        <extensions>
          <gpxtpx:TrackPointExtension>
            <gpxtpx:hr>157</gpxtpx:hr>
          </gpxtpx:TrackPointExtension>
        </extensions>
      </trkpt>
      <trkpt lat="48.572416000" lon="2.531095000">
        <ele>41.200</ele>
        <time>2024-05-19T11:24:25Z</time>
        <extensions>
          <gpxtpx:TrackPointExtension>
            <gpxtpx:hr>157</gpxtpx:hr>
          </gpxtpx:TrackPointExtension>
        </extensions>
      </trkpt>
      <trkpt lat="48.572418000" lon="2.531087000">
        <ele>41.200</ele>
        <time>2024-05-19T11:24:26Z</time>
        <extensions>
          <gpxtpx:TrackPointExtension>
            <gpxtpx:hr>157</gpxtpx:hr>
          </gpxtpx:TrackPointExtension>
        </extensions>
      </trkpt>
      <trkpt lat="48.572386000" lon="2.531078000">
        <ele>41.300</ele>
        <time>2024-05-19T11:24:27Z</time>
        <extensions>
          <gpxtpx:TrackPointExtension>
            <gpxtpx:hr>157</gpxtpx:hr>
          </gpxtpx:TrackPointExtension>
        </extensions>
      </trkpt>
      <trkpt lat="48.572405000" lon="2.531086000">
        <ele>41.200</ele>
        <time>2024-05-19T11:24:28Z</time>
        <extensions>
          <gpxtpx:TrackPointExtension>
            <gpxtpx:hr>157</gpxtpx:hr>
          </gpxtpx:TrackPointExtension>
        </extensions>
      </trkpt>
      <trkpt lat="48.572390000" lon="2.531082000">
        <ele>41.300</ele>
        <time>2024-05-19T11:24:30Z</time>
        <extensions>
          <gpxtpx:TrackPointExtension>
            <gpxtpx:hr>155</gpxtpx:hr>
          </gpxtpx:TrackPointExtension>
        </extensions>
      </trkpt>
      <trkpt lat="48.572410000" lon="2.531099000">
        <ele>41.200</ele>
        <time>2024-05-19T11:24:32Z</time>
        <extensions>
          <gpxtpx:TrackPointExtension>
            <gpxtpx:hr>155</gpxtpx:hr>
          </gpxtpx:TrackPointExtension>
        </extensions>
      </trkpt>
      <trkpt lat="48.572395000" lon="2.531086000">
        <ele>41.300</ele>
        <time>2024-05-19T11:24:33Z</time>
        <extensions>
          <gpxtpx:TrackPointExtension>
            <gpxtpx:hr>155</gpxtpx:hr>
          </gpxtpx:TrackPointExtension>
        </extensions>
      </trkpt>
      <trkpt lat="48.572403000" lon="2.531080000">
        <ele>41.300</ele>
        <time>2024-05-19T11:24:34Z</time>
        <extensions>
          <gpxtpx:TrackPointExtension>
            <gpxtpx:hr>155</gpxtpx:hr>
          </gpxtpx:TrackPointExtension>
        </extensions>
      </trkpt>
      <trkpt lat="48.572403000" lon="2.531091000">
        <ele>41.300</ele>
        <time>2024-05-19T11:24:37Z</time>
        <extensions>
          <gpxtpx:TrackPointExtension>
            <gpxtpx:hr>155</gpxtpx:hr>
          </gpxtpx:TrackPointExtension>
        </extensions>
      </trkpt>
      <trkpt lat="48.572416000" lon="2.531053000">
        <ele>41.200</ele>
        <time>2024-05-19T11:24:39Z</time>
        <extensions>
          <gpxtpx:TrackPointExtension>
            <gpxtpx:hr>155</gpxtpx:hr>
          </gpxtpx:TrackPointExtension>
        </extensions>
      </trkpt>
      <trkpt lat="48.572455000" lon="2.531076000">
        <ele>41.100</ele>
        <time>2024-05-19T11:24:42Z</time>
        <extensions>
          <gpxtpx:TrackPointExtension>
            <gpxtpx:hr>155</gpxtpx:hr>
          </gpxtpx:TrackPointExtension>
        </extensions>
      </trkpt>
      <trkpt lat="48.572486000" lon="2.531046000">
        <ele>41.000</ele>
        <time>2024-05-19T11:24:45Z</time>
        <extensions>
          <gpxtpx:TrackPointExtension>
            <gpxtpx:hr>155</gpxtpx:hr>
          </gpxtpx:TrackPointExtension>
        </extensions>
      </trkpt>
      <trkpt lat="48.572441000" lon="2.531081000">
        <ele>41.100</ele>
        <time>2024-05-19T11:24:47Z</time>
        <extensions>
          <gpxtpx:TrackPointExtension>
            <gpxtpx:hr>157</gpxtpx:hr>
          </gpxtpx:TrackPointExtension>
        </extensions>
      </trkpt>
      <trkpt lat="48.572424000" lon="2.531083000">
        <ele>41.200</ele>
        <time>2024-05-19T11:24:49Z</time>
        <extensions>
          <gpxtpx:TrackPointExtension>
            <gpxtpx:hr>157</gpxtpx:hr>
          </gpxtpx:TrackPointExtension>
        </extensions>
      </trkpt>
      <trkpt lat="48.572432000" lon="2.530984000">
        <ele>41.200</ele>
        <time>2024-05-19T11:24:53Z</time>
        <extensions>
          <gpxtpx:TrackPointExtension>
            <gpxtpx:hr>155</gpxtpx:hr>
          </gpxtpx:TrackPointExtension>
        </extensions>
      </trkpt>
      <trkpt lat="48.572422000" lon="2.530971000">
        <ele>41.200</ele>
        <time>2024-05-19T11:24:54Z</time>
        <extensions>
          <gpxtpx:TrackPointExtension>
            <gpxtpx:hr>155</gpxtpx:hr>
          </gpxtpx:TrackPointExtension>
        </extensions>
      </trkpt>
      <trkpt lat="48.572424000" lon="2.531010000">
        <ele>41.200</ele>
        <time>2024-05-19T11:24:58Z</time>
        <extensions>
          <gpxtpx:TrackPointExtension>
            <gpxtpx:hr>154</gpxtpx:hr>
          </gpxtpx:TrackPointExtension>
        </extensions>
      </trkpt>
      <trkpt lat="48.572421000" lon="2.530995000">
        <ele>41.200</ele>
        <time>2024-05-19T11:25:00Z</time>
        <extensions>
          <gpxtpx:TrackPointExtension>
            <gpxtpx:hr>154</gpxtpx:hr>
          </gpxtpx:TrackPointExtension>
        </extensions>
      </trkpt>
      <trkpt lat="48.572428000" lon="2.531018000">
        <ele>41.200</ele>
        <time>2024-05-19T11:25:01Z</time>
        <extensions>
          <gpxtpx:TrackPointExtension>
            <gpxtpx:hr>154</gpxtpx:hr>
          </gpxtpx:TrackPointExtension>
        </extensions>
      </trkpt>
      <trkpt lat="48.572404000" lon="2.531017000">
        <ele>41.400</ele>
        <time>2024-05-19T11:25:02Z</time>
        <extensions>
          <gpxtpx:TrackPointExtension>
            <gpxtpx:hr>154</gpxtpx:hr>
          </gpxtpx:TrackPointExtension>
        </extensions>
      </trkpt>
      <trkpt lat="48.572385000" lon="2.531061000">
        <ele>41.300</ele>
        <time>2024-05-19T11:25:03Z</time>
        <extensions>
          <gpxtpx:TrackPointExtension>
            <gpxtpx:hr>154</gpxtpx:hr>
          </gpxtpx:TrackPointExtension>
        </extensions>
      </trkpt>
      <trkpt lat="48.572423000" lon="2.530994000">
        <ele>41.200</ele>
        <time>2024-05-19T11:25:04Z</time>
        <extensions>
          <gpxtpx:TrackPointExtension>
            <gpxtpx:hr>154</gpxtpx:hr>
          </gpxtpx:TrackPointExtension>
        </extensions>
      </trkpt>
      <trkpt lat="48.572398000" lon="2.530998000">
        <ele>41.400</ele>
        <time>2024-05-19T11:25:06Z</time>
        <extensions>
          <gpxtpx:TrackPointExtension>
            <gpxtpx:hr>154</gpxtpx:hr>
          </gpxtpx:TrackPointExtension>
        </extensions>
      </trkpt>
      <trkpt lat="48.572382000" lon="2.531029000">
        <ele>41.300</ele>
        <time>2024-05-19T11:25:09Z</time>
        <extensions>
          <gpxtpx:TrackPointExtension>
            <gpxtpx:hr>154</gpxtpx:hr>
          </gpxtpx:TrackPointExtension>
        </extensions>
      </trkpt>
      <trkpt lat="48.572395000" lon="2.531048000">
        <ele>41.300</ele>
        <time>2024-05-19T11:25:10Z</time>
        <extensions>
          <gpxtpx:TrackPointExtension>
            <gpxtpx:hr>154</gpxtpx:hr>
          </gpxtpx:TrackPointExtension>
        </extensions>
      </trkpt>
      <trkpt lat="48.572389000" lon="2.531022000">
        <ele>41.300</ele>
        <time>2024-05-19T11:25:11Z</time>
        <extensions>
          <gpxtpx:TrackPointExtension>
            <gpxtpx:hr>154</gpxtpx:hr>
          </gpxtpx:TrackPointExtension>
        </extensions>
      </trkpt>
      <trkpt lat="48.572408000" lon="2.530999000">
        <ele>41.200</ele>
        <time>2024-05-19T11:25:13Z</time>
        <extensions>
          <gpxtpx:TrackPointExtension>
            <gpxtpx:hr>154</gpxtpx:hr>
          </gpxtpx:TrackPointExtension>
        </extensions>
      </trkpt>
      <trkpt lat="48.572392000" lon="2.530977000">
        <ele>41.400</ele>
        <time>2024-05-19T11:25:15Z</time>
        <extensions>
          <gpxtpx:TrackPointExtension>
            <gpxtpx:hr>151</gpxtpx:hr>
          </gpxtpx:TrackPointExtension>
        </extensions>
      </trkpt>
      <trkpt lat="48.572379000" lon="2.530989000">
        <ele>41.400</ele>
        <time>2024-05-19T11:25:17Z</time>
        <extensions>
          <gpxtpx:TrackPointExtension>
            <gpxtpx:hr>151</gpxtpx:hr>
          </gpxtpx:TrackPointExtension>
        </extensions>
      </trkpt>
      <trkpt lat="48.572424000" lon="2.531071000">
        <ele>41.200</ele>
        <time>2024-05-19T11:25:23Z</time>
        <extensions>
          <gpxtpx:TrackPointExtension>
            <gpxtpx:hr>151</gpxtpx:hr>
          </gpxtpx:TrackPointExtension>
        </extensions>
      </trkpt>
      <trkpt lat="48.572422000" lon="2.531080000">
        <ele>41.200</ele>
        <time>2024-05-19T11:25:24Z</time>
        <extensions>
          <gpxtpx:TrackPointExtension>
            <gpxtpx:hr>151</gpxtpx:hr>
          </gpxtpx:TrackPointExtension>
        </extensions>
      </trkpt>
      <trkpt lat="48.572430000" lon="2.531088000">
        <ele>41.200</ele>
        <time>2024-05-19T11:25:25Z</time>
        <extensions>
          <gpxtpx:TrackPointExtension>
            <gpxtpx:hr>151</gpxtpx:hr>
          </gpxtpx:TrackPointExtension>
        </extensions>
      </trkpt>
      <trkpt lat="48.572401000" lon="2.531101000">
        <ele>41.300</ele>
        <time>2024-05-19T11:25:29Z</time>
        <extensions>
          <gpxtpx:TrackPointExtension>
            <gpxtpx:hr>151</gpxtpx:hr>
          </gpxtpx:TrackPointExtension>
        </extensions>
      </trkpt>
      <trkpt lat="48.572408000" lon="2.531106000">
        <ele>41.200</ele>
        <time>2024-05-19T11:25:30Z</time>
        <extensions>
          <gpxtpx:TrackPointExtension>
            <gpxtpx:hr>151</gpxtpx:hr>
          </gpxtpx:TrackPointExtension>
        </extensions>
      </trkpt>
      <trkpt lat="48.572408000" lon="2.531096000">
        <ele>41.200</ele>
        <time>2024-05-19T11:25:31Z</time>
        <extensions>
          <gpxtpx:TrackPointExtension>
            <gpxtpx:hr>151</gpxtpx:hr>
          </gpxtpx:TrackPointExtension>
        </extensions>
      </trkpt>
      <trkpt lat="48.572386000" lon="2.531133000">
        <ele>41.300</ele>
        <time>2024-05-19T11:25:33Z</time>
        <extensions>
          <gpxtpx:TrackPointExtension>
            <gpxtpx:hr>151</gpxtpx:hr>
          </gpxtpx:TrackPointExtension>
        </extensions>
      </trkpt>
      <trkpt lat="48.572381000" lon="2.531164000">
        <ele>41.300</ele>
        <time>2024-05-19T11:25:34Z</time>
        <extensions>
          <gpxtpx:TrackPointExtension>
            <gpxtpx:hr>144</gpxtpx:hr>
          </gpxtpx:TrackPointExtension>
        </extensions>
      </trkpt>
      <trkpt lat="48.572386000" lon="2.531118000">
        <ele>41.300</ele>
        <time>2024-05-19T11:25:35Z</time>
        <extensions>
          <gpxtpx:TrackPointExtension>
            <gpxtpx:hr>144</gpxtpx:hr>
          </gpxtpx:TrackPointExtension>
        </extensions>
      </trkpt>
      <trkpt lat="48.572399000" lon="2.531121000">
        <ele>41.300</ele>
        <time>2024-05-19T11:25:36Z</time>
        <extensions>
          <gpxtpx:TrackPointExtension>
            <gpxtpx:hr>144</gpxtpx:hr>
          </gpxtpx:TrackPointExtension>
        </extensions>
      </trkpt>
      <trkpt lat="48.572410000" lon="2.531055000">
        <ele>41.200</ele>
        <time>2024-05-19T11:25:40Z</time>
        <extensions>
          <gpxtpx:TrackPointExtension>
            <gpxtpx:hr>144</gpxtpx:hr>
          </gpxtpx:TrackPointExtension>
        </extensions>
      </trkpt>
      <trkpt lat="48.572523000" lon="2.531126000">
        <ele>40.700</ele>
        <time>2024-05-19T11:25:43Z</time>
        <extensions>
          <gpxtpx:TrackPointExtension>
            <gpxtpx:hr>148</gpxtpx:hr>
          </gpxtpx:TrackPointExtension>
        </extensions>
      </trkpt>
      <trkpt lat="48.572553000" lon="2.531098000">
        <ele>40.600</ele>
        <time>2024-05-19T11:25:44Z</time>
        <extensions>
          <gpxtpx:TrackPointExtension>
            <gpxtpx:hr>149</gpxtpx:hr>
          </gpxtpx:TrackPointExtension>
        </extensions>
      </trkpt>
      <trkpt lat="48.572556000" lon="2.531048000">
        <ele>40.600</ele>
        <time>2024-05-19T11:25:45Z</time>
        <extensions>
          <gpxtpx:TrackPointExtension>
            <gpxtpx:hr>149</gpxtpx:hr>
          </gpxtpx:TrackPointExtension>
        </extensions>
      </trkpt>
      <trkpt lat="48.572570000" lon="2.531008000">
        <ele>40.600</ele>
        <time>2024-05-19T11:25:46Z</time>
        <extensions>
          <gpxtpx:TrackPointExtension>
            <gpxtpx:hr>149</gpxtpx:hr>
          </gpxtpx:TrackPointExtension>
        </extensions>
      </trkpt>
      <trkpt lat="48.572557000" lon="2.531037000">
        <ele>40.600</ele>
        <time>2024-05-19T11:25:48Z</time>
        <extensions>
          <gpxtpx:TrackPointExtension>
            <gpxtpx:hr>149</gpxtpx:hr>
          </gpxtpx:TrackPointExtension>
        </extensions>
      </trkpt>
      <trkpt lat="48.572558000" lon="2.531057000">
        <ele>40.600</ele>
        <time>2024-05-19T11:25:49Z</time>
        <extensions>
          <gpxtpx:TrackPointExtension>
            <gpxtpx:hr>152</gpxtpx:hr>
          </gpxtpx:TrackPointExtension>
        </extensions>
      </trkpt>
      <trkpt lat="48.572544000" lon="2.531070000">
        <ele>40.700</ele>
        <time>2024-05-19T11:25:52Z</time>
        <extensions>
          <gpxtpx:TrackPointExtension>
            <gpxtpx:hr>152</gpxtpx:hr>
          </gpxtpx:TrackPointExtension>
        </extensions>
      </trkpt>
      <trkpt lat="48.572498000" lon="2.531041000">
        <ele>40.800</ele>
        <time>2024-05-19T11:25:55Z</time>
        <extensions>
          <gpxtpx:TrackPointExtension>
            <gpxtpx:hr>152</gpxtpx:hr>
          </gpxtpx:TrackPointExtension>
        </extensions>
      </trkpt>
      <trkpt lat="48.572462000" lon="2.530991000">
        <ele>41.000</ele>
        <time>2024-05-19T11:25:59Z</time>
        <extensions>
          <gpxtpx:TrackPointExtension>
            <gpxtpx:hr>154</gpxtpx:hr>
          </gpxtpx:TrackPointExtension>
        </extensions>
      </trkpt>
      <trkpt lat="48.572422000" lon="2.530995000">
        <ele>41.200</ele>
        <time>2024-05-19T11:26:01Z</time>
        <extensions>
          <gpxtpx:TrackPointExtension>
            <gpxtpx:hr>154</gpxtpx:hr>
          </gpxtpx:TrackPointExtension>
        </extensions>
      </trkpt>
      <trkpt lat="48.572404000" lon="2.530984000">
        <ele>41.400</ele>
        <time>2024-05-19T11:26:02Z</time>
        <extensions>
          <gpxtpx:TrackPointExtension>
            <gpxtpx:hr>154</gpxtpx:hr>
          </gpxtpx:TrackPointExtension>
        </extensions>
      </trkpt>
      <trkpt lat="48.572391000" lon="2.530960000">
        <ele>41.400</ele>
        <time>2024-05-19T11:26:03Z</time>
        <extensions>
          <gpxtpx:TrackPointExtension>
            <gpxtpx:hr>154</gpxtpx:hr>
          </gpxtpx:TrackPointExtension>
        </extensions>
      </trkpt>
      <trkpt lat="48.572406000" lon="2.530940000">
        <ele>41.300</ele>
        <time>2024-05-19T11:26:05Z</time>
        <extensions>
          <gpxtpx:TrackPointExtension>
            <gpxtpx:hr>151</gpxtpx:hr>
          </gpxtpx:TrackPointExtension>
        </extensions>
      </trkpt>
      <trkpt lat="48.572418000" lon="2.530988000">
        <ele>41.200</ele>
        <time>2024-05-19T11:26:10Z</time>
        <extensions>
          <gpxtpx:TrackPointExtension>
            <gpxtpx:hr>151</gpxtpx:hr>
          </gpxtpx:TrackPointExtension>
        </extensions>
      </trkpt>
      <trkpt lat="48.572400000" lon="2.530979000">
        <ele>41.400</ele>
        <time>2024-05-19T11:26:12Z</time>
        <extensions>
          <gpxtpx:TrackPointExtension>
            <gpxtpx:hr>151</gpxtpx:hr>
          </gpxtpx:TrackPointExtension>
        </extensions>
      </trkpt>
      <trkpt lat="48.572400000" lon="2.531007000">
        <ele>41.400</ele>
        <time>2024-05-19T11:26:13Z</time>
        <extensions>
          <gpxtpx:TrackPointExtension>
            <gpxtpx:hr>151</gpxtpx:hr>
          </gpxtpx:TrackPointExtension>
        </extensions>
      </trkpt>
      <trkpt lat="48.572399000" lon="2.530986000">
        <ele>41.400</ele>
        <time>2024-05-19T11:26:14Z</time>
        <extensions>
          <gpxtpx:TrackPointExtension>
            <gpxtpx:hr>151</gpxtpx:hr>
          </gpxtpx:TrackPointExtension>
        </extensions>
      </trkpt>
      <trkpt lat="48.572418000" lon="2.530939000">
        <ele>41.300</ele>
        <time>2024-05-19T11:26:15Z</time>
        <extensions>
          <gpxtpx:TrackPointExtension>
            <gpxtpx:hr>151</gpxtpx:hr>
          </gpxtpx:TrackPointExtension>
        </extensions>
      </trkpt>
      <trkpt lat="48.572448000" lon="2.530984000">
        <ele>41.100</ele>
        <time>2024-05-19T11:26:16Z</time>
        <extensions>
          <gpxtpx:TrackPointExtension>
            <gpxtpx:hr>151</gpxtpx:hr>
          </gpxtpx:TrackPointExtension>
        </extensions>
      </trkpt>
      <trkpt lat="48.572411000" lon="2.530994000">
        <ele>41.200</ele>
        <time>2024-05-19T11:26:18Z</time>
        <extensions>
          <gpxtpx:TrackPointExtension>
            <gpxtpx:hr>151</gpxtpx:hr>
          </gpxtpx:TrackPointExtension>
        </extensions>
      </trkpt>
      <trkpt lat="48.572389000" lon="2.531022000">
        <ele>41.300</ele>
        <time>2024-05-19T11:26:26Z</time>
        <extensions>
          <gpxtpx:TrackPointExtension>
            <gpxtpx:hr>154</gpxtpx:hr>
          </gpxtpx:TrackPointExtension>
        </extensions>
      </trkpt>
      <trkpt lat="48.572413000" lon="2.530987000">
        <ele>41.200</ele>
        <time>2024-05-19T11:26:30Z</time>
        <extensions>
          <gpxtpx:TrackPointExtension>
            <gpxtpx:hr>154</gpxtpx:hr>
          </gpxtpx:TrackPointExtension>
        </extensions>
      </trkpt>
      <trkpt lat="48.572418000" lon="2.530995000">
        <ele>41.200</ele>
        <time>2024-05-19T11:26:31Z</time>
        <extensions>
          <gpxtpx:TrackPointExtension>
            <gpxtpx:hr>154</gpxtpx:hr>
          </gpxtpx:TrackPointExtension>
        </extensions>
      </trkpt>
      <trkpt lat="48.572423000" lon="2.530978000">
        <ele>41.200</ele>
        <time>2024-05-19T11:26:32Z</time>
        <extensions>
          <gpxtpx:TrackPointExtension>
            <gpxtpx:hr>154</gpxtpx:hr>
          </gpxtpx:TrackPointExtension>
        </extensions>
      </trkpt>
      <trkpt lat="48.572415000" lon="2.530986000">
        <ele>41.200</ele>
        <time>2024-05-19T11:26:33Z</time>
        <extensions>
          <gpxtpx:TrackPointExtension>
            <gpxtpx:hr>154</gpxtpx:hr>
          </gpxtpx:TrackPointExtension>
        </extensions>
      </trkpt>
      <trkpt lat="48.572418000" lon="2.531013000">
        <ele>41.200</ele>
        <time>2024-05-19T11:26:34Z</time>
        <extensions>
          <gpxtpx:TrackPointExtension>
            <gpxtpx:hr>154</gpxtpx:hr>
          </gpxtpx:TrackPointExtension>
        </extensions>
      </trkpt>
      <trkpt lat="48.572435000" lon="2.531047000">
        <ele>41.100</ele>
        <time>2024-05-19T11:26:35Z</time>
        <extensions>
          <gpxtpx:TrackPointExtension>
            <gpxtpx:hr>152</gpxtpx:hr>
          </gpxtpx:TrackPointExtension>
        </extensions>
      </trkpt>
      <trkpt lat="48.572442000" lon="2.531041000">
        <ele>41.100</ele>
        <time>2024-05-19T11:26:36Z</time>
        <extensions>
          <gpxtpx:TrackPointExtension>
            <gpxtpx:hr>152</gpxtpx:hr>
          </gpxtpx:TrackPointExtension>
        </extensions>
      </trkpt>
      <trkpt lat="48.572467000" lon="2.530916000">
        <ele>41.000</ele>
        <time>2024-05-19T11:26:39Z</time>
        <extensions>
          <gpxtpx:TrackPointExtension>
            <gpxtpx:hr>153</gpxtpx:hr>
          </gpxtpx:TrackPointExtension>
        </extensions>
      </trkpt>
      <trkpt lat="48.572443000" lon="2.530884000">
        <ele>41.200</ele>
        <time>2024-05-19T11:26:40Z</time>
        <extensions>
          <gpxtpx:TrackPointExtension>
            <gpxtpx:hr>153</gpxtpx:hr>
          </gpxtpx:TrackPointExtension>
        </extensions>
      </trkpt>
      <trkpt lat="48.572380000" lon="2.530946000">
        <ele>41.400</ele>
        <time>2024-05-19T11:26:45Z</time>
        <extensions>
          <gpxtpx:TrackPointExtension>
            <gpxtpx:hr>159</gpxtpx:hr>
          </gpxtpx:TrackPointExtension>
        </extensions>
      </trkpt>
      <trkpt lat="48.572378000" lon="2.530971000">
        <ele>41.400</ele>
        <time>2024-05-19T11:26:46Z</time>
        <extensions>
          <gpxtpx:TrackPointExtension>
            <gpxtpx:hr>159</gpxtpx:hr>
          </gpxtpx:TrackPointExtension>
        </extensions>
      </trkpt>
      <trkpt lat="48.572386000" lon="2.530987000">
        <ele>41.400</ele>
        <time>2024-05-19T11:26:47Z</time>
        <extensions>
          <gpxtpx:TrackPointExtension>
            <gpxtpx:hr>159</gpxtpx:hr>
          </gpxtpx:TrackPointExtension>
        </extensions>
      </trkpt>
      <trkpt lat="48.572389000" lon="2.530969000">
        <ele>41.400</ele>
        <time>2024-05-19T11:26:48Z</time>
        <extensions>
          <gpxtpx:TrackPointExtension>
            <gpxtpx:hr>159</gpxtpx:hr>
          </gpxtpx:TrackPointExtension>
        </extensions>
      </trkpt>
      <trkpt lat="48.572396000" lon="2.530979000">
        <ele>41.400</ele>
        <time>2024-05-19T11:26:49Z</time>
        <extensions>
          <gpxtpx:TrackPointExtension>
            <gpxtpx:hr>159</gpxtpx:hr>
          </gpxtpx:TrackPointExtension>
        </extensions>
      </trkpt>
      <trkpt lat="48.572396000" lon="2.531027000">
        <ele>41.300</ele>
        <time>2024-05-19T11:26:52Z</time>
        <extensions>
          <gpxtpx:TrackPointExtension>
            <gpxtpx:hr>160</gpxtpx:hr>
          </gpxtpx:TrackPointExtension>
        </extensions>
      </trkpt>
      <trkpt lat="48.572409000" lon="2.531083000">
        <ele>41.200</ele>
        <time>2024-05-19T11:26:55Z</time>
        <extensions>
          <gpxtpx:TrackPointExtension>
            <gpxtpx:hr>160</gpxtpx:hr>
          </gpxtpx:TrackPointExtension>
        </extensions>
      </trkpt>
      <trkpt lat="48.572396000" lon="2.531095000">
        <ele>41.300</ele>
        <time>2024-05-19T11:26:58Z</time>
        <extensions>
          <gpxtpx:TrackPointExtension>
            <gpxtpx:hr>159</gpxtpx:hr>
          </gpxtpx:TrackPointExtension>
        </extensions>
      </trkpt>
      <trkpt lat="48.572399000" lon="2.531116000">
        <ele>41.300</ele>
        <time>2024-05-19T11:27:00Z</time>
        <extensions>
          <gpxtpx:TrackPointExtension>
            <gpxtpx:hr>158</gpxtpx:hr>
          </gpxtpx:TrackPointExtension>
        </extensions>
      </trkpt>
      <trkpt lat="48.572403000" lon="2.531105000">
        <ele>41.300</ele>
        <time>2024-05-19T11:27:02Z</time>
        <extensions>
          <gpxtpx:TrackPointExtension>
            <gpxtpx:hr>158</gpxtpx:hr>
          </gpxtpx:TrackPointExtension>
        </extensions>
      </trkpt>
      <trkpt lat="48.572411000" lon="2.531121000">
        <ele>41.200</ele>
        <time>2024-05-19T11:27:03Z</time>
        <extensions>
          <gpxtpx:TrackPointExtension>
            <gpxtpx:hr>158</gpxtpx:hr>
          </gpxtpx:TrackPointExtension>
        </extensions>
      </trkpt>
      <trkpt lat="48.572410000" lon="2.531105000">
        <ele>41.200</ele>
        <time>2024-05-19T11:27:04Z</time>
        <extensions>
          <gpxtpx:TrackPointExtension>
            <gpxtpx:hr>158</gpxtpx:hr>
          </gpxtpx:TrackPointExtension>
        </extensions>
      </trkpt>
      <trkpt lat="48.572428000" lon="2.531068000">
        <ele>41.200</ele>
        <time>2024-05-19T11:27:05Z</time>
        <extensions>
          <gpxtpx:TrackPointExtension>
            <gpxtpx:hr>158</gpxtpx:hr>
          </gpxtpx:TrackPointExtension>
        </extensions>
      </trkpt>
      <trkpt lat="48.572406000" lon="2.531091000">
        <ele>41.200</ele>
        <time>2024-05-19T11:27:07Z</time>
        <extensions>
          <gpxtpx:TrackPointExtension>
            <gpxtpx:hr>158</gpxtpx:hr>
          </gpxtpx:TrackPointExtension>
        </extensions>
      </trkpt>
      <trkpt lat="48.572411000" lon="2.531092000">
        <ele>41.200</ele>
        <time>2024-05-19T11:27:10Z</time>
        <extensions>
          <gpxtpx:TrackPointExtension>
            <gpxtpx:hr>158</gpxtpx:hr>
          </gpxtpx:TrackPointExtension>
        </extensions>
      </trkpt>
      <trkpt lat="48.572404000" lon="2.531098000">
        <ele>41.300</ele>
        <time>2024-05-19T11:27:11Z</time>
        <extensions>
          <gpxtpx:TrackPointExtension>
            <gpxtpx:hr>158</gpxtpx:hr>
          </gpxtpx:TrackPointExtension>
        </extensions>
      </trkpt>
      <trkpt lat="48.572418000" lon="2.531047000">
        <ele>41.200</ele>
        <time>2024-05-19T11:27:13Z</time>
        <extensions>
          <gpxtpx:TrackPointExtension>
            <gpxtpx:hr>158</gpxtpx:hr>
          </gpxtpx:TrackPointExtension>
        </extensions>
      </trkpt>
      <trkpt lat="48.572427000" lon="2.531058000">
        <ele>41.200</ele>
        <time>2024-05-19T11:27:14Z</time>
        <extensions>
          <gpxtpx:TrackPointExtension>
            <gpxtpx:hr>160</gpxtpx:hr>
          </gpxtpx:TrackPointExtension>
        </extensions>
      </trkpt>
      <trkpt lat="48.572439000" lon="2.530991000">
        <ele>41.100</ele>
        <time>2024-05-19T11:27:16Z</time>
        <extensions>
          <gpxtpx:TrackPointExtension>
            <gpxtpx:hr>160</gpxtpx:hr>
          </gpxtpx:TrackPointExtension>
        </extensions>
      </trkpt>
      <trkpt lat="48.572456000" lon="2.530992000">
        <ele>41.100</ele>
        <time>2024-05-19T11:27:18Z</time>
        <extensions>
          <gpxtpx:TrackPointExtension>
            <gpxtpx:hr>160</gpxtpx:hr>
          </gpxtpx:TrackPointExtension>
        </extensions>
      </trkpt>
      <trkpt lat="48.572465000" lon="2.531033000">
        <ele>41.000</ele>
        <time>2024-05-19T11:27:23Z</time>
        <extensions>
          <gpxtpx:TrackPointExtension>
            <gpxtpx:hr>160</gpxtpx:hr>
          </gpxtpx:TrackPointExtension>
        </extensions>
      </trkpt>
      <trkpt lat="48.572451000" lon="2.531102000">
        <ele>41.100</ele>
        <time>2024-05-19T11:27:25Z</time>
        <extensions>
          <gpxtpx:TrackPointExtension>
            <gpxtpx:hr>160</gpxtpx:hr>
          </gpxtpx:TrackPointExtension>
        </extensions>
      </trkpt>
      <trkpt lat="48.572456000" lon="2.531139000">
        <ele>41.100</ele>
        <time>2024-05-19T11:27:27Z</time>
        <extensions>
          <gpxtpx:TrackPointExtension>
            <gpxtpx:hr>162</gpxtpx:hr>
          </gpxtpx:TrackPointExtension>
        </extensions>
      </trkpt>
      <trkpt lat="48.572476000" lon="2.531115000">
        <ele>40.900</ele>
        <time>2024-05-19T11:27:28Z</time>
        <extensions>
          <gpxtpx:TrackPointExtension>
            <gpxtpx:hr>161</gpxtpx:hr>
          </gpxtpx:TrackPointExtension>
        </extensions>
      </trkpt>
      <trkpt lat="48.572467000" lon="2.531165000">
        <ele>40.900</ele>
        <time>2024-05-19T11:27:31Z</time>
        <extensions>
          <gpxtpx:TrackPointExtension>
            <gpxtpx:hr>161</gpxtpx:hr>
          </gpxtpx:TrackPointExtension>
        </extensions>
      </trkpt>
      <trkpt lat="48.572479000" lon="2.531153000">
        <ele>40.900</ele>
        <time>2024-05-19T11:27:33Z</time>
        <extensions>
          <gpxtpx:TrackPointExtension>
            <gpxtpx:hr>158</gpxtpx:hr>
          </gpxtpx:TrackPointExtension>
        </extensions>
      </trkpt>
      <trkpt lat="48.572480000" lon="2.531134000">
        <ele>40.900</ele>
        <time>2024-05-19T11:27:35Z</time>
        <extensions>
          <gpxtpx:TrackPointExtension>
            <gpxtpx:hr>158</gpxtpx:hr>
          </gpxtpx:TrackPointExtension>
        </extensions>
      </trkpt>
      <trkpt lat="48.572487000" lon="2.531138000">
        <ele>40.900</ele>
        <time>2024-05-19T11:27:37Z</time>
        <extensions>
          <gpxtpx:TrackPointExtension>
            <gpxtpx:hr>158</gpxtpx:hr>
          </gpxtpx:TrackPointExtension>
        </extensions>
      </trkpt>
      <trkpt lat="48.572512000" lon="2.531116000">
        <ele>40.800</ele>
        <time>2024-05-19T11:27:42Z</time>
        <extensions>
          <gpxtpx:TrackPointExtension>
            <gpxtpx:hr>158</gpxtpx:hr>
          </gpxtpx:TrackPointExtension>
        </extensions>
      </trkpt>
      <trkpt lat="48.572507000" lon="2.531126000">
        <ele>40.800</ele>
        <time>2024-05-19T11:27:45Z</time>
        <extensions>
          <gpxtpx:TrackPointExtension>
            <gpxtpx:hr>158</gpxtpx:hr>
          </gpxtpx:TrackPointExtension>
        </extensions>
      </trkpt>
      <trkpt lat="48.572534000" lon="2.531121000">
        <ele>40.700</ele>
        <time>2024-05-19T11:27:48Z</time>
        <extensions>
          <gpxtpx:TrackPointExtension>
            <gpxtpx:hr>158</gpxtpx:hr>
          </gpxtpx:TrackPointExtension>
        </extensions>
      </trkpt>
      <trkpt lat="48.572559000" lon="2.531130000">
        <ele>40.600</ele>
        <time>2024-05-19T11:27:50Z</time>
        <extensions>
          <gpxtpx:TrackPointExtension>
            <gpxtpx:hr>158</gpxtpx:hr>
          </gpxtpx:TrackPointExtension>
        </extensions>
      </trkpt>
      <trkpt lat="48.572602000" lon="2.531096000">
        <ele>40.500</ele>
        <time>2024-05-19T11:27:54Z</time>
        <extensions>
          <gpxtpx:TrackPointExtension>
            <gpxtpx:hr>150</gpxtpx:hr>
          </gpxtpx:TrackPointExtension>
        </extensions>
      </trkpt>
      <trkpt lat="48.572617000" lon="2.531099000">
        <ele>40.400</ele>
        <time>2024-05-19T11:27:55Z</time>
        <extensions>
          <gpxtpx:TrackPointExtension>
            <gpxtpx:hr>150</gpxtpx:hr>
          </gpxtpx:TrackPointExtension>
        </extensions>
      </trkpt>
      <trkpt lat="48.572644000" lon="2.531085000">
        <ele>40.300</ele>
        <time>2024-05-19T11:27:58Z</time>
        <extensions>
          <gpxtpx:TrackPointExtension>
            <gpxtpx:hr>150</gpxtpx:hr>
          </gpxtpx:TrackPointExtension>
        </extensions>
      </trkpt>
      <trkpt lat="48.572689000" lon="2.531082000">
        <ele>40.000</ele>
        <time>2024-05-19T11:28:01Z</time>
        <extensions>
          <gpxtpx:TrackPointExtension>
            <gpxtpx:hr>145</gpxtpx:hr>
          </gpxtpx:TrackPointExtension>
        </extensions>
      </trkpt>
      <trkpt lat="48.572674000" lon="2.531081000">
        <ele>40.200</ele>
        <time>2024-05-19T11:28:02Z</time>
        <extensions>
          <gpxtpx:TrackPointExtension>
            <gpxtpx:hr>144</gpxtpx:hr>
          </gpxtpx:TrackPointExtension>
        </extensions>
      </trkpt>
      <trkpt lat="48.572664000" lon="2.531059000">
        <ele>40.200</ele>
        <time>2024-05-19T11:28:03Z</time>
        <extensions>
          <gpxtpx:TrackPointExtension>
            <gpxtpx:hr>144</gpxtpx:hr>
          </gpxtpx:TrackPointExtension>
        </extensions>
      </trkpt>
      <trkpt lat="48.572670000" lon="2.530983000">
        <ele>40.200</ele>
        <time>2024-05-19T11:28:08Z</time>
        <extensions>
          <gpxtpx:TrackPointExtension>
            <gpxtpx:hr>144</gpxtpx:hr>
          </gpxtpx:TrackPointExtension>
        </extensions>
      </trkpt>
      <trkpt lat="48.572647000" lon="2.530989000">
        <ele>40.300</ele>
        <time>2024-05-19T11:28:10Z</time>
        <extensions>
          <gpxtpx:TrackPointExtension>
            <gpxtpx:hr>143</gpxtpx:hr>
          </gpxtpx:TrackPointExtension>
        </extensions>
      </trkpt>
      <trkpt lat="48.572637000" lon="2.530979000">
        <ele>40.300</ele>
        <time>2024-05-19T11:28:11Z</time>
        <extensions>
          <gpxtpx:TrackPointExtension>
            <gpxtpx:hr>143</gpxtpx:hr>
          </gpxtpx:TrackPointExtension>
        </extensions>
      </trkpt>
      <trkpt lat="48.572635000" lon="2.530990000">
        <ele>40.300</ele>
        <time>2024-05-19T11:28:13Z</time>
        <extensions>
          <gpxtpx:TrackPointExtension>
            <gpxtpx:hr>143</gpxtpx:hr>
          </gpxtpx:TrackPointExtension>
        </extensions>
      </trkpt>
      <trkpt lat="48.572630000" lon="2.530986000">
        <ele>40.400</ele>
        <time>2024-05-19T11:28:14Z</time>
        <extensions>
          <gpxtpx:TrackPointExtension>
            <gpxtpx:hr>144</gpxtpx:hr>
          </gpxtpx:TrackPointExtension>
        </extensions>
      </trkpt>
      <trkpt lat="48.572635000" lon="2.530977000">
        <ele>40.300</ele>
        <time>2024-05-19T11:28:15Z</time>
        <extensions>
          <gpxtpx:TrackPointExtension>
            <gpxtpx:hr>144</gpxtpx:hr>
          </gpxtpx:TrackPointExtension>
        </extensions>
      </trkpt>
      <trkpt lat="48.572611000" lon="2.531025000">
        <ele>40.400</ele>
        <time>2024-05-19T11:28:19Z</time>
        <extensions>
          <gpxtpx:TrackPointExtension>
            <gpxtpx:hr>144</gpxtpx:hr>
          </gpxtpx:TrackPointExtension>
        </extensions>
      </trkpt>
      <trkpt lat="48.572647000" lon="2.530956000">
        <ele>40.300</ele>
        <time>2024-05-19T11:28:24Z</time>
        <extensions>
          <gpxtpx:TrackPointExtension>
            <gpxtpx:hr>145</gpxtpx:hr>
          </gpxtpx:TrackPointExtension>
        </extensions>
      </trkpt>
      <trkpt lat="48.572629000" lon="2.530959000">
        <ele>40.400</ele>
        <time>2024-05-19T11:28:25Z</time>
        <extensions>
          <gpxtpx:TrackPointExtension>
            <gpxtpx:hr>145</gpxtpx:hr>
          </gpxtpx:TrackPointExtension>
        </extensions>
      </trkpt>
      <trkpt lat="48.572603000" lon="2.530987000">
        <ele>40.500</ele>
        <time>2024-05-19T11:28:30Z</time>
        <extensions>
          <gpxtpx:TrackPointExtension>
            <gpxtpx:hr>148</gpxtpx:hr>
          </gpxtpx:TrackPointExtension>
        </extensions>
      </trkpt>
      <trkpt lat="48.572559000" lon="2.530974000">
        <ele>40.600</ele>
        <time>2024-05-19T11:28:34Z</time>
        <extensions>
          <gpxtpx:TrackPointExtension>
            <gpxtpx:hr>148</gpxtpx:hr>
          </gpxtpx:TrackPointExtension>
        </extensions>
      </trkpt>
      <trkpt lat="48.572548000" lon="2.530989000">
        <ele>40.600</ele>
        <time>2024-05-19T11:28:39Z</time>
        <extensions>
          <gpxtpx:TrackPointExtension>
            <gpxtpx:hr>148</gpxtpx:hr>
          </gpxtpx:TrackPointExtension>
        </extensions>
      </trkpt>
      <trkpt lat="48.572569000" lon="2.530967000">
        <ele>40.600</ele>
        <time>2024-05-19T11:28:42Z</time>
        <extensions>
          <gpxtpx:TrackPointExtension>
            <gpxtpx:hr>143</gpxtpx:hr>
          </gpxtpx:TrackPointExtension>
        </extensions>
      </trkpt>
      <trkpt lat="48.572619000" lon="2.530952000">
        <ele>40.400</ele>
        <time>2024-05-19T11:28:47Z</time>
        <extensions>
          <gpxtpx:TrackPointExtension>
            <gpxtpx:hr>143</gpxtpx:hr>
          </gpxtpx:TrackPointExtension>
        </extensions>
      </trkpt>
      <trkpt lat="48.572615000" lon="2.530946000">
        <ele>40.400</ele>
        <time>2024-05-19T11:28:48Z</time>
        <extensions>
          <gpxtpx:TrackPointExtension>
            <gpxtpx:hr>142</gpxtpx:hr>
          </gpxtpx:TrackPointExtension>
        </extensions>
      </trkpt>
      <trkpt lat="48.572605000" lon="2.530961000">
        <ele>40.400</ele>
        <time>2024-05-19T11:28:49Z</time>
        <extensions>
          <gpxtpx:TrackPointExtension>
            <gpxtpx:hr>142</gpxtpx:hr>
          </gpxtpx:TrackPointExtension>
        </extensions>
      </trkpt>
      <trkpt lat="48.572610000" lon="2.530937000">
        <ele>40.400</ele>
        <time>2024-05-19T11:28:55Z</time>
        <extensions>
          <gpxtpx:TrackPointExtension>
            <gpxtpx:hr>141</gpxtpx:hr>
          </gpxtpx:TrackPointExtension>
        </extensions>
      </trkpt>
      <trkpt lat="48.572618000" lon="2.530953000">
        <ele>40.400</ele>
        <time>2024-05-19T11:28:56Z</time>
        <extensions>
          <gpxtpx:TrackPointExtension>
            <gpxtpx:hr>141</gpxtpx:hr>
          </gpxtpx:TrackPointExtension>
        </extensions>
      </trkpt>
      <trkpt lat="48.572634000" lon="2.530955000">
        <ele>40.300</ele>
        <time>2024-05-19T11:28:58Z</time>
        <extensions>
          <gpxtpx:TrackPointExtension>
            <gpxtpx:hr>139</gpxtpx:hr>
          </gpxtpx:TrackPointExtension>
        </extensions>
      </trkpt>
      <trkpt lat="48.572612000" lon="2.531011000">
        <ele>40.400</ele>
        <time>2024-05-19T11:29:01Z</time>
        <extensions>
          <gpxtpx:TrackPointExtension>
            <gpxtpx:hr>139</gpxtpx:hr>
          </gpxtpx:TrackPointExtension>
        </extensions>
      </trkpt>
      <trkpt lat="48.572577000" lon="2.531005000">
        <ele>40.500</ele>
        <time>2024-05-19T11:29:04Z</time>
        <extensions>
          <gpxtpx:TrackPointExtension>
            <gpxtpx:hr>139</gpxtpx:hr>
          </gpxtpx:TrackPointExtension>
        </extensions>
      </trkpt>
      <trkpt lat="48.572567000" lon="2.531015000">
        <ele>40.600</ele>
        <time>2024-05-19T11:29:06Z</time>
        <extensions>
          <gpxtpx:TrackPointExtension>
            <gpxtpx:hr>143</gpxtpx:hr>
          </gpxtpx:TrackPointExtension>
        </extensions>
      </trkpt>
      <trkpt lat="48.572555000" lon="2.530992000">
        <ele>40.600</ele>
        <time>2024-05-19T11:29:10Z</time>
        <extensions>
          <gpxtpx:TrackPointExtension>
            <gpxtpx:hr>143</gpxtpx:hr>
          </gpxtpx:TrackPointExtension>
        </extensions>
      </trkpt>
      <trkpt lat="48.572555000" lon="2.531000000">
        <ele>40.600</ele>
        <time>2024-05-19T11:29:12Z</time>
        <extensions>
          <gpxtpx:TrackPointExtension>
            <gpxtpx:hr>140</gpxtpx:hr>
          </gpxtpx:TrackPointExtension>
        </extensions>
      </trkpt>
      <trkpt lat="48.572551000" lon="2.530982000">
        <ele>40.600</ele>
        <time>2024-05-19T11:29:20Z</time>
        <extensions>
          <gpxtpx:TrackPointExtension>
            <gpxtpx:hr>139</gpxtpx:hr>
          </gpxtpx:TrackPointExtension>
        </extensions>
      </trkpt>
      <trkpt lat="48.572594000" lon="2.531020000">
        <ele>40.500</ele>
        <time>2024-05-19T11:29:23Z</time>
        <extensions>
          <gpxtpx:TrackPointExtension>
            <gpxtpx:hr>139</gpxtpx:hr>
          </gpxtpx:TrackPointExtension>
        </extensions>
      </trkpt>
      <trkpt lat="48.572627000" lon="2.531004000">
        <ele>40.400</ele>
        <time>2024-05-19T11:29:27Z</time>
        <extensions>
          <gpxtpx:TrackPointExtension>
            <gpxtpx:hr>139</gpxtpx:hr>
          </gpxtpx:TrackPointExtension>
        </extensions>
      </trkpt>
      <trkpt lat="48.572616000" lon="2.530992000">
        <ele>40.400</ele>
        <time>2024-05-19T11:29:29Z</time>
        <extensions>
          <gpxtpx:TrackPointExtension>
            <gpxtpx:hr>139</gpxtpx:hr>
          </gpxtpx:TrackPointExtension>
        </extensions>
      </trkpt>
      <trkpt lat="48.572619000" lon="2.530998000">
        <ele>40.400</ele>
        <time>2024-05-19T11:29:33Z</time>
        <extensions>
          <gpxtpx:TrackPointExtension>
            <gpxtpx:hr>140</gpxtpx:hr>
          </gpxtpx:TrackPointExtension>
        </extensions>
      </trkpt>
      <trkpt lat="48.572581000" lon="2.530995000">
        <ele>40.500</ele>
        <time>2024-05-19T11:29:41Z</time>
        <extensions>
          <gpxtpx:TrackPointExtension>
            <gpxtpx:hr>139</gpxtpx:hr>
          </gpxtpx:TrackPointExtension>
        </extensions>
      </trkpt>
      <trkpt lat="48.572594000" lon="2.530978000">
        <ele>40.500</ele>
        <time>2024-05-19T11:29:42Z</time>
        <extensions>
          <gpxtpx:TrackPointExtension>
            <gpxtpx:hr>139</gpxtpx:hr>
          </gpxtpx:TrackPointExtension>
        </extensions>
      </trkpt>
      <trkpt lat="48.572597000" lon="2.530985000">
        <ele>40.500</ele>
        <time>2024-05-19T11:29:43Z</time>
        <extensions>
          <gpxtpx:TrackPointExtension>
            <gpxtpx:hr>139</gpxtpx:hr>
          </gpxtpx:TrackPointExtension>
        </extensions>
      </trkpt>
      <trkpt lat="48.572572000" lon="2.530962000">
        <ele>40.600</ele>
        <time>2024-05-19T11:29:46Z</time>
        <extensions>
          <gpxtpx:TrackPointExtension>
            <gpxtpx:hr>137</gpxtpx:hr>
          </gpxtpx:TrackPointExtension>
        </extensions>
      </trkpt>
      <trkpt lat="48.572568000" lon="2.530977000">
        <ele>40.600</ele>
        <time>2024-05-19T11:29:47Z</time>
        <extensions>
          <gpxtpx:TrackPointExtension>
            <gpxtpx:hr>137</gpxtpx:hr>
          </gpxtpx:TrackPointExtension>
        </extensions>
      </trkpt>
      <trkpt lat="48.572566000" lon="2.530968000">
        <ele>40.600</ele>
        <time>2024-05-19T11:29:48Z</time>
        <extensions>
          <gpxtpx:TrackPointExtension>
            <gpxtpx:hr>137</gpxtpx:hr>
          </gpxtpx:TrackPointExtension>
        </extensions>
      </trkpt>
      <trkpt lat="48.572553000" lon="2.530983000">
        <ele>40.600</ele>
        <time>2024-05-19T11:29:50Z</time>
        <extensions>
          <gpxtpx:TrackPointExtension>
            <gpxtpx:hr>138</gpxtpx:hr>
          </gpxtpx:TrackPointExtension>
        </extensions>
      </trkpt>
      <trkpt lat="48.572563000" lon="2.530995000">
        <ele>40.600</ele>
        <time>2024-05-19T11:29:51Z</time>
        <extensions>
          <gpxtpx:TrackPointExtension>
            <gpxtpx:hr>138</gpxtpx:hr>
          </gpxtpx:TrackPointExtension>
        </extensions>
      </trkpt>
      <trkpt lat="48.572573000" lon="2.530979000">
        <ele>40.600</ele>
        <time>2024-05-19T11:29:54Z</time>
        <extensions>
          <gpxtpx:TrackPointExtension>
            <gpxtpx:hr>138</gpxtpx:hr>
          </gpxtpx:TrackPointExtension>
        </extensions>
      </trkpt>
      <trkpt lat="48.572554000" lon="2.530967000">
        <ele>40.600</ele>
        <time>2024-05-19T11:30:05Z</time>
        <extensions>
          <gpxtpx:TrackPointExtension>
            <gpxtpx:hr>132</gpxtpx:hr>
          </gpxtpx:TrackPointExtension>
        </extensions>
      </trkpt>
      <trkpt lat="48.572558000" lon="2.530984000">
        <ele>40.600</ele>
        <time>2024-05-19T11:30:08Z</time>
        <extensions>
          <gpxtpx:TrackPointExtension>
            <gpxtpx:hr>134</gpxtpx:hr>
          </gpxtpx:TrackPointExtension>
        </extensions>
      </trkpt>
      <trkpt lat="48.572545000" lon="2.530945000">
        <ele>40.800</ele>
        <time>2024-05-19T11:30:18Z</time>
        <extensions>
          <gpxtpx:TrackPointExtension>
            <gpxtpx:hr>135</gpxtpx:hr>
          </gpxtpx:TrackPointExtension>
        </extensions>
      </trkpt>
      <trkpt lat="48.572546000" lon="2.530952000">
        <ele>40.800</ele>
        <time>2024-05-19T11:30:23Z</time>
        <extensions>
          <gpxtpx:TrackPointExtension>
            <gpxtpx:hr>133</gpxtpx:hr>
          </gpxtpx:TrackPointExtension>
        </extensions>
      </trkpt>
      <trkpt lat="48.572541000" lon="2.530945000">
        <ele>40.800</ele>
        <time>2024-05-19T11:30:26Z</time>
        <extensions>
          <gpxtpx:TrackPointExtension>
            <gpxtpx:hr>131</gpxtpx:hr>
          </gpxtpx:TrackPointExtension>
        </extensions>
      </trkpt>
      <trkpt lat="48.572547000" lon="2.530958000">
        <ele>40.600</ele>
        <time>2024-05-19T11:30:27Z</time>
        <extensions>
          <gpxtpx:TrackPointExtension>
            <gpxtpx:hr>131</gpxtpx:hr>
          </gpxtpx:TrackPointExtension>
        </extensions>
      </trkpt>
      <trkpt lat="48.572563000" lon="2.530949000">
        <ele>40.600</ele>
        <time>2024-05-19T11:30:29Z</time>
        <extensions>
          <gpxtpx:TrackPointExtension>
            <gpxtpx:hr>131</gpxtpx:hr>
          </gpxtpx:TrackPointExtension>
        </extensions>
      </trkpt>
      <trkpt lat="48.572556000" lon="2.530952000">
        <ele>40.600</ele>
        <time>2024-05-19T11:30:31Z</time>
        <extensions>
          <gpxtpx:TrackPointExtension>
            <gpxtpx:hr>131</gpxtpx:hr>
          </gpxtpx:TrackPointExtension>
        </extensions>
      </trkpt>
      <trkpt lat="48.572563000" lon="2.530933000">
        <ele>40.600</ele>
        <time>2024-05-19T11:30:39Z</time>
        <extensions>
          <gpxtpx:TrackPointExtension>
            <gpxtpx:hr>136</gpxtpx:hr>
          </gpxtpx:TrackPointExtension>
        </extensions>
      </trkpt>
      <trkpt lat="48.572540000" lon="2.530958000">
        <ele>40.800</ele>
        <time>2024-05-19T11:30:44Z</time>
        <extensions>
          <gpxtpx:TrackPointExtension>
            <gpxtpx:hr>133</gpxtpx:hr>
          </gpxtpx:TrackPointExtension>
        </extensions>
      </trkpt>
      <trkpt lat="48.572541000" lon="2.530976000">
        <ele>40.700</ele>
        <time>2024-05-19T11:30:45Z</time>
        <extensions>
          <gpxtpx:TrackPointExtension>
            <gpxtpx:hr>133</gpxtpx:hr>
          </gpxtpx:TrackPointExtension>
        </extensions>
      </trkpt>
      <trkpt lat="48.572530000" lon="2.530998000">
        <ele>40.800</ele>
        <time>2024-05-19T11:30:47Z</time>
        <extensions>
          <gpxtpx:TrackPointExtension>
            <gpxtpx:hr>133</gpxtpx:hr>
          </gpxtpx:TrackPointExtension>
        </extensions>
      </trkpt>
      <trkpt lat="48.572510000" lon="2.530984000">
        <ele>40.900</ele>
        <time>2024-05-19T11:30:50Z</time>
        <extensions>
          <gpxtpx:TrackPointExtension>
            <gpxtpx:hr>131</gpxtpx:hr>
          </gpxtpx:TrackPointExtension>
        </extensions>
      </trkpt>
      <trkpt lat="48.572517000" lon="2.530984000">
        <ele>40.900</ele>
        <time>2024-05-19T11:30:51Z</time>
        <extensions>
          <gpxtpx:TrackPointExtension>
            <gpxtpx:hr>131</gpxtpx:hr>
          </gpxtpx:TrackPointExtension>
        </extensions>
      </trkpt>
      <trkpt lat="48.572543000" lon="2.531036000">
        <ele>40.700</ele>
        <time>2024-05-19T11:31:00Z</time>
        <extensions>
          <gpxtpx:TrackPointExtension>
            <gpxtpx:hr>129</gpxtpx:hr>
          </gpxtpx:TrackPointExtension>
        </extensions>
      </trkpt>
      <trkpt lat="48.572510000" lon="2.531025000">
        <ele>40.900</ele>
        <time>2024-05-19T11:31:06Z</time>
        <extensions>
          <gpxtpx:TrackPointExtension>
            <gpxtpx:hr>126</gpxtpx:hr>
          </gpxtpx:TrackPointExtension>
        </extensions>
      </trkpt>
      <trkpt lat="48.572519000" lon="2.531021000">
        <ele>40.700</ele>
        <time>2024-05-19T11:31:07Z</time>
        <extensions>
          <gpxtpx:TrackPointExtension>
            <gpxtpx:hr>126</gpxtpx:hr>
          </gpxtpx:TrackPointExtension>
        </extensions>
      </trkpt>
      <trkpt lat="48.572523000" lon="2.531030000">
        <ele>40.700</ele>
        <time>2024-05-19T11:31:09Z</time>
        <extensions>
          <gpxtpx:TrackPointExtension>
            <gpxtpx:hr>130</gpxtpx:hr>
          </gpxtpx:TrackPointExtension>
        </extensions>
      </trkpt>
      <trkpt lat="48.572516000" lon="2.531020000">
        <ele>40.900</ele>
        <time>2024-05-19T11:31:12Z</time>
        <extensions>
          <gpxtpx:TrackPointExtension>
            <gpxtpx:hr>130</gpxtpx:hr>
          </gpxtpx:TrackPointExtension>
        </extensions>
      </trkpt>
      <trkpt lat="48.572570000" lon="2.530994000">
        <ele>40.600</ele>
        <time>2024-05-19T11:31:19Z</time>
        <extensions>
          <gpxtpx:TrackPointExtension>
            <gpxtpx:hr>129</gpxtpx:hr>
          </gpxtpx:TrackPointExtension>
        </extensions>
      </trkpt>
      <trkpt lat="48.572547000" lon="2.530962000">
        <ele>40.600</ele>
        <time>2024-05-19T11:31:22Z</time>
        <extensions>
          <gpxtpx:TrackPointExtension>
            <gpxtpx:hr>129</gpxtpx:hr>
          </gpxtpx:TrackPointExtension>
        </extensions>
      </trkpt>
      <trkpt lat="48.572538000" lon="2.530963000">
        <ele>40.800</ele>
        <time>2024-05-19T11:31:24Z</time>
        <extensions>
          <gpxtpx:TrackPointExtension>
            <gpxtpx:hr>129</gpxtpx:hr>
          </gpxtpx:TrackPointExtension>
        </extensions>
      </trkpt>
      <trkpt lat="48.572537000" lon="2.530948000">
        <ele>40.800</ele>
        <time>2024-05-19T11:31:28Z</time>
        <extensions>
          <gpxtpx:TrackPointExtension>
            <gpxtpx:hr>127</gpxtpx:hr>
          </gpxtpx:TrackPointExtension>
        </extensions>
      </trkpt>
      <trkpt lat="48.572520000" lon="2.530949000">
        <ele>40.800</ele>
        <time>2024-05-19T11:31:32Z</time>
        <extensions>
          <gpxtpx:TrackPointExtension>
            <gpxtpx:hr>126</gpxtpx:hr>
          </gpxtpx:TrackPointExtension>
        </extensions>
      </trkpt>
      <trkpt lat="48.572504000" lon="2.530981000">
        <ele>40.900</ele>
        <time>2024-05-19T11:31:34Z</time>
        <extensions>
          <gpxtpx:TrackPointExtension>
            <gpxtpx:hr>126</gpxtpx:hr>
          </gpxtpx:TrackPointExtension>
        </extensions>
      </trkpt>
      <trkpt lat="48.572506000" lon="2.531075000">
        <ele>40.900</ele>
        <time>2024-05-19T11:31:40Z</time>
        <extensions>
          <gpxtpx:TrackPointExtension>
            <gpxtpx:hr>126</gpxtpx:hr>
          </gpxtpx:TrackPointExtension>
        </extensions>
      </trkpt>
      <trkpt lat="48.572531000" lon="2.531072000">
        <ele>40.700</ele>
        <time>2024-05-19T11:31:44Z</time>
        <extensions>
          <gpxtpx:TrackPointExtension>
            <gpxtpx:hr>126</gpxtpx:hr>
          </gpxtpx:TrackPointExtension>
        </extensions>
      </trkpt>
      <trkpt lat="48.572522000" lon="2.531058000">
        <ele>40.700</ele>
        <time>2024-05-19T11:31:48Z</time>
        <extensions>
          <gpxtpx:TrackPointExtension>
            <gpxtpx:hr>122</gpxtpx:hr>
          </gpxtpx:TrackPointExtension>
        </extensions>
      </trkpt>
      <trkpt lat="48.572527000" lon="2.531055000">
        <ele>40.700</ele>
        <time>2024-05-19T11:31:49Z</time>
        <extensions>
          <gpxtpx:TrackPointExtension>
            <gpxtpx:hr>122</gpxtpx:hr>
          </gpxtpx:TrackPointExtension>
        </extensions>
      </trkpt>
      <trkpt lat="48.572514000" lon="2.531058000">
        <ele>40.900</ele>
        <time>2024-05-19T11:31:57Z</time>
        <extensions>
          <gpxtpx:TrackPointExtension>
            <gpxtpx:hr>122</gpxtpx:hr>
          </gpxtpx:TrackPointExtension>
        </extensions>
      </trkpt>
      <trkpt lat="48.572535000" lon="2.531038000">
        <ele>40.700</ele>
        <time>2024-05-19T11:31:59Z</time>
        <extensions>
          <gpxtpx:TrackPointExtension>
            <gpxtpx:hr>122</gpxtpx:hr>
          </gpxtpx:TrackPointExtension>
        </extensions>
      </trkpt>
      <trkpt lat="48.572550000" lon="2.531038000">
        <ele>40.600</ele>
        <time>2024-05-19T11:32:00Z</time>
        <extensions>
          <gpxtpx:TrackPointExtension>
            <gpxtpx:hr>122</gpxtpx:hr>
          </gpxtpx:TrackPointExtension>
        </extensions>
      </trkpt>
      <trkpt lat="48.572570000" lon="2.530992000">
        <ele>40.600</ele>
        <time>2024-05-19T11:32:03Z</time>
        <extensions>
          <gpxtpx:TrackPointExtension>
            <gpxtpx:hr>122</gpxtpx:hr>
          </gpxtpx:TrackPointExtension>
        </extensions>
      </trkpt>
      <trkpt lat="48.572573000" lon="2.530963000">
        <ele>40.600</ele>
        <time>2024-05-19T11:32:06Z</time>
        <extensions>
          <gpxtpx:TrackPointExtension>
            <gpxtpx:hr>125</gpxtpx:hr>
          </gpxtpx:TrackPointExtension>
        </extensions>
      </trkpt>
      <trkpt lat="48.572556000" lon="2.530968000">
        <ele>40.600</ele>
        <time>2024-05-19T11:32:09Z</time>
        <extensions>
          <gpxtpx:TrackPointExtension>
            <gpxtpx:hr>125</gpxtpx:hr>
          </gpxtpx:TrackPointExtension>
        </extensions>
      </trkpt>
      <trkpt lat="48.572552000" lon="2.530953000">
        <ele>40.600</ele>
        <time>2024-05-19T11:32:10Z</time>
        <extensions>
          <gpxtpx:TrackPointExtension>
            <gpxtpx:hr>125</gpxtpx:hr>
          </gpxtpx:TrackPointExtension>
        </extensions>
      </trkpt>
      <trkpt lat="48.572514000" lon="2.530973000">
        <ele>40.900</ele>
        <time>2024-05-19T11:32:20Z</time>
        <extensions>
          <gpxtpx:TrackPointExtension>
            <gpxtpx:hr>124</gpxtpx:hr>
          </gpxtpx:TrackPointExtension>
        </extensions>
      </trkpt>
      <trkpt lat="48.572511000" lon="2.531013000">
        <ele>40.900</ele>
        <time>2024-05-19T11:32:26Z</time>
        <extensions>
          <gpxtpx:TrackPointExtension>
            <gpxtpx:hr>124</gpxtpx:hr>
          </gpxtpx:TrackPointExtension>
        </extensions>
      </trkpt>
      <trkpt lat="48.572539000" lon="2.531079000">
        <ele>40.700</ele>
        <time>2024-05-19T11:32:29Z</time>
        <extensions>
          <gpxtpx:TrackPointExtension>
            <gpxtpx:hr>124</gpxtpx:hr>
          </gpxtpx:TrackPointExtension>
        </extensions>
      </trkpt>
      <trkpt lat="48.572525000" lon="2.531102000">
        <ele>40.700</ele>
        <time>2024-05-19T11:32:31Z</time>
        <extensions>
          <gpxtpx:TrackPointExtension>
            <gpxtpx:hr>131</gpxtpx:hr>
          </gpxtpx:TrackPointExtension>
        </extensions>
      </trkpt>
      <trkpt lat="48.572513000" lon="2.531080000">
        <ele>40.900</ele>
        <time>2024-05-19T11:32:33Z</time>
        <extensions>
          <gpxtpx:TrackPointExtension>
            <gpxtpx:hr>132</gpxtpx:hr>
          </gpxtpx:TrackPointExtension>
        </extensions>
      </trkpt>
      <trkpt lat="48.572520000" lon="2.531035000">
        <ele>40.800</ele>
        <time>2024-05-19T11:32:37Z</time>
        <extensions>
          <gpxtpx:TrackPointExtension>
            <gpxtpx:hr>132</gpxtpx:hr>
          </gpxtpx:TrackPointExtension>
        </extensions>
      </trkpt>
      <trkpt lat="48.572533000" lon="2.531038000">
        <ele>40.800</ele>
        <time>2024-05-19T11:32:41Z</time>
        <extensions>
          <gpxtpx:TrackPointExtension>
            <gpxtpx:hr>129</gpxtpx:hr>
          </gpxtpx:TrackPointExtension>
        </extensions>
      </trkpt>
      <trkpt lat="48.572534000" lon="2.531068000">
        <ele>40.700</ele>
        <time>2024-05-19T11:32:54Z</time>
        <extensions>
          <gpxtpx:TrackPointExtension>
            <gpxtpx:hr>128</gpxtpx:hr>
          </gpxtpx:TrackPointExtension>
        </extensions>
      </trkpt>
      <trkpt lat="48.572544000" lon="2.531065000">
        <ele>40.700</ele>
        <time>2024-05-19T11:32:58Z</time>
        <extensions>
          <gpxtpx:TrackPointExtension>
            <gpxtpx:hr>127</gpxtpx:hr>
          </gpxtpx:TrackPointExtension>
        </extensions>
      </trkpt>
      <trkpt lat="48.572522000" lon="2.531064000">
        <ele>40.700</ele>
        <time>2024-05-19T11:33:01Z</time>
        <extensions>
          <gpxtpx:TrackPointExtension>
            <gpxtpx:hr>127</gpxtpx:hr>
          </gpxtpx:TrackPointExtension>
        </extensions>
      </trkpt>
      <trkpt lat="48.572530000" lon="2.531053000">
        <ele>40.800</ele>
        <time>2024-05-19T11:33:03Z</time>
        <extensions>
          <gpxtpx:TrackPointExtension>
            <gpxtpx:hr>125</gpxtpx:hr>
          </gpxtpx:TrackPointExtension>
        </extensions>
      </trkpt>
      <trkpt lat="48.572518000" lon="2.531045000">
        <ele>40.900</ele>
        <time>2024-05-19T11:33:05Z</time>
        <extensions>
          <gpxtpx:TrackPointExtension>
            <gpxtpx:hr>125</gpxtpx:hr>
          </gpxtpx:TrackPointExtension>
        </extensions>
      </trkpt>
      <trkpt lat="48.572527000" lon="2.531036000">
        <ele>40.800</ele>
        <time>2024-05-19T11:33:06Z</time>
        <extensions>
          <gpxtpx:TrackPointExtension>
            <gpxtpx:hr>125</gpxtpx:hr>
          </gpxtpx:TrackPointExtension>
        </extensions>
      </trkpt>
      <trkpt lat="48.572524000" lon="2.531043000">
        <ele>40.800</ele>
        <time>2024-05-19T11:33:07Z</time>
        <extensions>
          <gpxtpx:TrackPointExtension>
            <gpxtpx:hr>125</gpxtpx:hr>
          </gpxtpx:TrackPointExtension>
        </extensions>
      </trkpt>
      <trkpt lat="48.572517000" lon="2.531018000">
        <ele>40.900</ele>
        <time>2024-05-19T11:33:08Z</time>
        <extensions>
          <gpxtpx:TrackPointExtension>
            <gpxtpx:hr>125</gpxtpx:hr>
          </gpxtpx:TrackPointExtension>
        </extensions>
      </trkpt>
      <trkpt lat="48.572550000" lon="2.530978000">
        <ele>40.600</ele>
        <time>2024-05-19T11:33:13Z</time>
        <extensions>
          <gpxtpx:TrackPointExtension>
            <gpxtpx:hr>129</gpxtpx:hr>
          </gpxtpx:TrackPointExtension>
        </extensions>
      </trkpt>
      <trkpt lat="48.572554000" lon="2.530949000">
        <ele>40.600</ele>
        <time>2024-05-19T11:33:15Z</time>
        <extensions>
          <gpxtpx:TrackPointExtension>
            <gpxtpx:hr>129</gpxtpx:hr>
          </gpxtpx:TrackPointExtension>
        </extensions>
      </trkpt>
      <trkpt lat="48.572533000" lon="2.530948000">
        <ele>40.800</ele>
        <time>2024-05-19T11:33:21Z</time>
        <extensions>
          <gpxtpx:TrackPointExtension>
            <gpxtpx:hr>127</gpxtpx:hr>
          </gpxtpx:TrackPointExtension>
        </extensions>
      </trkpt>
      <trkpt lat="48.572533000" lon="2.530960000">
        <ele>40.800</ele>
        <time>2024-05-19T11:33:23Z</time>
        <extensions>
          <gpxtpx:TrackPointExtension>
            <gpxtpx:hr>125</gpxtpx:hr>
          </gpxtpx:TrackPointExtension>
        </extensions>
      </trkpt>
      <trkpt lat="48.572528000" lon="2.530959000">
        <ele>40.800</ele>
        <time>2024-05-19T11:33:24Z</time>
        <extensions>
          <gpxtpx:TrackPointExtension>
            <gpxtpx:hr>125</gpxtpx:hr>
          </gpxtpx:TrackPointExtension>
        </extensions>
      </trkpt>
      <trkpt lat="48.572531000" lon="2.530975000">
        <ele>40.800</ele>
        <time>2024-05-19T11:33:26Z</time>
        <extensions>
          <gpxtpx:TrackPointExtension>
            <gpxtpx:hr>125</gpxtpx:hr>
          </gpxtpx:TrackPointExtension>
        </extensions>
      </trkpt>
      <trkpt lat="48.572518000" lon="2.530980000">
        <ele>40.900</ele>
        <time>2024-05-19T11:33:30Z</time>
        <extensions>
          <gpxtpx:TrackPointExtension>
            <gpxtpx:hr>125</gpxtpx:hr>
          </gpxtpx:TrackPointExtension>
        </extensions>
      </trkpt>
      <trkpt lat="48.572525000" lon="2.531014000">
        <ele>40.800</ele>
        <time>2024-05-19T11:33:33Z</time>
        <extensions>
          <gpxtpx:TrackPointExtension>
            <gpxtpx:hr>127</gpxtpx:hr>
          </gpxtpx:TrackPointExtension>
        </extensions>
      </trkpt>
      <trkpt lat="48.572587000" lon="2.531071000">
        <ele>40.500</ele>
        <time>2024-05-19T11:33:37Z</time>
        <extensions>
          <gpxtpx:TrackPointExtension>
            <gpxtpx:hr>127</gpxtpx:hr>
          </gpxtpx:TrackPointExtension>
        </extensions>
      </trkpt>
      <trkpt lat="48.572550000" lon="2.531078000">
        <ele>40.600</ele>
        <time>2024-05-19T11:33:39Z</time>
        <extensions>
          <gpxtpx:TrackPointExtension>
            <gpxtpx:hr>127</gpxtpx:hr>
          </gpxtpx:TrackPointExtension>
        </extensions>
      </trkpt>
      <trkpt lat="48.572550000" lon="2.531071000">
        <ele>40.600</ele>
        <time>2024-05-19T11:33:40Z</time>
        <extensions>
          <gpxtpx:TrackPointExtension>
            <gpxtpx:hr>127</gpxtpx:hr>
          </gpxtpx:TrackPointExtension>
        </extensions>
      </trkpt>
      <trkpt lat="48.572517000" lon="2.531066000">
        <ele>40.900</ele>
        <time>2024-05-19T11:33:43Z</time>
        <extensions>
          <gpxtpx:TrackPointExtension>
            <gpxtpx:hr>128</gpxtpx:hr>
          </gpxtpx:TrackPointExtension>
        </extensions>
      </trkpt>
      <trkpt lat="48.572517000" lon="2.531075000">
        <ele>40.900</ele>
        <time>2024-05-19T11:33:44Z</time>
        <extensions>
          <gpxtpx:TrackPointExtension>
            <gpxtpx:hr>128</gpxtpx:hr>
          </gpxtpx:TrackPointExtension>
        </extensions>
      </trkpt>
      <trkpt lat="48.572524000" lon="2.531073000">
        <ele>40.700</ele>
        <time>2024-05-19T11:33:45Z</time>
        <extensions>
          <gpxtpx:TrackPointExtension>
            <gpxtpx:hr>128</gpxtpx:hr>
          </gpxtpx:TrackPointExtension>
        </extensions>
      </trkpt>
      <trkpt lat="48.572497000" lon="2.531035000">
        <ele>40.900</ele>
        <time>2024-05-19T11:33:52Z</time>
        <extensions>
          <gpxtpx:TrackPointExtension>
            <gpxtpx:hr>127</gpxtpx:hr>
          </gpxtpx:TrackPointExtension>
        </extensions>
      </trkpt>
      <trkpt lat="48.572507000" lon="2.531028000">
        <ele>40.900</ele>
        <time>2024-05-19T11:33:55Z</time>
        <extensions>
          <gpxtpx:TrackPointExtension>
            <gpxtpx:hr>128</gpxtpx:hr>
          </gpxtpx:TrackPointExtension>
        </extensions>
      </trkpt>
      <trkpt lat="48.572498000" lon="2.531002000">
        <ele>40.900</ele>
        <time>2024-05-19T11:34:00Z</time>
        <extensions>
          <gpxtpx:TrackPointExtension>
            <gpxtpx:hr>128</gpxtpx:hr>
          </gpxtpx:TrackPointExtension>
        </extensions>
      </trkpt>
      <trkpt lat="48.572483000" lon="2.531014000">
        <ele>41.000</ele>
        <time>2024-05-19T11:34:02Z</time>
        <extensions>
          <gpxtpx:TrackPointExtension>
            <gpxtpx:hr>128</gpxtpx:hr>
          </gpxtpx:TrackPointExtension>
        </extensions>
      </trkpt>
      <trkpt lat="48.572520000" lon="2.530988000">
        <ele>40.800</ele>
        <time>2024-05-19T11:34:04Z</time>
        <extensions>
          <gpxtpx:TrackPointExtension>
            <gpxtpx:hr>132</gpxtpx:hr>
          </gpxtpx:TrackPointExtension>
        </extensions>
      </trkpt>
      <trkpt lat="48.572556000" lon="2.531004000">
        <ele>40.600</ele>
        <time>2024-05-19T11:34:06Z</time>
        <extensions>
          <gpxtpx:TrackPointExtension>
            <gpxtpx:hr>132</gpxtpx:hr>
          </gpxtpx:TrackPointExtension>
        </extensions>
      </trkpt>
      <trkpt lat="48.572577000" lon="2.531000000">
        <ele>40.500</ele>
        <time>2024-05-19T11:34:07Z</time>
        <extensions>
          <gpxtpx:TrackPointExtension>
            <gpxtpx:hr>132</gpxtpx:hr>
          </gpxtpx:TrackPointExtension>
        </extensions>
      </trkpt>
      <trkpt lat="48.572612000" lon="2.531018000">
        <ele>40.400</ele>
        <time>2024-05-19T11:34:09Z</time>
        <extensions>
          <gpxtpx:TrackPointExtension>
            <gpxtpx:hr>132</gpxtpx:hr>
          </gpxtpx:TrackPointExtension>
        </extensions>
      </trkpt>
      <trkpt lat="48.572579000" lon="2.531019000">
        <ele>40.500</ele>
        <time>2024-05-19T11:34:11Z</time>
        <extensions>
          <gpxtpx:TrackPointExtension>
            <gpxtpx:hr>135</gpxtpx:hr>
          </gpxtpx:TrackPointExtension>
        </extensions>
      </trkpt>
      <trkpt lat="48.572544000" lon="2.531081000">
        <ele>40.700</ele>
        <time>2024-05-19T11:34:14Z</time>
        <extensions>
          <gpxtpx:TrackPointExtension>
            <gpxtpx:hr>135</gpxtpx:hr>
          </gpxtpx:TrackPointExtension>
        </extensions>
      </trkpt>
      <trkpt lat="48.572505000" lon="2.531101000">
        <ele>40.900</ele>
        <time>2024-05-19T11:34:17Z</time>
        <extensions>
          <gpxtpx:TrackPointExtension>
            <gpxtpx:hr>133</gpxtpx:hr>
          </gpxtpx:TrackPointExtension>
        </extensions>
      </trkpt>
      <trkpt lat="48.572460000" lon="2.531100000">
        <ele>41.100</ele>
        <time>2024-05-19T11:34:21Z</time>
        <extensions>
          <gpxtpx:TrackPointExtension>
            <gpxtpx:hr>132</gpxtpx:hr>
          </gpxtpx:TrackPointExtension>
        </extensions>
      </trkpt>
      <trkpt lat="48.572415000" lon="2.531048000">
        <ele>41.300</ele>
        <time>2024-05-19T11:34:27Z</time>
        <extensions>
          <gpxtpx:TrackPointExtension>
            <gpxtpx:hr>129</gpxtpx:hr>
          </gpxtpx:TrackPointExtension>
        </extensions>
      </trkpt>
      <trkpt lat="48.572412000" lon="2.531008000">
        <ele>41.300</ele>
        <time>2024-05-19T11:34:31Z</time>
        <extensions>
          <gpxtpx:TrackPointExtension>
            <gpxtpx:hr>130</gpxtpx:hr>
          </gpxtpx:TrackPointExtension>
        </extensions>
      </trkpt>
      <trkpt lat="48.572438000" lon="2.531037000">
        <ele>41.100</ele>
        <time>2024-05-19T11:34:35Z</time>
        <extensions>
          <gpxtpx:TrackPointExtension>
            <gpxtpx:hr>129</gpxtpx:hr>
          </gpxtpx:TrackPointExtension>
        </extensions>
      </trkpt>
      <trkpt lat="48.572409000" lon="2.531083000">
        <ele>41.200</ele>
        <time>2024-05-19T11:34:46Z</time>
        <extensions>
          <gpxtpx:TrackPointExtension>
            <gpxtpx:hr>126</gpxtpx:hr>
          </gpxtpx:TrackPointExtension>
        </extensions>
      </trkpt>
      <trkpt lat="48.572413000" lon="2.531090000">
        <ele>41.200</ele>
        <time>2024-05-19T11:34:47Z</time>
        <extensions>
          <gpxtpx:TrackPointExtension>
            <gpxtpx:hr>126</gpxtpx:hr>
          </gpxtpx:TrackPointExtension>
        </extensions>
      </trkpt>
      <trkpt lat="48.572402000" lon="2.531100000">
        <ele>41.400</ele>
        <time>2024-05-19T11:34:51Z</time>
        <extensions>
          <gpxtpx:TrackPointExtension>
            <gpxtpx:hr>126</gpxtpx:hr>
          </gpxtpx:TrackPointExtension>
        </extensions>
      </trkpt>
      <trkpt lat="48.572415000" lon="2.531115000">
        <ele>41.200</ele>
        <time>2024-05-19T11:34:55Z</time>
        <extensions>
          <gpxtpx:TrackPointExtension>
            <gpxtpx:hr>129</gpxtpx:hr>
          </gpxtpx:TrackPointExtension>
        </extensions>
      </trkpt>
      <trkpt lat="48.572458000" lon="2.531110000">
        <ele>41.100</ele>
        <time>2024-05-19T11:35:04Z</time>
        <extensions>
          <gpxtpx:TrackPointExtension>
            <gpxtpx:hr>127</gpxtpx:hr>
          </gpxtpx:TrackPointExtension>
        </extensions>
      </trkpt>
      <trkpt lat="48.572453000" lon="2.531107000">
        <ele>41.100</ele>
        <time>2024-05-19T11:35:05Z</time>
        <extensions>
          <gpxtpx:TrackPointExtension>
            <gpxtpx:hr>127</gpxtpx:hr>
          </gpxtpx:TrackPointExtension>
        </extensions>
      </trkpt>
      <trkpt lat="48.572458000" lon="2.531119000">
        <ele>41.100</ele>
        <time>2024-05-19T11:35:07Z</time>
        <extensions>
          <gpxtpx:TrackPointExtension>
            <gpxtpx:hr>127</gpxtpx:hr>
          </gpxtpx:TrackPointExtension>
        </extensions>
      </trkpt>
      <trkpt lat="48.572510000" lon="2.531099000">
        <ele>40.900</ele>
        <time>2024-05-19T11:35:13Z</time>
        <extensions>
          <gpxtpx:TrackPointExtension>
            <gpxtpx:hr>126</gpxtpx:hr>
          </gpxtpx:TrackPointExtension>
        </extensions>
      </trkpt>
      <trkpt lat="48.572503000" lon="2.531090000">
        <ele>40.900</ele>
        <time>2024-05-19T11:35:17Z</time>
        <extensions>
          <gpxtpx:TrackPointExtension>
            <gpxtpx:hr>125</gpxtpx:hr>
          </gpxtpx:TrackPointExtension>
        </extensions>
      </trkpt>
      <trkpt lat="48.572513000" lon="2.531072000">
        <ele>40.900</ele>
        <time>2024-05-19T11:35:22Z</time>
        <extensions>
          <gpxtpx:TrackPointExtension>
            <gpxtpx:hr>122</gpxtpx:hr>
          </gpxtpx:TrackPointExtension>
        </extensions>
      </trkpt>
      <trkpt lat="48.572507000" lon="2.531070000">
        <ele>40.900</ele>
        <time>2024-05-19T11:35:24Z</time>
        <extensions>
          <gpxtpx:TrackPointExtension>
            <gpxtpx:hr>122</gpxtpx:hr>
          </gpxtpx:TrackPointExtension>
        </extensions>
      </trkpt>
      <trkpt lat="48.572513000" lon="2.531048000">
        <ele>40.900</ele>
        <time>2024-05-19T11:35:26Z</time>
        <extensions>
          <gpxtpx:TrackPointExtension>
            <gpxtpx:hr>122</gpxtpx:hr>
          </gpxtpx:TrackPointExtension>
        </extensions>
      </trkpt>
      <trkpt lat="48.572534000" lon="2.531029000">
        <ele>40.800</ele>
        <time>2024-05-19T11:35:28Z</time>
        <extensions>
          <gpxtpx:TrackPointExtension>
            <gpxtpx:hr>124</gpxtpx:hr>
          </gpxtpx:TrackPointExtension>
        </extensions>
      </trkpt>
      <trkpt lat="48.572531000" lon="2.531008000">
        <ele>40.800</ele>
        <time>2024-05-19T11:35:29Z</time>
        <extensions>
          <gpxtpx:TrackPointExtension>
            <gpxtpx:hr>124</gpxtpx:hr>
          </gpxtpx:TrackPointExtension>
        </extensions>
      </trkpt>
      <trkpt lat="48.572516000" lon="2.530989000">
        <ele>40.900</ele>
        <time>2024-05-19T11:35:30Z</time>
        <extensions>
          <gpxtpx:TrackPointExtension>
            <gpxtpx:hr>124</gpxtpx:hr>
          </gpxtpx:TrackPointExtension>
        </extensions>
      </trkpt>
      <trkpt lat="48.572527000" lon="2.530986000">
        <ele>40.800</ele>
        <time>2024-05-19T11:35:31Z</time>
        <extensions>
          <gpxtpx:TrackPointExtension>
            <gpxtpx:hr>124</gpxtpx:hr>
          </gpxtpx:TrackPointExtension>
        </extensions>
      </trkpt>
      <trkpt lat="48.572513000" lon="2.530995000">
        <ele>40.900</ele>
        <time>2024-05-19T11:35:33Z</time>
        <extensions>
          <gpxtpx:TrackPointExtension>
            <gpxtpx:hr>124</gpxtpx:hr>
          </gpxtpx:TrackPointExtension>
        </extensions>
      </trkpt>
      <trkpt lat="48.572449000" lon="2.530980000">
        <ele>41.200</ele>
        <time>2024-05-19T11:35:37Z</time>
        <extensions>
          <gpxtpx:TrackPointExtension>
            <gpxtpx:hr>135</gpxtpx:hr>
          </gpxtpx:TrackPointExtension>
        </extensions>
      </trkpt>
      <trkpt lat="48.572411000" lon="2.530996000">
        <ele>41.300</ele>
        <time>2024-05-19T11:35:40Z</time>
        <extensions>
          <gpxtpx:TrackPointExtension>
            <gpxtpx:hr>135</gpxtpx:hr>
          </gpxtpx:TrackPointExtension>
        </extensions>
      </trkpt>
      <trkpt lat="48.572395000" lon="2.531053000">
        <ele>41.400</ele>
        <time>2024-05-19T11:35:43Z</time>
        <extensions>
          <gpxtpx:TrackPointExtension>
            <gpxtpx:hr>135</gpxtpx:hr>
          </gpxtpx:TrackPointExtension>
        </extensions>
      </trkpt>
      <trkpt lat="48.572415000" lon="2.531061000">
        <ele>41.300</ele>
        <time>2024-05-19T11:35:46Z</time>
        <extensions>
          <gpxtpx:TrackPointExtension>
            <gpxtpx:hr>133</gpxtpx:hr>
          </gpxtpx:TrackPointExtension>
        </extensions>
      </trkpt>
      <trkpt lat="48.572427000" lon="2.531049000">
        <ele>41.300</ele>
        <time>2024-05-19T11:35:50Z</time>
        <extensions>
          <gpxtpx:TrackPointExtension>
            <gpxtpx:hr>132</gpxtpx:hr>
          </gpxtpx:TrackPointExtension>
        </extensions>
      </trkpt>
      <trkpt lat="48.572435000" lon="2.531078000">
        <ele>41.100</ele>
        <time>2024-05-19T11:35:52Z</time>
        <extensions>
          <gpxtpx:TrackPointExtension>
            <gpxtpx:hr>132</gpxtpx:hr>
          </gpxtpx:TrackPointExtension>
        </extensions>
      </trkpt>
      <trkpt lat="48.572425000" lon="2.531046000">
        <ele>41.300</ele>
        <time>2024-05-19T11:35:54Z</time>
        <extensions>
          <gpxtpx:TrackPointExtension>
            <gpxtpx:hr>131</gpxtpx:hr>
          </gpxtpx:TrackPointExtension>
        </extensions>
      </trkpt>
      <trkpt lat="48.572438000" lon="2.531049000">
        <ele>41.200</ele>
        <time>2024-05-19T11:35:56Z</time>
        <extensions>
          <gpxtpx:TrackPointExtension>
            <gpxtpx:hr>131</gpxtpx:hr>
          </gpxtpx:TrackPointExtension>
        </extensions>
      </trkpt>
      <trkpt lat="48.572424000" lon="2.531066000">
        <ele>41.300</ele>
        <time>2024-05-19T11:36:00Z</time>
        <extensions>
          <gpxtpx:TrackPointExtension>
            <gpxtpx:hr>135</gpxtpx:hr>
          </gpxtpx:TrackPointExtension>
        </extensions>
      </trkpt>
      <trkpt lat="48.572430000" lon="2.531049000">
        <ele>41.300</ele>
        <time>2024-05-19T11:36:01Z</time>
        <extensions>
          <gpxtpx:TrackPointExtension>
            <gpxtpx:hr>135</gpxtpx:hr>
          </gpxtpx:TrackPointExtension>
        </extensions>
      </trkpt>
      <trkpt lat="48.572454000" lon="2.531050000">
        <ele>41.200</ele>
        <time>2024-05-19T11:36:03Z</time>
        <extensions>
          <gpxtpx:TrackPointExtension>
            <gpxtpx:hr>135</gpxtpx:hr>
          </gpxtpx:TrackPointExtension>
        </extensions>
      </trkpt>
      <trkpt lat="48.572441000" lon="2.531057000">
        <ele>41.200</ele>
        <time>2024-05-19T11:36:04Z</time>
        <extensions>
          <gpxtpx:TrackPointExtension>
            <gpxtpx:hr>135</gpxtpx:hr>
          </gpxtpx:TrackPointExtension>
        </extensions>
      </trkpt>
      <trkpt lat="48.572445000" lon="2.531053000">
        <ele>41.200</ele>
        <time>2024-05-19T11:36:05Z</time>
        <extensions>
          <gpxtpx:TrackPointExtension>
            <gpxtpx:hr>137</gpxtpx:hr>
          </gpxtpx:TrackPointExtension>
        </extensions>
      </trkpt>
      <trkpt lat="48.572438000" lon="2.531049000">
        <ele>41.200</ele>
        <time>2024-05-19T11:36:06Z</time>
        <extensions>
          <gpxtpx:TrackPointExtension>
            <gpxtpx:hr>137</gpxtpx:hr>
          </gpxtpx:TrackPointExtension>
        </extensions>
      </trkpt>
      <trkpt lat="48.572441000" lon="2.531042000">
        <ele>41.200</ele>
        <time>2024-05-19T11:36:07Z</time>
        <extensions>
          <gpxtpx:TrackPointExtension>
            <gpxtpx:hr>137</gpxtpx:hr>
          </gpxtpx:TrackPointExtension>
        </extensions>
      </trkpt>
      <trkpt lat="48.572429000" lon="2.531025000">
        <ele>41.300</ele>
        <time>2024-05-19T11:36:08Z</time>
        <extensions>
          <gpxtpx:TrackPointExtension>
            <gpxtpx:hr>137</gpxtpx:hr>
          </gpxtpx:TrackPointExtension>
        </extensions>
      </trkpt>
      <trkpt lat="48.572407000" lon="2.531019000">
        <ele>41.300</ele>
        <time>2024-05-19T11:36:09Z</time>
        <extensions>
          <gpxtpx:TrackPointExtension>
            <gpxtpx:hr>137</gpxtpx:hr>
          </gpxtpx:TrackPointExtension>
        </extensions>
      </trkpt>
      <trkpt lat="48.572445000" lon="2.531083000">
        <ele>41.100</ele>
        <time>2024-05-19T11:36:11Z</time>
        <extensions>
          <gpxtpx:TrackPointExtension>
            <gpxtpx:hr>142</gpxtpx:hr>
          </gpxtpx:TrackPointExtension>
        </extensions>
      </trkpt>
      <trkpt lat="48.572451000" lon="2.531071000">
        <ele>41.100</ele>
        <time>2024-05-19T11:36:12Z</time>
        <extensions>
          <gpxtpx:TrackPointExtension>
            <gpxtpx:hr>142</gpxtpx:hr>
          </gpxtpx:TrackPointExtension>
        </extensions>
      </trkpt>
      <trkpt lat="48.572465000" lon="2.531072000">
        <ele>41.000</ele>
        <time>2024-05-19T11:36:14Z</time>
        <extensions>
          <gpxtpx:TrackPointExtension>
            <gpxtpx:hr>142</gpxtpx:hr>
          </gpxtpx:TrackPointExtension>
        </extensions>
      </trkpt>
      <trkpt lat="48.572469000" lon="2.531094000">
        <ele>41.000</ele>
        <time>2024-05-19T11:36:17Z</time>
        <extensions>
          <gpxtpx:TrackPointExtension>
            <gpxtpx:hr>144</gpxtpx:hr>
          </gpxtpx:TrackPointExtension>
        </extensions>
      </trkpt>
      <trkpt lat="48.572485000" lon="2.531101000">
        <ele>41.000</ele>
        <time>2024-05-19T11:36:20Z</time>
        <extensions>
          <gpxtpx:TrackPointExtension>
            <gpxtpx:hr>144</gpxtpx:hr>
          </gpxtpx:TrackPointExtension>
        </extensions>
      </trkpt>
      <trkpt lat="48.572481000" lon="2.531093000">
        <ele>41.000</ele>
        <time>2024-05-19T11:36:30Z</time>
        <extensions>
          <gpxtpx:TrackPointExtension>
            <gpxtpx:hr>138</gpxtpx:hr>
          </gpxtpx:TrackPointExtension>
        </extensions>
      </trkpt>
      <trkpt lat="48.572501000" lon="2.531075000">
        <ele>40.900</ele>
        <time>2024-05-19T11:36:32Z</time>
        <extensions>
          <gpxtpx:TrackPointExtension>
            <gpxtpx:hr>138</gpxtpx:hr>
          </gpxtpx:TrackPointExtension>
        </extensions>
      </trkpt>
      <trkpt lat="48.572499000" lon="2.531067000">
        <ele>40.900</ele>
        <time>2024-05-19T11:36:34Z</time>
        <extensions>
          <gpxtpx:TrackPointExtension>
            <gpxtpx:hr>138</gpxtpx:hr>
          </gpxtpx:TrackPointExtension>
        </extensions>
      </trkpt>
      <trkpt lat="48.572506000" lon="2.531067000">
        <ele>40.900</ele>
        <time>2024-05-19T11:36:37Z</time>
        <extensions>
          <gpxtpx:TrackPointExtension>
            <gpxtpx:hr>136</gpxtpx:hr>
          </gpxtpx:TrackPointExtension>
        </extensions>
      </trkpt>
      <trkpt lat="48.572501000" lon="2.531065000">
        <ele>40.900</ele>
        <time>2024-05-19T11:36:38Z</time>
        <extensions>
          <gpxtpx:TrackPointExtension>
            <gpxtpx:hr>136</gpxtpx:hr>
          </gpxtpx:TrackPointExtension>
        </extensions>
      </trkpt>
      <trkpt lat="48.572508000" lon="2.531065000">
        <ele>40.900</ele>
        <time>2024-05-19T11:36:41Z</time>
        <extensions>
          <gpxtpx:TrackPointExtension>
            <gpxtpx:hr>136</gpxtpx:hr>
          </gpxtpx:TrackPointExtension>
        </extensions>
      </trkpt>
      <trkpt lat="48.572503000" lon="2.531069000">
        <ele>40.900</ele>
        <time>2024-05-19T11:36:43Z</time>
        <extensions>
          <gpxtpx:TrackPointExtension>
            <gpxtpx:hr>136</gpxtpx:hr>
          </gpxtpx:TrackPointExtension>
        </extensions>
      </trkpt>
      <trkpt lat="48.572505000" lon="2.531034000">
        <ele>40.900</ele>
        <time>2024-05-19T11:36:46Z</time>
        <extensions>
          <gpxtpx:TrackPointExtension>
            <gpxtpx:hr>134</gpxtpx:hr>
          </gpxtpx:TrackPointExtension>
        </extensions>
      </trkpt>
      <trkpt lat="48.572453000" lon="2.531022000">
        <ele>41.200</ele>
        <time>2024-05-19T11:36:48Z</time>
        <extensions>
          <gpxtpx:TrackPointExtension>
            <gpxtpx:hr>134</gpxtpx:hr>
          </gpxtpx:TrackPointExtension>
        </extensions>
      </trkpt>
      <trkpt lat="48.572430000" lon="2.531040000">
        <ele>41.300</ele>
        <time>2024-05-19T11:36:49Z</time>
        <extensions>
          <gpxtpx:TrackPointExtension>
            <gpxtpx:hr>134</gpxtpx:hr>
          </gpxtpx:TrackPointExtension>
        </extensions>
      </trkpt>
      <trkpt lat="48.572421000" lon="2.531063000">
        <ele>41.300</ele>
        <time>2024-05-19T11:36:50Z</time>
        <extensions>
          <gpxtpx:TrackPointExtension>
            <gpxtpx:hr>134</gpxtpx:hr>
          </gpxtpx:TrackPointExtension>
        </extensions>
      </trkpt>
      <trkpt lat="48.572423000" lon="2.531083000">
        <ele>41.300</ele>
        <time>2024-05-19T11:36:52Z</time>
        <extensions>
          <gpxtpx:TrackPointExtension>
            <gpxtpx:hr>134</gpxtpx:hr>
          </gpxtpx:TrackPointExtension>
        </extensions>
      </trkpt>
      <trkpt lat="48.572416000" lon="2.531086000">
        <ele>41.300</ele>
        <time>2024-05-19T11:36:54Z</time>
        <extensions>
          <gpxtpx:TrackPointExtension>
            <gpxtpx:hr>133</gpxtpx:hr>
          </gpxtpx:TrackPointExtension>
        </extensions>
      </trkpt>
      <trkpt lat="48.572421000" lon="2.531099000">
        <ele>41.300</ele>
        <time>2024-05-19T11:36:56Z</time>
        <extensions>
          <gpxtpx:TrackPointExtension>
            <gpxtpx:hr>133</gpxtpx:hr>
          </gpxtpx:TrackPointExtension>
        </extensions>
      </trkpt>
      <trkpt lat="48.572427000" lon="2.531094000">
        <ele>41.300</ele>
        <time>2024-05-19T11:37:01Z</time>
        <extensions>
          <gpxtpx:TrackPointExtension>
            <gpxtpx:hr>130</gpxtpx:hr>
          </gpxtpx:TrackPointExtension>
        </extensions>
      </trkpt>
      <trkpt lat="48.572437000" lon="2.531155000">
        <ele>41.100</ele>
        <time>2024-05-19T11:37:04Z</time>
        <extensions>
          <gpxtpx:TrackPointExtension>
            <gpxtpx:hr>130</gpxtpx:hr>
          </gpxtpx:TrackPointExtension>
        </extensions>
      </trkpt>
      <trkpt lat="48.572431000" lon="2.531135000">
        <ele>41.300</ele>
        <time>2024-05-19T11:37:05Z</time>
        <extensions>
          <gpxtpx:TrackPointExtension>
            <gpxtpx:hr>130</gpxtpx:hr>
          </gpxtpx:TrackPointExtension>
        </extensions>
      </trkpt>
      <trkpt lat="48.572451000" lon="2.531096000">
        <ele>41.100</ele>
        <time>2024-05-19T11:37:07Z</time>
        <extensions>
          <gpxtpx:TrackPointExtension>
            <gpxtpx:hr>134</gpxtpx:hr>
          </gpxtpx:TrackPointExtension>
        </extensions>
      </trkpt>
      <trkpt lat="48.572441000" lon="2.531078000">
        <ele>41.100</ele>
        <time>2024-05-19T11:37:08Z</time>
        <extensions>
          <gpxtpx:TrackPointExtension>
            <gpxtpx:hr>134</gpxtpx:hr>
          </gpxtpx:TrackPointExtension>
        </extensions>
      </trkpt>
      <trkpt lat="48.572429000" lon="2.531103000">
        <ele>41.300</ele>
        <time>2024-05-19T11:37:10Z</time>
        <extensions>
          <gpxtpx:TrackPointExtension>
            <gpxtpx:hr>135</gpxtpx:hr>
          </gpxtpx:TrackPointExtension>
        </extensions>
      </trkpt>
      <trkpt lat="48.572439000" lon="2.531109000">
        <ele>41.100</ele>
        <time>2024-05-19T11:37:14Z</time>
        <extensions>
          <gpxtpx:TrackPointExtension>
            <gpxtpx:hr>132</gpxtpx:hr>
          </gpxtpx:TrackPointExtension>
        </extensions>
      </trkpt>
      <trkpt lat="48.572463000" lon="2.531086000">
        <ele>41.000</ele>
        <time>2024-05-19T11:37:22Z</time>
        <extensions>
          <gpxtpx:TrackPointExtension>
            <gpxtpx:hr>129</gpxtpx:hr>
          </gpxtpx:TrackPointExtension>
        </extensions>
      </trkpt>
      <trkpt lat="48.572463000" lon="2.531104000">
        <ele>41.000</ele>
        <time>2024-05-19T11:37:23Z</time>
        <extensions>
          <gpxtpx:TrackPointExtension>
            <gpxtpx:hr>129</gpxtpx:hr>
          </gpxtpx:TrackPointExtension>
        </extensions>
      </trkpt>
      <trkpt lat="48.572477000" lon="2.531021000">
        <ele>41.000</ele>
        <time>2024-05-19T11:37:27Z</time>
        <extensions>
          <gpxtpx:TrackPointExtension>
            <gpxtpx:hr>127</gpxtpx:hr>
          </gpxtpx:TrackPointExtension>
        </extensions>
      </trkpt>
      <trkpt lat="48.572457000" lon="2.530991000">
        <ele>41.200</ele>
        <time>2024-05-19T11:37:28Z</time>
        <extensions>
          <gpxtpx:TrackPointExtension>
            <gpxtpx:hr>127</gpxtpx:hr>
          </gpxtpx:TrackPointExtension>
        </extensions>
      </trkpt>
      <trkpt lat="48.572441000" lon="2.531001000">
        <ele>41.200</ele>
        <time>2024-05-19T11:37:29Z</time>
        <extensions>
          <gpxtpx:TrackPointExtension>
            <gpxtpx:hr>127</gpxtpx:hr>
          </gpxtpx:TrackPointExtension>
        </extensions>
      </trkpt>
      <trkpt lat="48.572455000" lon="2.531063000">
        <ele>41.100</ele>
        <time>2024-05-19T11:37:31Z</time>
        <extensions>
          <gpxtpx:TrackPointExtension>
            <gpxtpx:hr>127</gpxtpx:hr>
          </gpxtpx:TrackPointExtension>
        </extensions>
      </trkpt>
      <trkpt lat="48.572449000" lon="2.531093000">
        <ele>41.100</ele>
        <time>2024-05-19T11:37:32Z</time>
        <extensions>
          <gpxtpx:TrackPointExtension>
            <gpxtpx:hr>134</gpxtpx:hr>
          </gpxtpx:TrackPointExtension>
        </extensions>
      </trkpt>
      <trkpt lat="48.572464000" lon="2.531085000">
        <ele>41.000</ele>
        <time>2024-05-19T11:37:34Z</time>
        <extensions>
          <gpxtpx:TrackPointExtension>
            <gpxtpx:hr>134</gpxtpx:hr>
          </gpxtpx:TrackPointExtension>
        </extensions>
      </trkpt>
      <trkpt lat="48.572465000" lon="2.531062000">
        <ele>41.000</ele>
        <time>2024-05-19T11:37:36Z</time>
        <extensions>
          <gpxtpx:TrackPointExtension>
            <gpxtpx:hr>134</gpxtpx:hr>
          </gpxtpx:TrackPointExtension>
        </extensions>
      </trkpt>
      <trkpt lat="48.572472000" lon="2.531083000">
        <ele>41.000</ele>
        <time>2024-05-19T11:37:37Z</time>
        <extensions>
          <gpxtpx:TrackPointExtension>
            <gpxtpx:hr>134</gpxtpx:hr>
          </gpxtpx:TrackPointExtension>
        </extensions>
      </trkpt>
      <trkpt lat="48.572503000" lon="2.531074000">
        <ele>40.900</ele>
        <time>2024-05-19T11:37:41Z</time>
        <extensions>
          <gpxtpx:TrackPointExtension>
            <gpxtpx:hr>141</gpxtpx:hr>
          </gpxtpx:TrackPointExtension>
        </extensions>
      </trkpt>
      <trkpt lat="48.572492000" lon="2.531080000">
        <ele>40.900</ele>
        <time>2024-05-19T11:37:43Z</time>
        <extensions>
          <gpxtpx:TrackPointExtension>
            <gpxtpx:hr>141</gpxtpx:hr>
          </gpxtpx:TrackPointExtension>
        </extensions>
      </trkpt>
      <trkpt lat="48.572495000" lon="2.531089000">
        <ele>40.900</ele>
        <time>2024-05-19T11:37:46Z</time>
        <extensions>
          <gpxtpx:TrackPointExtension>
            <gpxtpx:hr>138</gpxtpx:hr>
          </gpxtpx:TrackPointExtension>
        </extensions>
      </trkpt>
      <trkpt lat="48.572493000" lon="2.531075000">
        <ele>40.900</ele>
        <time>2024-05-19T11:37:49Z</time>
        <extensions>
          <gpxtpx:TrackPointExtension>
            <gpxtpx:hr>136</gpxtpx:hr>
          </gpxtpx:TrackPointExtension>
        </extensions>
      </trkpt>
      <trkpt lat="48.572507000" lon="2.531068000">
        <ele>40.900</ele>
        <time>2024-05-19T11:37:56Z</time>
        <extensions>
          <gpxtpx:TrackPointExtension>
            <gpxtpx:hr>137</gpxtpx:hr>
          </gpxtpx:TrackPointExtension>
        </extensions>
      </trkpt>
      <trkpt lat="48.572491000" lon="2.531061000">
        <ele>40.900</ele>
        <time>2024-05-19T11:37:58Z</time>
        <extensions>
          <gpxtpx:TrackPointExtension>
            <gpxtpx:hr>139</gpxtpx:hr>
          </gpxtpx:TrackPointExtension>
        </extensions>
      </trkpt>
      <trkpt lat="48.572479000" lon="2.531069000">
        <ele>41.000</ele>
        <time>2024-05-19T11:38:00Z</time>
        <extensions>
          <gpxtpx:TrackPointExtension>
            <gpxtpx:hr>139</gpxtpx:hr>
          </gpxtpx:TrackPointExtension>
        </extensions>
      </trkpt>
      <trkpt lat="48.572479000" lon="2.531060000">
        <ele>41.000</ele>
        <time>2024-05-19T11:38:03Z</time>
        <extensions>
          <gpxtpx:TrackPointExtension>
            <gpxtpx:hr>139</gpxtpx:hr>
          </gpxtpx:TrackPointExtension>
        </extensions>
      </trkpt>
      <trkpt lat="48.572459000" lon="2.531087000">
        <ele>41.200</ele>
        <time>2024-05-19T11:38:06Z</time>
        <extensions>
          <gpxtpx:TrackPointExtension>
            <gpxtpx:hr>139</gpxtpx:hr>
          </gpxtpx:TrackPointExtension>
        </extensions>
      </trkpt>
      <trkpt lat="48.572444000" lon="2.531089000">
        <ele>41.200</ele>
        <time>2024-05-19T11:38:08Z</time>
        <extensions>
          <gpxtpx:TrackPointExtension>
            <gpxtpx:hr>139</gpxtpx:hr>
          </gpxtpx:TrackPointExtension>
        </extensions>
      </trkpt>
      <trkpt lat="48.572453000" lon="2.531089000">
        <ele>41.200</ele>
        <time>2024-05-19T11:38:10Z</time>
        <extensions>
          <gpxtpx:TrackPointExtension>
            <gpxtpx:hr>139</gpxtpx:hr>
          </gpxtpx:TrackPointExtension>
        </extensions>
      </trkpt>
      <trkpt lat="48.572473000" lon="2.531061000">
        <ele>41.000</ele>
        <time>2024-05-19T11:38:15Z</time>
        <extensions>
          <gpxtpx:TrackPointExtension>
            <gpxtpx:hr>134</gpxtpx:hr>
          </gpxtpx:TrackPointExtension>
        </extensions>
      </trkpt>
      <trkpt lat="48.572487000" lon="2.531065000">
        <ele>41.000</ele>
        <time>2024-05-19T11:38:18Z</time>
        <extensions>
          <gpxtpx:TrackPointExtension>
            <gpxtpx:hr>134</gpxtpx:hr>
          </gpxtpx:TrackPointExtension>
        </extensions>
      </trkpt>
      <trkpt lat="48.572490000" lon="2.531051000">
        <ele>40.900</ele>
        <time>2024-05-19T11:38:24Z</time>
        <extensions>
          <gpxtpx:TrackPointExtension>
            <gpxtpx:hr>133</gpxtpx:hr>
          </gpxtpx:TrackPointExtension>
        </extensions>
      </trkpt>
      <trkpt lat="48.572475000" lon="2.531052000">
        <ele>41.000</ele>
        <time>2024-05-19T11:38:27Z</time>
        <extensions>
          <gpxtpx:TrackPointExtension>
            <gpxtpx:hr>133</gpxtpx:hr>
          </gpxtpx:TrackPointExtension>
        </extensions>
      </trkpt>
      <trkpt lat="48.572475000" lon="2.531076000">
        <ele>41.000</ele>
        <time>2024-05-19T11:38:29Z</time>
        <extensions>
          <gpxtpx:TrackPointExtension>
            <gpxtpx:hr>130</gpxtpx:hr>
          </gpxtpx:TrackPointExtension>
        </extensions>
      </trkpt>
      <trkpt lat="48.572442000" lon="2.531100000">
        <ele>41.200</ele>
        <time>2024-05-19T11:38:30Z</time>
        <extensions>
          <gpxtpx:TrackPointExtension>
            <gpxtpx:hr>130</gpxtpx:hr>
          </gpxtpx:TrackPointExtension>
        </extensions>
      </trkpt>
      <trkpt lat="48.572486000" lon="2.531044000">
        <ele>41.000</ele>
        <time>2024-05-19T11:38:34Z</time>
        <extensions>
          <gpxtpx:TrackPointExtension>
            <gpxtpx:hr>130</gpxtpx:hr>
          </gpxtpx:TrackPointExtension>
        </extensions>
      </trkpt>
      <trkpt lat="48.572486000" lon="2.531009000">
        <ele>41.100</ele>
        <time>2024-05-19T11:38:36Z</time>
        <extensions>
          <gpxtpx:TrackPointExtension>
            <gpxtpx:hr>130</gpxtpx:hr>
          </gpxtpx:TrackPointExtension>
        </extensions>
      </trkpt>
      <trkpt lat="48.572499000" lon="2.531006000">
        <ele>40.900</ele>
        <time>2024-05-19T11:38:37Z</time>
        <extensions>
          <gpxtpx:TrackPointExtension>
            <gpxtpx:hr>130</gpxtpx:hr>
          </gpxtpx:TrackPointExtension>
        </extensions>
      </trkpt>
      <trkpt lat="48.572482000" lon="2.531026000">
        <ele>41.000</ele>
        <time>2024-05-19T11:38:38Z</time>
        <extensions>
          <gpxtpx:TrackPointExtension>
            <gpxtpx:hr>130</gpxtpx:hr>
          </gpxtpx:TrackPointExtension>
        </extensions>
      </trkpt>
      <trkpt lat="48.572486000" lon="2.531088000">
        <ele>41.000</ele>
        <time>2024-05-19T11:38:40Z</time>
        <extensions>
          <gpxtpx:TrackPointExtension>
            <gpxtpx:hr>140</gpxtpx:hr>
          </gpxtpx:TrackPointExtension>
        </extensions>
      </trkpt>
      <trkpt lat="48.572513000" lon="2.531165000">
        <ele>40.900</ele>
        <time>2024-05-19T11:38:45Z</time>
        <extensions>
          <gpxtpx:TrackPointExtension>
            <gpxtpx:hr>140</gpxtpx:hr>
          </gpxtpx:TrackPointExtension>
        </extensions>
      </trkpt>
      <trkpt lat="48.572530000" lon="2.531178000">
        <ele>40.800</ele>
        <time>2024-05-19T11:38:48Z</time>
        <extensions>
          <gpxtpx:TrackPointExtension>
            <gpxtpx:hr>135</gpxtpx:hr>
          </gpxtpx:TrackPointExtension>
        </extensions>
      </trkpt>
      <trkpt lat="48.572579000" lon="2.531140000">
        <ele>40.500</ele>
        <time>2024-05-19T11:38:51Z</time>
        <extensions>
          <gpxtpx:TrackPointExtension>
            <gpxtpx:hr>133</gpxtpx:hr>
          </gpxtpx:TrackPointExtension>
        </extensions>
      </trkpt>
      <trkpt lat="48.572574000" lon="2.531144000">
        <ele>40.600</ele>
        <time>2024-05-19T11:38:52Z</time>
        <extensions>
          <gpxtpx:TrackPointExtension>
            <gpxtpx:hr>133</gpxtpx:hr>
          </gpxtpx:TrackPointExtension>
        </extensions>
      </trkpt>
      <trkpt lat="48.572587000" lon="2.531132000">
        <ele>40.500</ele>
        <time>2024-05-19T11:38:54Z</time>
        <extensions>
          <gpxtpx:TrackPointExtension>
            <gpxtpx:hr>132</gpxtpx:hr>
          </gpxtpx:TrackPointExtension>
        </extensions>
      </trkpt>
      <trkpt lat="48.572586000" lon="2.531118000">
        <ele>40.500</ele>
        <time>2024-05-19T11:38:56Z</time>
        <extensions>
          <gpxtpx:TrackPointExtension>
            <gpxtpx:hr>132</gpxtpx:hr>
          </gpxtpx:TrackPointExtension>
        </extensions>
      </trkpt>
      <trkpt lat="48.572589000" lon="2.531131000">
        <ele>40.500</ele>
        <time>2024-05-19T11:38:57Z</time>
        <extensions>
          <gpxtpx:TrackPointExtension>
            <gpxtpx:hr>132</gpxtpx:hr>
          </gpxtpx:TrackPointExtension>
        </extensions>
      </trkpt>
      <trkpt lat="48.572576000" lon="2.531108000">
        <ele>40.500</ele>
        <time>2024-05-19T11:39:04Z</time>
        <extensions>
          <gpxtpx:TrackPointExtension>
            <gpxtpx:hr>130</gpxtpx:hr>
          </gpxtpx:TrackPointExtension>
        </extensions>
      </trkpt>
      <trkpt lat="48.572579000" lon="2.531095000">
        <ele>40.500</ele>
        <time>2024-05-19T11:39:05Z</time>
        <extensions>
          <gpxtpx:TrackPointExtension>
            <gpxtpx:hr>130</gpxtpx:hr>
          </gpxtpx:TrackPointExtension>
        </extensions>
      </trkpt>
      <trkpt lat="48.572573000" lon="2.531097000">
        <ele>40.700</ele>
        <time>2024-05-19T11:39:06Z</time>
        <extensions>
          <gpxtpx:TrackPointExtension>
            <gpxtpx:hr>130</gpxtpx:hr>
          </gpxtpx:TrackPointExtension>
        </extensions>
      </trkpt>
      <trkpt lat="48.572570000" lon="2.531076000">
        <ele>40.700</ele>
        <time>2024-05-19T11:39:08Z</time>
        <extensions>
          <gpxtpx:TrackPointExtension>
            <gpxtpx:hr>130</gpxtpx:hr>
          </gpxtpx:TrackPointExtension>
        </extensions>
      </trkpt>
      <trkpt lat="48.572594000" lon="2.531067000">
        <ele>40.500</ele>
        <time>2024-05-19T11:39:12Z</time>
        <extensions>
          <gpxtpx:TrackPointExtension>
            <gpxtpx:hr>130</gpxtpx:hr>
          </gpxtpx:TrackPointExtension>
        </extensions>
      </trkpt>
      <trkpt lat="48.572626000" lon="2.530997000">
        <ele>40.500</ele>
        <time>2024-05-19T11:39:16Z</time>
        <extensions>
          <gpxtpx:TrackPointExtension>
            <gpxtpx:hr>131</gpxtpx:hr>
          </gpxtpx:TrackPointExtension>
        </extensions>
      </trkpt>
      <trkpt lat="48.572627000" lon="2.530941000">
        <ele>40.500</ele>
        <time>2024-05-19T11:39:22Z</time>
        <extensions>
          <gpxtpx:TrackPointExtension>
            <gpxtpx:hr>131</gpxtpx:hr>
          </gpxtpx:TrackPointExtension>
        </extensions>
      </trkpt>
      <trkpt lat="48.572638000" lon="2.530932000">
        <ele>40.400</ele>
        <time>2024-05-19T11:39:25Z</time>
        <extensions>
          <gpxtpx:TrackPointExtension>
            <gpxtpx:hr>131</gpxtpx:hr>
          </gpxtpx:TrackPointExtension>
        </extensions>
      </trkpt>
      <trkpt lat="48.572633000" lon="2.530930000">
        <ele>40.400</ele>
        <time>2024-05-19T11:39:26Z</time>
        <extensions>
          <gpxtpx:TrackPointExtension>
            <gpxtpx:hr>131</gpxtpx:hr>
          </gpxtpx:TrackPointExtension>
        </extensions>
      </trkpt>
      <trkpt lat="48.572649000" lon="2.530974000">
        <ele>40.400</ele>
        <time>2024-05-19T11:39:27Z</time>
        <extensions>
          <gpxtpx:TrackPointExtension>
            <gpxtpx:hr>131</gpxtpx:hr>
          </gpxtpx:TrackPointExtension>
        </extensions>
      </trkpt>
      <trkpt lat="48.572683000" lon="2.530985000">
        <ele>40.300</ele>
        <time>2024-05-19T11:39:28Z</time>
        <extensions>
          <gpxtpx:TrackPointExtension>
            <gpxtpx:hr>131</gpxtpx:hr>
          </gpxtpx:TrackPointExtension>
        </extensions>
      </trkpt>
      <trkpt lat="48.572743000" lon="2.530985000">
        <ele>40.000</ele>
        <time>2024-05-19T11:39:29Z</time>
        <extensions>
          <gpxtpx:TrackPointExtension>
            <gpxtpx:hr>131</gpxtpx:hr>
          </gpxtpx:TrackPointExtension>
        </extensions>
      </trkpt>
      <trkpt lat="48.572659000" lon="2.530985000">
        <ele>40.400</ele>
        <time>2024-05-19T11:39:33Z</time>
        <extensions>
          <gpxtpx:TrackPointExtension>
            <gpxtpx:hr>131</gpxtpx:hr>
          </gpxtpx:TrackPointExtension>
        </extensions>
      </trkpt>
      <trkpt lat="48.572651000" lon="2.531004000">
        <ele>40.400</ele>
        <time>2024-05-19T11:39:34Z</time>
        <extensions>
          <gpxtpx:TrackPointExtension>
            <gpxtpx:hr>131</gpxtpx:hr>
          </gpxtpx:TrackPointExtension>
        </extensions>
      </trkpt>
      <trkpt lat="48.572621000" lon="2.531020000">
        <ele>40.500</ele>
        <time>2024-05-19T11:39:36Z</time>
        <extensions>
          <gpxtpx:TrackPointExtension>
            <gpxtpx:hr>131</gpxtpx:hr>
          </gpxtpx:TrackPointExtension>
        </extensions>
      </trkpt>
      <trkpt lat="48.572618000" lon="2.531008000">
        <ele>40.500</ele>
        <time>2024-05-19T11:39:37Z</time>
        <extensions>
          <gpxtpx:TrackPointExtension>
            <gpxtpx:hr>131</gpxtpx:hr>
          </gpxtpx:TrackPointExtension>
        </extensions>
      </trkpt>
      <trkpt lat="48.572603000" lon="2.531026000">
        <ele>40.600</ele>
        <time>2024-05-19T11:39:38Z</time>
        <extensions>
          <gpxtpx:TrackPointExtension>
            <gpxtpx:hr>131</gpxtpx:hr>
          </gpxtpx:TrackPointExtension>
        </extensions>
      </trkpt>
      <trkpt lat="48.572606000" lon="2.531012000">
        <ele>40.500</ele>
        <time>2024-05-19T11:39:44Z</time>
        <extensions>
          <gpxtpx:TrackPointExtension>
            <gpxtpx:hr>131</gpxtpx:hr>
          </gpxtpx:TrackPointExtension>
        </extensions>
      </trkpt>
      <trkpt lat="48.572598000" lon="2.531013000">
        <ele>40.600</ele>
        <time>2024-05-19T11:39:45Z</time>
        <extensions>
          <gpxtpx:TrackPointExtension>
            <gpxtpx:hr>131</gpxtpx:hr>
          </gpxtpx:TrackPointExtension>
        </extensions>
      </trkpt>
      <trkpt lat="48.572569000" lon="2.530975000">
        <ele>40.700</ele>
        <time>2024-05-19T11:39:49Z</time>
        <extensions>
          <gpxtpx:TrackPointExtension>
            <gpxtpx:hr>131</gpxtpx:hr>
          </gpxtpx:TrackPointExtension>
        </extensions>
      </trkpt>
      <trkpt lat="48.572533000" lon="2.530978000">
        <ele>40.800</ele>
        <time>2024-05-19T11:40:00Z</time>
        <extensions>
          <gpxtpx:TrackPointExtension>
            <gpxtpx:hr>133</gpxtpx:hr>
          </gpxtpx:TrackPointExtension>
        </extensions>
      </trkpt>
      <trkpt lat="48.572543000" lon="2.530958000">
        <ele>40.800</ele>
        <time>2024-05-19T11:40:01Z</time>
        <extensions>
          <gpxtpx:TrackPointExtension>
            <gpxtpx:hr>134</gpxtpx:hr>
          </gpxtpx:TrackPointExtension>
        </extensions>
      </trkpt>
      <trkpt lat="48.572571000" lon="2.530941000">
        <ele>40.700</ele>
        <time>2024-05-19T11:40:03Z</time>
        <extensions>
          <gpxtpx:TrackPointExtension>
            <gpxtpx:hr>134</gpxtpx:hr>
          </gpxtpx:TrackPointExtension>
        </extensions>
      </trkpt>
      <trkpt lat="48.572609000" lon="2.530935000">
        <ele>40.500</ele>
        <time>2024-05-19T11:40:07Z</time>
        <extensions>
          <gpxtpx:TrackPointExtension>
            <gpxtpx:hr>134</gpxtpx:hr>
          </gpxtpx:TrackPointExtension>
        </extensions>
      </trkpt>
      <trkpt lat="48.572591000" lon="2.530946000">
        <ele>40.600</ele>
        <time>2024-05-19T11:40:09Z</time>
        <extensions>
          <gpxtpx:TrackPointExtension>
            <gpxtpx:hr>134</gpxtpx:hr>
          </gpxtpx:TrackPointExtension>
        </extensions>
      </trkpt>
      <trkpt lat="48.572598000" lon="2.530949000">
        <ele>40.600</ele>
        <time>2024-05-19T11:40:10Z</time>
        <extensions>
          <gpxtpx:TrackPointExtension>
            <gpxtpx:hr>134</gpxtpx:hr>
          </gpxtpx:TrackPointExtension>
        </extensions>
      </trkpt>
      <trkpt lat="48.572595000" lon="2.530920000">
        <ele>40.600</ele>
        <time>2024-05-19T11:40:14Z</time>
        <extensions>
          <gpxtpx:TrackPointExtension>
            <gpxtpx:hr>134</gpxtpx:hr>
          </gpxtpx:TrackPointExtension>
        </extensions>
      </trkpt>
      <trkpt lat="48.572594000" lon="2.530970000">
        <ele>40.600</ele>
        <time>2024-05-19T11:40:16Z</time>
        <extensions>
          <gpxtpx:TrackPointExtension>
            <gpxtpx:hr>134</gpxtpx:hr>
          </gpxtpx:TrackPointExtension>
        </extensions>
      </trkpt>
      <trkpt lat="48.572580000" lon="2.530967000">
        <ele>40.600</ele>
        <time>2024-05-19T11:40:17Z</time>
        <extensions>
          <gpxtpx:TrackPointExtension>
            <gpxtpx:hr>134</gpxtpx:hr>
          </gpxtpx:TrackPointExtension>
        </extensions>
      </trkpt>
      <trkpt lat="48.572540000" lon="2.530999000">
        <ele>40.800</ele>
        <time>2024-05-19T11:40:21Z</time>
        <extensions>
          <gpxtpx:TrackPointExtension>
            <gpxtpx:hr>133</gpxtpx:hr>
          </gpxtpx:TrackPointExtension>
        </extensions>
      </trkpt>
      <trkpt lat="48.572550000" lon="2.530992000">
        <ele>40.700</ele>
        <time>2024-05-19T11:40:23Z</time>
        <extensions>
          <gpxtpx:TrackPointExtension>
            <gpxtpx:hr>133</gpxtpx:hr>
          </gpxtpx:TrackPointExtension>
        </extensions>
      </trkpt>
      <trkpt lat="48.572552000" lon="2.530970000">
        <ele>40.700</ele>
        <time>2024-05-19T11:40:25Z</time>
        <extensions>
          <gpxtpx:TrackPointExtension>
            <gpxtpx:hr>131</gpxtpx:hr>
          </gpxtpx:TrackPointExtension>
        </extensions>
      </trkpt>
      <trkpt lat="48.572543000" lon="2.530988000">
        <ele>40.800</ele>
        <time>2024-05-19T11:40:26Z</time>
        <extensions>
          <gpxtpx:TrackPointExtension>
            <gpxtpx:hr>131</gpxtpx:hr>
          </gpxtpx:TrackPointExtension>
        </extensions>
      </trkpt>
      <trkpt lat="48.572538000" lon="2.530979000">
        <ele>40.800</ele>
        <time>2024-05-19T11:40:27Z</time>
        <extensions>
          <gpxtpx:TrackPointExtension>
            <gpxtpx:hr>131</gpxtpx:hr>
          </gpxtpx:TrackPointExtension>
        </extensions>
      </trkpt>
      <trkpt lat="48.572551000" lon="2.530990000">
        <ele>40.700</ele>
        <time>2024-05-19T11:40:36Z</time>
        <extensions>
          <gpxtpx:TrackPointExtension>
            <gpxtpx:hr>130</gpxtpx:hr>
          </gpxtpx:TrackPointExtension>
        </extensions>
      </trkpt>
      <trkpt lat="48.572528000" lon="2.531061000">
        <ele>40.800</ele>
        <time>2024-05-19T11:40:38Z</time>
        <extensions>
          <gpxtpx:TrackPointExtension>
            <gpxtpx:hr>126</gpxtpx:hr>
          </gpxtpx:TrackPointExtension>
        </extensions>
      </trkpt>
      <trkpt lat="48.572445000" lon="2.531214000">
        <ele>41.200</ele>
        <time>2024-05-19T11:40:40Z</time>
        <extensions>
          <gpxtpx:TrackPointExtension>
            <gpxtpx:hr>126</gpxtpx:hr>
          </gpxtpx:TrackPointExtension>
        </extensions>
      </trkpt>
      <trkpt lat="48.572574000" lon="2.531049000">
        <ele>40.700</ele>
        <time>2024-05-19T11:40:41Z</time>
        <extensions>
          <gpxtpx:TrackPointExtension>
            <gpxtpx:hr>126</gpxtpx:hr>
          </gpxtpx:TrackPointExtension>
        </extensions>
      </trkpt>
      <trkpt lat="48.572595000" lon="2.531003000">
        <ele>40.600</ele>
        <time>2024-05-19T11:40:43Z</time>
        <extensions>
          <gpxtpx:TrackPointExtension>
            <gpxtpx:hr>126</gpxtpx:hr>
          </gpxtpx:TrackPointExtension>
        </extensions>
      </trkpt>
      <trkpt lat="48.572589000" lon="2.530965000">
        <ele>40.600</ele>
        <time>2024-05-19T11:40:45Z</time>
        <extensions>
          <gpxtpx:TrackPointExtension>
            <gpxtpx:hr>126</gpxtpx:hr>
          </gpxtpx:TrackPointExtension>
        </extensions>
      </trkpt>
      <trkpt lat="48.572554000" lon="2.530969000">
        <ele>40.700</ele>
        <time>2024-05-19T11:40:46Z</time>
        <extensions>
          <gpxtpx:TrackPointExtension>
            <gpxtpx:hr>131</gpxtpx:hr>
          </gpxtpx:TrackPointExtension>
        </extensions>
      </trkpt>
      <trkpt lat="48.572527000" lon="2.531006000">
        <ele>40.800</ele>
        <time>2024-05-19T11:40:49Z</time>
        <extensions>
          <gpxtpx:TrackPointExtension>
            <gpxtpx:hr>131</gpxtpx:hr>
          </gpxtpx:TrackPointExtension>
        </extensions>
      </trkpt>
      <trkpt lat="48.572482000" lon="2.531043000">
        <ele>41.100</ele>
        <time>2024-05-19T11:40:56Z</time>
        <extensions>
          <gpxtpx:TrackPointExtension>
            <gpxtpx:hr>131</gpxtpx:hr>
          </gpxtpx:TrackPointExtension>
        </extensions>
      </trkpt>
      <trkpt lat="48.572472000" lon="2.531078000">
        <ele>41.000</ele>
        <time>2024-05-19T11:40:58Z</time>
        <extensions>
          <gpxtpx:TrackPointExtension>
            <gpxtpx:hr>133</gpxtpx:hr>
          </gpxtpx:TrackPointExtension>
        </extensions>
      </trkpt>
      <trkpt lat="48.572464000" lon="2.531076000">
        <ele>41.000</ele>
        <time>2024-05-19T11:41:02Z</time>
        <extensions>
          <gpxtpx:TrackPointExtension>
            <gpxtpx:hr>133</gpxtpx:hr>
          </gpxtpx:TrackPointExtension>
        </extensions>
      </trkpt>
      <trkpt lat="48.572475000" lon="2.531075000">
        <ele>41.000</ele>
        <time>2024-05-19T11:41:03Z</time>
        <extensions>
          <gpxtpx:TrackPointExtension>
            <gpxtpx:hr>135</gpxtpx:hr>
          </gpxtpx:TrackPointExtension>
        </extensions>
      </trkpt>
      <trkpt lat="48.572482000" lon="2.531095000">
        <ele>41.000</ele>
        <time>2024-05-19T11:41:05Z</time>
        <extensions>
          <gpxtpx:TrackPointExtension>
            <gpxtpx:hr>135</gpxtpx:hr>
          </gpxtpx:TrackPointExtension>
        </extensions>
      </trkpt>
      <trkpt lat="48.572494000" lon="2.531086000">
        <ele>40.900</ele>
        <time>2024-05-19T11:41:07Z</time>
        <extensions>
          <gpxtpx:TrackPointExtension>
            <gpxtpx:hr>135</gpxtpx:hr>
          </gpxtpx:TrackPointExtension>
        </extensions>
      </trkpt>
      <trkpt lat="48.572489000" lon="2.531083000">
        <ele>41.000</ele>
        <time>2024-05-19T11:41:08Z</time>
        <extensions>
          <gpxtpx:TrackPointExtension>
            <gpxtpx:hr>135</gpxtpx:hr>
          </gpxtpx:TrackPointExtension>
        </extensions>
      </trkpt>
      <trkpt lat="48.572499000" lon="2.531063000">
        <ele>40.900</ele>
        <time>2024-05-19T11:41:10Z</time>
        <extensions>
          <gpxtpx:TrackPointExtension>
            <gpxtpx:hr>133</gpxtpx:hr>
          </gpxtpx:TrackPointExtension>
        </extensions>
      </trkpt>
      <trkpt lat="48.572512000" lon="2.531063000">
        <ele>40.900</ele>
        <time>2024-05-19T11:41:11Z</time>
        <extensions>
          <gpxtpx:TrackPointExtension>
            <gpxtpx:hr>133</gpxtpx:hr>
          </gpxtpx:TrackPointExtension>
        </extensions>
      </trkpt>
      <trkpt lat="48.572495000" lon="2.531045000">
        <ele>40.900</ele>
        <time>2024-05-19T11:41:12Z</time>
        <extensions>
          <gpxtpx:TrackPointExtension>
            <gpxtpx:hr>133</gpxtpx:hr>
          </gpxtpx:TrackPointExtension>
        </extensions>
      </trkpt>
      <trkpt lat="48.572508000" lon="2.530979000">
        <ele>41.000</ele>
        <time>2024-05-19T11:41:19Z</time>
        <extensions>
          <gpxtpx:TrackPointExtension>
            <gpxtpx:hr>133</gpxtpx:hr>
          </gpxtpx:TrackPointExtension>
        </extensions>
      </trkpt>
      <trkpt lat="48.572498000" lon="2.531015000">
        <ele>41.000</ele>
        <time>2024-05-19T11:41:22Z</time>
        <extensions>
          <gpxtpx:TrackPointExtension>
            <gpxtpx:hr>134</gpxtpx:hr>
          </gpxtpx:TrackPointExtension>
        </extensions>
      </trkpt>
      <trkpt lat="48.572506000" lon="2.531002000">
        <ele>41.000</ele>
        <time>2024-05-19T11:41:25Z</time>
        <extensions>
          <gpxtpx:TrackPointExtension>
            <gpxtpx:hr>134</gpxtpx:hr>
          </gpxtpx:TrackPointExtension>
        </extensions>
      </trkpt>
      <trkpt lat="48.572533000" lon="2.531015000">
        <ele>40.800</ele>
        <time>2024-05-19T11:41:27Z</time>
        <extensions>
          <gpxtpx:TrackPointExtension>
            <gpxtpx:hr>135</gpxtpx:hr>
          </gpxtpx:TrackPointExtension>
        </extensions>
      </trkpt>
      <trkpt lat="48.572530000" lon="2.531024000">
        <ele>40.800</ele>
        <time>2024-05-19T11:41:28Z</time>
        <extensions>
          <gpxtpx:TrackPointExtension>
            <gpxtpx:hr>135</gpxtpx:hr>
          </gpxtpx:TrackPointExtension>
        </extensions>
      </trkpt>
      <trkpt lat="48.572504000" lon="2.531003000">
        <ele>41.000</ele>
        <time>2024-05-19T11:41:30Z</time>
        <extensions>
          <gpxtpx:TrackPointExtension>
            <gpxtpx:hr>135</gpxtpx:hr>
          </gpxtpx:TrackPointExtension>
        </extensions>
      </trkpt>
      <trkpt lat="48.572480000" lon="2.531010000">
        <ele>41.100</ele>
        <time>2024-05-19T11:41:31Z</time>
        <extensions>
          <gpxtpx:TrackPointExtension>
            <gpxtpx:hr>135</gpxtpx:hr>
          </gpxtpx:TrackPointExtension>
        </extensions>
      </trkpt>
      <trkpt lat="48.572479000" lon="2.531055000">
        <ele>41.100</ele>
        <time>2024-05-19T11:41:33Z</time>
        <extensions>
          <gpxtpx:TrackPointExtension>
            <gpxtpx:hr>138</gpxtpx:hr>
          </gpxtpx:TrackPointExtension>
        </extensions>
      </trkpt>
      <trkpt lat="48.572581000" lon="2.531036000">
        <ele>40.600</ele>
        <time>2024-05-19T11:41:39Z</time>
        <extensions>
          <gpxtpx:TrackPointExtension>
            <gpxtpx:hr>138</gpxtpx:hr>
          </gpxtpx:TrackPointExtension>
        </extensions>
      </trkpt>
      <trkpt lat="48.572587000" lon="2.530996000">
        <ele>40.600</ele>
        <time>2024-05-19T11:41:40Z</time>
        <extensions>
          <gpxtpx:TrackPointExtension>
            <gpxtpx:hr>138</gpxtpx:hr>
          </gpxtpx:TrackPointExtension>
        </extensions>
      </trkpt>
      <trkpt lat="48.572582000" lon="2.530974000">
        <ele>40.600</ele>
        <time>2024-05-19T11:41:41Z</time>
        <extensions>
          <gpxtpx:TrackPointExtension>
            <gpxtpx:hr>144</gpxtpx:hr>
          </gpxtpx:TrackPointExtension>
        </extensions>
      </trkpt>
      <trkpt lat="48.572570000" lon="2.530998000">
        <ele>40.700</ele>
        <time>2024-05-19T11:41:44Z</time>
        <extensions>
          <gpxtpx:TrackPointExtension>
            <gpxtpx:hr>144</gpxtpx:hr>
          </gpxtpx:TrackPointExtension>
        </extensions>
      </trkpt>
      <trkpt lat="48.572556000" lon="2.530979000">
        <ele>40.700</ele>
        <time>2024-05-19T11:41:49Z</time>
        <extensions>
          <gpxtpx:TrackPointExtension>
            <gpxtpx:hr>144</gpxtpx:hr>
          </gpxtpx:TrackPointExtension>
        </extensions>
      </trkpt>
      <trkpt lat="48.572552000" lon="2.530993000">
        <ele>40.700</ele>
        <time>2024-05-19T11:41:52Z</time>
        <extensions>
          <gpxtpx:TrackPointExtension>
            <gpxtpx:hr>143</gpxtpx:hr>
          </gpxtpx:TrackPointExtension>
        </extensions>
      </trkpt>
      <trkpt lat="48.572542000" lon="2.530971000">
        <ele>40.800</ele>
        <time>2024-05-19T11:41:59Z</time>
        <extensions>
          <gpxtpx:TrackPointExtension>
            <gpxtpx:hr>143</gpxtpx:hr>
          </gpxtpx:TrackPointExtension>
        </extensions>
      </trkpt>
      <trkpt lat="48.572540000" lon="2.530991000">
        <ele>40.800</ele>
        <time>2024-05-19T11:42:03Z</time>
        <extensions>
          <gpxtpx:TrackPointExtension>
            <gpxtpx:hr>142</gpxtpx:hr>
          </gpxtpx:TrackPointExtension>
        </extensions>
      </trkpt>
      <trkpt lat="48.572553000" lon="2.530952000">
        <ele>40.700</ele>
        <time>2024-05-19T11:42:06Z</time>
        <extensions>
          <gpxtpx:TrackPointExtension>
            <gpxtpx:hr>141</gpxtpx:hr>
          </gpxtpx:TrackPointExtension>
        </extensions>
      </trkpt>
      <trkpt lat="48.572541000" lon="2.530912000">
        <ele>40.800</ele>
        <time>2024-05-19T11:42:10Z</time>
        <extensions>
          <gpxtpx:TrackPointExtension>
            <gpxtpx:hr>140</gpxtpx:hr>
          </gpxtpx:TrackPointExtension>
        </extensions>
      </trkpt>
      <trkpt lat="48.572469000" lon="2.530920000">
        <ele>41.100</ele>
        <time>2024-05-19T11:42:15Z</time>
        <extensions>
          <gpxtpx:TrackPointExtension>
            <gpxtpx:hr>140</gpxtpx:hr>
          </gpxtpx:TrackPointExtension>
        </extensions>
      </trkpt>
      <trkpt lat="48.572459000" lon="2.530950000">
        <ele>41.200</ele>
        <time>2024-05-19T11:42:17Z</time>
        <extensions>
          <gpxtpx:TrackPointExtension>
            <gpxtpx:hr>136</gpxtpx:hr>
          </gpxtpx:TrackPointExtension>
        </extensions>
      </trkpt>
      <trkpt lat="48.572416000" lon="2.530990000">
        <ele>41.300</ele>
        <time>2024-05-19T11:42:20Z</time>
        <extensions>
          <gpxtpx:TrackPointExtension>
            <gpxtpx:hr>136</gpxtpx:hr>
          </gpxtpx:TrackPointExtension>
        </extensions>
      </trkpt>
      <trkpt lat="48.572398000" lon="2.531039000">
        <ele>41.400</ele>
        <time>2024-05-19T11:42:22Z</time>
        <extensions>
          <gpxtpx:TrackPointExtension>
            <gpxtpx:hr>136</gpxtpx:hr>
          </gpxtpx:TrackPointExtension>
        </extensions>
      </trkpt>
      <trkpt lat="48.572462000" lon="2.531113000">
        <ele>41.000</ele>
        <time>2024-05-19T11:42:41Z</time>
        <extensions>
          <gpxtpx:TrackPointExtension>
            <gpxtpx:hr>135</gpxtpx:hr>
          </gpxtpx:TrackPointExtension>
        </extensions>
      </trkpt>
      <trkpt lat="48.572454000" lon="2.531117000">
        <ele>41.200</ele>
        <time>2024-05-19T11:42:42Z</time>
        <extensions>
          <gpxtpx:TrackPointExtension>
            <gpxtpx:hr>135</gpxtpx:hr>
          </gpxtpx:TrackPointExtension>
        </extensions>
      </trkpt>
      <trkpt lat="48.572473000" lon="2.531090000">
        <ele>41.100</ele>
        <time>2024-05-19T11:42:45Z</time>
        <extensions>
          <gpxtpx:TrackPointExtension>
            <gpxtpx:hr>134</gpxtpx:hr>
          </gpxtpx:TrackPointExtension>
        </extensions>
      </trkpt>
      <trkpt lat="48.572477000" lon="2.531065000">
        <ele>41.100</ele>
        <time>2024-05-19T11:42:48Z</time>
        <extensions>
          <gpxtpx:TrackPointExtension>
            <gpxtpx:hr>134</gpxtpx:hr>
          </gpxtpx:TrackPointExtension>
        </extensions>
      </trkpt>
      <trkpt lat="48.572510000" lon="2.531038000">
        <ele>40.900</ele>
        <time>2024-05-19T11:42:54Z</time>
        <extensions>
          <gpxtpx:TrackPointExtension>
            <gpxtpx:hr>134</gpxtpx:hr>
          </gpxtpx:TrackPointExtension>
        </extensions>
      </trkpt>
      <trkpt lat="48.572510000" lon="2.531020000">
        <ele>40.900</ele>
        <time>2024-05-19T11:42:55Z</time>
        <extensions>
          <gpxtpx:TrackPointExtension>
            <gpxtpx:hr>134</gpxtpx:hr>
          </gpxtpx:TrackPointExtension>
        </extensions>
      </trkpt>
      <trkpt lat="48.572495000" lon="2.530989000">
        <ele>41.000</ele>
        <time>2024-05-19T11:42:56Z</time>
        <extensions>
          <gpxtpx:TrackPointExtension>
            <gpxtpx:hr>134</gpxtpx:hr>
          </gpxtpx:TrackPointExtension>
        </extensions>
      </trkpt>
      <trkpt lat="48.572478000" lon="2.530974000">
        <ele>41.100</ele>
        <time>2024-05-19T11:42:57Z</time>
        <extensions>
          <gpxtpx:TrackPointExtension>
            <gpxtpx:hr>134</gpxtpx:hr>
          </gpxtpx:TrackPointExtension>
        </extensions>
      </trkpt>
      <trkpt lat="48.572431000" lon="2.530969000">
        <ele>41.400</ele>
        <time>2024-05-19T11:43:00Z</time>
        <extensions>
          <gpxtpx:TrackPointExtension>
            <gpxtpx:hr>133</gpxtpx:hr>
          </gpxtpx:TrackPointExtension>
        </extensions>
      </trkpt>
      <trkpt lat="48.572431000" lon="2.530977000">
        <ele>41.300</ele>
        <time>2024-05-19T11:43:01Z</time>
        <extensions>
          <gpxtpx:TrackPointExtension>
            <gpxtpx:hr>133</gpxtpx:hr>
          </gpxtpx:TrackPointExtension>
        </extensions>
      </trkpt>
      <trkpt lat="48.572427000" lon="2.530971000">
        <ele>41.400</ele>
        <time>2024-05-19T11:43:04Z</time>
        <extensions>
          <gpxtpx:TrackPointExtension>
            <gpxtpx:hr>133</gpxtpx:hr>
          </gpxtpx:TrackPointExtension>
        </extensions>
      </trkpt>
      <trkpt lat="48.572446000" lon="2.530938000">
        <ele>41.200</ele>
        <time>2024-05-19T11:43:09Z</time>
        <extensions>
          <gpxtpx:TrackPointExtension>
            <gpxtpx:hr>134</gpxtpx:hr>
          </gpxtpx:TrackPointExtension>
        </extensions>
      </trkpt>
      <trkpt lat="48.572420000" lon="2.530951000">
        <ele>41.400</ele>
        <time>2024-05-19T11:43:11Z</time>
        <extensions>
          <gpxtpx:TrackPointExtension>
            <gpxtpx:hr>134</gpxtpx:hr>
          </gpxtpx:TrackPointExtension>
        </extensions>
      </trkpt>
      <trkpt lat="48.572427000" lon="2.530984000">
        <ele>41.300</ele>
        <time>2024-05-19T11:43:13Z</time>
        <extensions>
          <gpxtpx:TrackPointExtension>
            <gpxtpx:hr>136</gpxtpx:hr>
          </gpxtpx:TrackPointExtension>
        </extensions>
      </trkpt>
      <trkpt lat="48.572409000" lon="2.530991000">
        <ele>41.300</ele>
        <time>2024-05-19T11:43:15Z</time>
        <extensions>
          <gpxtpx:TrackPointExtension>
            <gpxtpx:hr>136</gpxtpx:hr>
          </gpxtpx:TrackPointExtension>
        </extensions>
      </trkpt>
      <trkpt lat="48.572400000" lon="2.531022000">
        <ele>41.500</ele>
        <time>2024-05-19T11:43:22Z</time>
        <extensions>
          <gpxtpx:TrackPointExtension>
            <gpxtpx:hr>131</gpxtpx:hr>
          </gpxtpx:TrackPointExtension>
        </extensions>
      </trkpt>
      <trkpt lat="48.572421000" lon="2.531027000">
        <ele>41.300</ele>
        <time>2024-05-19T11:43:25Z</time>
        <extensions>
          <gpxtpx:TrackPointExtension>
            <gpxtpx:hr>131</gpxtpx:hr>
          </gpxtpx:TrackPointExtension>
        </extensions>
      </trkpt>
      <trkpt lat="48.572399000" lon="2.531000000">
        <ele>41.500</ele>
        <time>2024-05-19T11:43:27Z</time>
        <extensions>
          <gpxtpx:TrackPointExtension>
            <gpxtpx:hr>131</gpxtpx:hr>
          </gpxtpx:TrackPointExtension>
        </extensions>
      </trkpt>
      <trkpt lat="48.572415000" lon="2.531042000">
        <ele>41.300</ele>
        <time>2024-05-19T11:43:30Z</time>
        <extensions>
          <gpxtpx:TrackPointExtension>
            <gpxtpx:hr>131</gpxtpx:hr>
          </gpxtpx:TrackPointExtension>
        </extensions>
      </trkpt>
      <trkpt lat="48.572440000" lon="2.531062000">
        <ele>41.200</ele>
        <time>2024-05-19T11:43:32Z</time>
        <extensions>
          <gpxtpx:TrackPointExtension>
            <gpxtpx:hr>131</gpxtpx:hr>
          </gpxtpx:TrackPointExtension>
        </extensions>
      </trkpt>
      <trkpt lat="48.572432000" lon="2.531068000">
        <ele>41.300</ele>
        <time>2024-05-19T11:43:33Z</time>
        <extensions>
          <gpxtpx:TrackPointExtension>
            <gpxtpx:hr>131</gpxtpx:hr>
          </gpxtpx:TrackPointExtension>
        </extensions>
      </trkpt>
      <trkpt lat="48.572413000" lon="2.531050000">
        <ele>41.300</ele>
        <time>2024-05-19T11:43:34Z</time>
        <extensions>
          <gpxtpx:TrackPointExtension>
            <gpxtpx:hr>131</gpxtpx:hr>
          </gpxtpx:TrackPointExtension>
        </extensions>
      </trkpt>
      <trkpt lat="48.572394000" lon="2.531054000">
        <ele>41.500</ele>
        <time>2024-05-19T11:43:37Z</time>
        <extensions>
          <gpxtpx:TrackPointExtension>
            <gpxtpx:hr>131</gpxtpx:hr>
          </gpxtpx:TrackPointExtension>
        </extensions>
      </trkpt>
      <trkpt lat="48.572402000" lon="2.531059000">
        <ele>41.500</ele>
        <time>2024-05-19T11:43:38Z</time>
        <extensions>
          <gpxtpx:TrackPointExtension>
            <gpxtpx:hr>131</gpxtpx:hr>
          </gpxtpx:TrackPointExtension>
        </extensions>
      </trkpt>
      <trkpt lat="48.572392000" lon="2.531050000">
        <ele>41.500</ele>
        <time>2024-05-19T11:43:39Z</time>
        <extensions>
          <gpxtpx:TrackPointExtension>
            <gpxtpx:hr>131</gpxtpx:hr>
          </gpxtpx:TrackPointExtension>
        </extensions>
      </trkpt>
      <trkpt lat="48.572418000" lon="2.530998000">
        <ele>41.400</ele>
        <time>2024-05-19T11:43:41Z</time>
        <extensions>
          <gpxtpx:TrackPointExtension>
            <gpxtpx:hr>131</gpxtpx:hr>
          </gpxtpx:TrackPointExtension>
        </extensions>
      </trkpt>
      <trkpt lat="48.572463000" lon="2.531019000">
        <ele>41.100</ele>
        <time>2024-05-19T11:43:43Z</time>
        <extensions>
          <gpxtpx:TrackPointExtension>
            <gpxtpx:hr>131</gpxtpx:hr>
          </gpxtpx:TrackPointExtension>
        </extensions>
      </trkpt>
      <trkpt lat="48.572494000" lon="2.531049000">
        <ele>41.000</ele>
        <time>2024-05-19T11:43:44Z</time>
        <extensions>
          <gpxtpx:TrackPointExtension>
            <gpxtpx:hr>131</gpxtpx:hr>
          </gpxtpx:TrackPointExtension>
        </extensions>
      </trkpt>
      <trkpt lat="48.572495000" lon="2.531102000">
        <ele>40.900</ele>
        <time>2024-05-19T11:43:45Z</time>
        <extensions>
          <gpxtpx:TrackPointExtension>
            <gpxtpx:hr>137</gpxtpx:hr>
          </gpxtpx:TrackPointExtension>
        </extensions>
      </trkpt>
      <trkpt lat="48.572475000" lon="2.531100000">
        <ele>41.100</ele>
        <time>2024-05-19T11:43:46Z</time>
        <extensions>
          <gpxtpx:TrackPointExtension>
            <gpxtpx:hr>137</gpxtpx:hr>
          </gpxtpx:TrackPointExtension>
        </extensions>
      </trkpt>
      <trkpt lat="48.572454000" lon="2.531123000">
        <ele>41.200</ele>
        <time>2024-05-19T11:43:48Z</time>
        <extensions>
          <gpxtpx:TrackPointExtension>
            <gpxtpx:hr>137</gpxtpx:hr>
          </gpxtpx:TrackPointExtension>
        </extensions>
      </trkpt>
      <trkpt lat="48.572418000" lon="2.531058000">
        <ele>41.300</ele>
        <time>2024-05-19T11:43:52Z</time>
        <extensions>
          <gpxtpx:TrackPointExtension>
            <gpxtpx:hr>141</gpxtpx:hr>
          </gpxtpx:TrackPointExtension>
        </extensions>
      </trkpt>
      <trkpt lat="48.572415000" lon="2.531007000">
        <ele>41.400</ele>
        <time>2024-05-19T11:43:54Z</time>
        <extensions>
          <gpxtpx:TrackPointExtension>
            <gpxtpx:hr>141</gpxtpx:hr>
          </gpxtpx:TrackPointExtension>
        </extensions>
      </trkpt>
      <trkpt lat="48.572390000" lon="2.530959000">
        <ele>41.500</ele>
        <time>2024-05-19T11:43:57Z</time>
        <extensions>
          <gpxtpx:TrackPointExtension>
            <gpxtpx:hr>149</gpxtpx:hr>
          </gpxtpx:TrackPointExtension>
        </extensions>
      </trkpt>
      <trkpt lat="48.572381000" lon="2.530971000">
        <ele>41.500</ele>
        <time>2024-05-19T11:43:58Z</time>
        <extensions>
          <gpxtpx:TrackPointExtension>
            <gpxtpx:hr>149</gpxtpx:hr>
          </gpxtpx:TrackPointExtension>
        </extensions>
      </trkpt>
      <trkpt lat="48.572322000" lon="2.531234000">
        <ele>41.700</ele>
        <time>2024-05-19T11:44:12Z</time>
        <extensions>
          <gpxtpx:TrackPointExtension>
            <gpxtpx:hr>149</gpxtpx:hr>
          </gpxtpx:TrackPointExtension>
        </extensions>
      </trkpt>
      <trkpt lat="48.572271000" lon="2.531340000">
        <ele>42.100</ele>
        <time>2024-05-19T11:44:13Z</time>
        <extensions>
          <gpxtpx:TrackPointExtension>
            <gpxtpx:hr>149</gpxtpx:hr>
          </gpxtpx:TrackPointExtension>
        </extensions>
      </trkpt>
      <trkpt lat="48.572395000" lon="2.531130000">
        <ele>41.400</ele>
        <time>2024-05-19T11:44:20Z</time>
        <extensions>
          <gpxtpx:TrackPointExtension>
            <gpxtpx:hr>149</gpxtpx:hr>
          </gpxtpx:TrackPointExtension>
        </extensions>
      </trkpt>
      <trkpt lat="48.572393000" lon="2.531090000">
        <ele>41.400</ele>
        <time>2024-05-19T11:44:22Z</time>
        <extensions>
          <gpxtpx:TrackPointExtension>
            <gpxtpx:hr>149</gpxtpx:hr>
          </gpxtpx:TrackPointExtension>
        </extensions>
      </trkpt>
      <trkpt lat="48.572421000" lon="2.531065000">
        <ele>41.300</ele>
        <time>2024-05-19T11:44:24Z</time>
        <extensions>
          <gpxtpx:TrackPointExtension>
            <gpxtpx:hr>152</gpxtpx:hr>
          </gpxtpx:TrackPointExtension>
        </extensions>
      </trkpt>
      <trkpt lat="48.572438000" lon="2.531029000">
        <ele>41.200</ele>
        <time>2024-05-19T11:44:25Z</time>
        <extensions>
          <gpxtpx:TrackPointExtension>
            <gpxtpx:hr>152</gpxtpx:hr>
          </gpxtpx:TrackPointExtension>
        </extensions>
      </trkpt>
      <trkpt lat="48.572449000" lon="2.531030000">
        <ele>41.200</ele>
        <time>2024-05-19T11:44:27Z</time>
        <extensions>
          <gpxtpx:TrackPointExtension>
            <gpxtpx:hr>150</gpxtpx:hr>
          </gpxtpx:TrackPointExtension>
        </extensions>
      </trkpt>
      <trkpt lat="48.572417000" lon="2.531053000">
        <ele>41.300</ele>
        <time>2024-05-19T11:44:28Z</time>
        <extensions>
          <gpxtpx:TrackPointExtension>
            <gpxtpx:hr>150</gpxtpx:hr>
          </gpxtpx:TrackPointExtension>
        </extensions>
      </trkpt>
      <trkpt lat="48.572417000" lon="2.531062000">
        <ele>41.300</ele>
        <time>2024-05-19T11:44:29Z</time>
        <extensions>
          <gpxtpx:TrackPointExtension>
            <gpxtpx:hr>150</gpxtpx:hr>
          </gpxtpx:TrackPointExtension>
        </extensions>
      </trkpt>
      <trkpt lat="48.572438000" lon="2.531030000">
        <ele>41.200</ele>
        <time>2024-05-19T11:44:30Z</time>
        <extensions>
          <gpxtpx:TrackPointExtension>
            <gpxtpx:hr>150</gpxtpx:hr>
          </gpxtpx:TrackPointExtension>
        </extensions>
      </trkpt>
      <trkpt lat="48.572407000" lon="2.531016000">
        <ele>41.400</ele>
        <time>2024-05-19T11:44:35Z</time>
        <extensions>
          <gpxtpx:TrackPointExtension>
            <gpxtpx:hr>153</gpxtpx:hr>
          </gpxtpx:TrackPointExtension>
        </extensions>
      </trkpt>
      <trkpt lat="48.572383000" lon="2.531033000">
        <ele>41.500</ele>
        <time>2024-05-19T11:44:36Z</time>
        <extensions>
          <gpxtpx:TrackPointExtension>
            <gpxtpx:hr>153</gpxtpx:hr>
          </gpxtpx:TrackPointExtension>
        </extensions>
      </trkpt>
      <trkpt lat="48.572416000" lon="2.531110000">
        <ele>41.300</ele>
        <time>2024-05-19T11:44:38Z</time>
        <extensions>
          <gpxtpx:TrackPointExtension>
            <gpxtpx:hr>153</gpxtpx:hr>
          </gpxtpx:TrackPointExtension>
        </extensions>
      </trkpt>
      <trkpt lat="48.572425000" lon="2.531081000">
        <ele>41.300</ele>
        <time>2024-05-19T11:44:40Z</time>
        <extensions>
          <gpxtpx:TrackPointExtension>
            <gpxtpx:hr>154</gpxtpx:hr>
          </gpxtpx:TrackPointExtension>
        </extensions>
      </trkpt>
      <trkpt lat="48.572447000" lon="2.531085000">
        <ele>41.200</ele>
        <time>2024-05-19T11:44:41Z</time>
        <extensions>
          <gpxtpx:TrackPointExtension>
            <gpxtpx:hr>154</gpxtpx:hr>
          </gpxtpx:TrackPointExtension>
        </extensions>
      </trkpt>
      <trkpt lat="48.572462000" lon="2.531065000">
        <ele>41.100</ele>
        <time>2024-05-19T11:44:42Z</time>
        <extensions>
          <gpxtpx:TrackPointExtension>
            <gpxtpx:hr>154</gpxtpx:hr>
          </gpxtpx:TrackPointExtension>
        </extensions>
      </trkpt>
      <trkpt lat="48.572465000" lon="2.530999000">
        <ele>41.100</ele>
        <time>2024-05-19T11:44:45Z</time>
        <extensions>
          <gpxtpx:TrackPointExtension>
            <gpxtpx:hr>154</gpxtpx:hr>
          </gpxtpx:TrackPointExtension>
        </extensions>
      </trkpt>
      <trkpt lat="48.572466000" lon="2.531032000">
        <ele>41.100</ele>
        <time>2024-05-19T11:44:46Z</time>
        <extensions>
          <gpxtpx:TrackPointExtension>
            <gpxtpx:hr>154</gpxtpx:hr>
          </gpxtpx:TrackPointExtension>
        </extensions>
      </trkpt>
      <trkpt lat="48.572486000" lon="2.531026000">
        <ele>41.100</ele>
        <time>2024-05-19T11:44:47Z</time>
        <extensions>
          <gpxtpx:TrackPointExtension>
            <gpxtpx:hr>154</gpxtpx:hr>
          </gpxtpx:TrackPointExtension>
        </extensions>
      </trkpt>
      <trkpt lat="48.572496000" lon="2.531010000">
        <ele>41.000</ele>
        <time>2024-05-19T11:44:48Z</time>
        <extensions>
          <gpxtpx:TrackPointExtension>
            <gpxtpx:hr>156</gpxtpx:hr>
          </gpxtpx:TrackPointExtension>
        </extensions>
      </trkpt>
      <trkpt lat="48.572481000" lon="2.531078000">
        <ele>41.100</ele>
        <time>2024-05-19T11:44:51Z</time>
        <extensions>
          <gpxtpx:TrackPointExtension>
            <gpxtpx:hr>156</gpxtpx:hr>
          </gpxtpx:TrackPointExtension>
        </extensions>
      </trkpt>
      <trkpt lat="48.572498000" lon="2.531102000">
        <ele>40.900</ele>
        <time>2024-05-19T11:44:56Z</time>
        <extensions>
          <gpxtpx:TrackPointExtension>
            <gpxtpx:hr>150</gpxtpx:hr>
          </gpxtpx:TrackPointExtension>
        </extensions>
      </trkpt>
      <trkpt lat="48.572475000" lon="2.531081000">
        <ele>41.100</ele>
        <time>2024-05-19T11:45:02Z</time>
        <extensions>
          <gpxtpx:TrackPointExtension>
            <gpxtpx:hr>147</gpxtpx:hr>
          </gpxtpx:TrackPointExtension>
        </extensions>
      </trkpt>
      <trkpt lat="48.572499000" lon="2.531079000">
        <ele>40.900</ele>
        <time>2024-05-19T11:45:06Z</time>
        <extensions>
          <gpxtpx:TrackPointExtension>
            <gpxtpx:hr>147</gpxtpx:hr>
          </gpxtpx:TrackPointExtension>
        </extensions>
      </trkpt>
      <trkpt lat="48.572506000" lon="2.531068000">
        <ele>40.900</ele>
        <time>2024-05-19T11:45:08Z</time>
        <extensions>
          <gpxtpx:TrackPointExtension>
            <gpxtpx:hr>147</gpxtpx:hr>
          </gpxtpx:TrackPointExtension>
        </extensions>
      </trkpt>
      <trkpt lat="48.572499000" lon="2.531065000">
        <ele>40.900</ele>
        <time>2024-05-19T11:45:09Z</time>
        <extensions>
          <gpxtpx:TrackPointExtension>
            <gpxtpx:hr>147</gpxtpx:hr>
          </gpxtpx:TrackPointExtension>
        </extensions>
      </trkpt>
      <trkpt lat="48.572475000" lon="2.531093000">
        <ele>41.100</ele>
        <time>2024-05-19T11:45:13Z</time>
        <extensions>
          <gpxtpx:TrackPointExtension>
            <gpxtpx:hr>148</gpxtpx:hr>
          </gpxtpx:TrackPointExtension>
        </extensions>
      </trkpt>
      <trkpt lat="48.572433000" lon="2.531115000">
        <ele>41.300</ele>
        <time>2024-05-19T11:45:19Z</time>
        <extensions>
          <gpxtpx:TrackPointExtension>
            <gpxtpx:hr>148</gpxtpx:hr>
          </gpxtpx:TrackPointExtension>
        </extensions>
      </trkpt>
      <trkpt lat="48.572448000" lon="2.531107000">
        <ele>41.200</ele>
        <time>2024-05-19T11:45:21Z</time>
        <extensions>
          <gpxtpx:TrackPointExtension>
            <gpxtpx:hr>146</gpxtpx:hr>
          </gpxtpx:TrackPointExtension>
        </extensions>
      </trkpt>
      <trkpt lat="48.572445000" lon="2.531082000">
        <ele>41.200</ele>
        <time>2024-05-19T11:45:24Z</time>
        <extensions>
          <gpxtpx:TrackPointExtension>
            <gpxtpx:hr>146</gpxtpx:hr>
          </gpxtpx:TrackPointExtension>
        </extensions>
      </trkpt>
      <trkpt lat="48.572496000" lon="2.531064000">
        <ele>40.900</ele>
        <time>2024-05-19T11:45:33Z</time>
        <extensions>
          <gpxtpx:TrackPointExtension>
            <gpxtpx:hr>146</gpxtpx:hr>
          </gpxtpx:TrackPointExtension>
        </extensions>
      </trkpt>
      <trkpt lat="48.572504000" lon="2.531073000">
        <ele>40.900</ele>
        <time>2024-05-19T11:45:34Z</time>
        <extensions>
          <gpxtpx:TrackPointExtension>
            <gpxtpx:hr>146</gpxtpx:hr>
          </gpxtpx:TrackPointExtension>
        </extensions>
      </trkpt>
      <trkpt lat="48.572484000" lon="2.531076000">
        <ele>41.100</ele>
        <time>2024-05-19T11:45:35Z</time>
        <extensions>
          <gpxtpx:TrackPointExtension>
            <gpxtpx:hr>146</gpxtpx:hr>
          </gpxtpx:TrackPointExtension>
        </extensions>
      </trkpt>
      <trkpt lat="48.572483000" lon="2.531035000">
        <ele>41.100</ele>
        <time>2024-05-19T11:45:38Z</time>
        <extensions>
          <gpxtpx:TrackPointExtension>
            <gpxtpx:hr>144</gpxtpx:hr>
          </gpxtpx:TrackPointExtension>
        </extensions>
      </trkpt>
      <trkpt lat="48.572471000" lon="2.531023000">
        <ele>41.100</ele>
        <time>2024-05-19T11:45:39Z</time>
        <extensions>
          <gpxtpx:TrackPointExtension>
            <gpxtpx:hr>144</gpxtpx:hr>
          </gpxtpx:TrackPointExtension>
        </extensions>
      </trkpt>
      <trkpt lat="48.572472000" lon="2.531047000">
        <ele>41.100</ele>
        <time>2024-05-19T11:45:41Z</time>
        <extensions>
          <gpxtpx:TrackPointExtension>
            <gpxtpx:hr>144</gpxtpx:hr>
          </gpxtpx:TrackPointExtension>
        </extensions>
      </trkpt>
      <trkpt lat="48.572517000" lon="2.531078000">
        <ele>41.000</ele>
        <time>2024-05-19T11:45:46Z</time>
        <extensions>
          <gpxtpx:TrackPointExtension>
            <gpxtpx:hr>142</gpxtpx:hr>
          </gpxtpx:TrackPointExtension>
        </extensions>
      </trkpt>
      <trkpt lat="48.572517000" lon="2.531086000">
        <ele>41.000</ele>
        <time>2024-05-19T11:45:47Z</time>
        <extensions>
          <gpxtpx:TrackPointExtension>
            <gpxtpx:hr>142</gpxtpx:hr>
          </gpxtpx:TrackPointExtension>
        </extensions>
      </trkpt>
      <trkpt lat="48.572495000" lon="2.531097000">
        <ele>41.000</ele>
        <time>2024-05-19T11:45:50Z</time>
        <extensions>
          <gpxtpx:TrackPointExtension>
            <gpxtpx:hr>142</gpxtpx:hr>
          </gpxtpx:TrackPointExtension>
        </extensions>
      </trkpt>
      <trkpt lat="48.572503000" lon="2.531143000">
        <ele>40.900</ele>
        <time>2024-05-19T11:45:53Z</time>
        <extensions>
          <gpxtpx:TrackPointExtension>
            <gpxtpx:hr>136</gpxtpx:hr>
          </gpxtpx:TrackPointExtension>
        </extensions>
      </trkpt>
      <trkpt lat="48.572522000" lon="2.531121000">
        <ele>40.800</ele>
        <time>2024-05-19T11:45:55Z</time>
        <extensions>
          <gpxtpx:TrackPointExtension>
            <gpxtpx:hr>136</gpxtpx:hr>
          </gpxtpx:TrackPointExtension>
        </extensions>
      </trkpt>
      <trkpt lat="48.572522000" lon="2.531096000">
        <ele>40.800</ele>
        <time>2024-05-19T11:45:59Z</time>
        <extensions>
          <gpxtpx:TrackPointExtension>
            <gpxtpx:hr>136</gpxtpx:hr>
          </gpxtpx:TrackPointExtension>
        </extensions>
      </trkpt>
      <trkpt lat="48.572530000" lon="2.531084000">
        <ele>40.800</ele>
        <time>2024-05-19T11:46:00Z</time>
        <extensions>
          <gpxtpx:TrackPointExtension>
            <gpxtpx:hr>136</gpxtpx:hr>
          </gpxtpx:TrackPointExtension>
        </extensions>
      </trkpt>
      <trkpt lat="48.572530000" lon="2.531050000">
        <ele>40.800</ele>
        <time>2024-05-19T11:46:02Z</time>
        <extensions>
          <gpxtpx:TrackPointExtension>
            <gpxtpx:hr>136</gpxtpx:hr>
          </gpxtpx:TrackPointExtension>
        </extensions>
      </trkpt>
      <trkpt lat="48.572512000" lon="2.531049000">
        <ele>41.000</ele>
        <time>2024-05-19T11:46:04Z</time>
        <extensions>
          <gpxtpx:TrackPointExtension>
            <gpxtpx:hr>136</gpxtpx:hr>
          </gpxtpx:TrackPointExtension>
        </extensions>
      </trkpt>
      <trkpt lat="48.572513000" lon="2.530981000">
        <ele>41.000</ele>
        <time>2024-05-19T11:46:07Z</time>
        <extensions>
          <gpxtpx:TrackPointExtension>
            <gpxtpx:hr>136</gpxtpx:hr>
          </gpxtpx:TrackPointExtension>
        </extensions>
      </trkpt>
      <trkpt lat="48.572525000" lon="2.530961000">
        <ele>40.900</ele>
        <time>2024-05-19T11:46:09Z</time>
        <extensions>
          <gpxtpx:TrackPointExtension>
            <gpxtpx:hr>136</gpxtpx:hr>
          </gpxtpx:TrackPointExtension>
        </extensions>
      </trkpt>
      <trkpt lat="48.572554000" lon="2.530950000">
        <ele>40.700</ele>
        <time>2024-05-19T11:46:12Z</time>
        <extensions>
          <gpxtpx:TrackPointExtension>
            <gpxtpx:hr>138</gpxtpx:hr>
          </gpxtpx:TrackPointExtension>
        </extensions>
      </trkpt>
      <trkpt lat="48.572569000" lon="2.530961000">
        <ele>40.700</ele>
        <time>2024-05-19T11:46:14Z</time>
        <extensions>
          <gpxtpx:TrackPointExtension>
            <gpxtpx:hr>138</gpxtpx:hr>
          </gpxtpx:TrackPointExtension>
        </extensions>
      </trkpt>
      <trkpt lat="48.572560000" lon="2.531021000">
        <ele>40.700</ele>
        <time>2024-05-19T11:46:17Z</time>
        <extensions>
          <gpxtpx:TrackPointExtension>
            <gpxtpx:hr>134</gpxtpx:hr>
          </gpxtpx:TrackPointExtension>
        </extensions>
      </trkpt>
      <trkpt lat="48.572527000" lon="2.531067000">
        <ele>40.800</ele>
        <time>2024-05-19T11:46:22Z</time>
        <extensions>
          <gpxtpx:TrackPointExtension>
            <gpxtpx:hr>134</gpxtpx:hr>
          </gpxtpx:TrackPointExtension>
        </extensions>
      </trkpt>
      <trkpt lat="48.572514000" lon="2.531062000">
        <ele>41.000</ele>
        <time>2024-05-19T11:46:25Z</time>
        <extensions>
          <gpxtpx:TrackPointExtension>
            <gpxtpx:hr>132</gpxtpx:hr>
          </gpxtpx:TrackPointExtension>
        </extensions>
      </trkpt>
      <trkpt lat="48.572525000" lon="2.531051000">
        <ele>40.800</ele>
        <time>2024-05-19T11:46:26Z</time>
        <extensions>
          <gpxtpx:TrackPointExtension>
            <gpxtpx:hr>132</gpxtpx:hr>
          </gpxtpx:TrackPointExtension>
        </extensions>
      </trkpt>
      <trkpt lat="48.572544000" lon="2.531052000">
        <ele>40.800</ele>
        <time>2024-05-19T11:46:29Z</time>
        <extensions>
          <gpxtpx:TrackPointExtension>
            <gpxtpx:hr>131</gpxtpx:hr>
          </gpxtpx:TrackPointExtension>
        </extensions>
      </trkpt>
      <trkpt lat="48.572549000" lon="2.531041000">
        <ele>40.700</ele>
        <time>2024-05-19T11:46:30Z</time>
        <extensions>
          <gpxtpx:TrackPointExtension>
            <gpxtpx:hr>131</gpxtpx:hr>
          </gpxtpx:TrackPointExtension>
        </extensions>
      </trkpt>
      <trkpt lat="48.572524000" lon="2.531016000">
        <ele>40.900</ele>
        <time>2024-05-19T11:46:40Z</time>
        <extensions>
          <gpxtpx:TrackPointExtension>
            <gpxtpx:hr>134</gpxtpx:hr>
          </gpxtpx:TrackPointExtension>
        </extensions>
      </trkpt>
      <trkpt lat="48.572537000" lon="2.530997000">
        <ele>40.900</ele>
        <time>2024-05-19T11:46:42Z</time>
        <extensions>
          <gpxtpx:TrackPointExtension>
            <gpxtpx:hr>134</gpxtpx:hr>
          </gpxtpx:TrackPointExtension>
        </extensions>
      </trkpt>
      <trkpt lat="48.572534000" lon="2.531008000">
        <ele>40.900</ele>
        <time>2024-05-19T11:46:43Z</time>
        <extensions>
          <gpxtpx:TrackPointExtension>
            <gpxtpx:hr>134</gpxtpx:hr>
          </gpxtpx:TrackPointExtension>
        </extensions>
      </trkpt>
      <trkpt lat="48.572540000" lon="2.530979000">
        <ele>40.900</ele>
        <time>2024-05-19T11:46:45Z</time>
        <extensions>
          <gpxtpx:TrackPointExtension>
            <gpxtpx:hr>134</gpxtpx:hr>
          </gpxtpx:TrackPointExtension>
        </extensions>
      </trkpt>
      <trkpt lat="48.572532000" lon="2.530975000">
        <ele>40.900</ele>
        <time>2024-05-19T11:46:46Z</time>
        <extensions>
          <gpxtpx:TrackPointExtension>
            <gpxtpx:hr>134</gpxtpx:hr>
          </gpxtpx:TrackPointExtension>
        </extensions>
      </trkpt>
      <trkpt lat="48.572549000" lon="2.530949000">
        <ele>40.700</ele>
        <time>2024-05-19T11:46:48Z</time>
        <extensions>
          <gpxtpx:TrackPointExtension>
            <gpxtpx:hr>134</gpxtpx:hr>
          </gpxtpx:TrackPointExtension>
        </extensions>
      </trkpt>
      <trkpt lat="48.572590000" lon="2.530956000">
        <ele>40.600</ele>
        <time>2024-05-19T11:46:53Z</time>
        <extensions>
          <gpxtpx:TrackPointExtension>
            <gpxtpx:hr>136</gpxtpx:hr>
          </gpxtpx:TrackPointExtension>
        </extensions>
      </trkpt>
      <trkpt lat="48.572580000" lon="2.530953000">
        <ele>40.600</ele>
        <time>2024-05-19T11:46:55Z</time>
        <extensions>
          <gpxtpx:TrackPointExtension>
            <gpxtpx:hr>136</gpxtpx:hr>
          </gpxtpx:TrackPointExtension>
        </extensions>
      </trkpt>
      <trkpt lat="48.572575000" lon="2.530972000">
        <ele>40.700</ele>
        <time>2024-05-19T11:46:58Z</time>
        <extensions>
          <gpxtpx:TrackPointExtension>
            <gpxtpx:hr>133</gpxtpx:hr>
          </gpxtpx:TrackPointExtension>
        </extensions>
      </trkpt>
      <trkpt lat="48.572575000" lon="2.530948000">
        <ele>40.700</ele>
        <time>2024-05-19T11:47:02Z</time>
        <extensions>
          <gpxtpx:TrackPointExtension>
            <gpxtpx:hr>132</gpxtpx:hr>
          </gpxtpx:TrackPointExtension>
        </extensions>
      </trkpt>
      <trkpt lat="48.572557000" lon="2.530968000">
        <ele>40.700</ele>
        <time>2024-05-19T11:47:07Z</time>
        <extensions>
          <gpxtpx:TrackPointExtension>
            <gpxtpx:hr>132</gpxtpx:hr>
          </gpxtpx:TrackPointExtension>
        </extensions>
      </trkpt>
      <trkpt lat="48.572546000" lon="2.530967000">
        <ele>40.900</ele>
        <time>2024-05-19T11:47:12Z</time>
        <extensions>
          <gpxtpx:TrackPointExtension>
            <gpxtpx:hr>132</gpxtpx:hr>
          </gpxtpx:TrackPointExtension>
        </extensions>
      </trkpt>
      <trkpt lat="48.572558000" lon="2.530956000">
        <ele>40.700</ele>
        <time>2024-05-19T11:47:14Z</time>
        <extensions>
          <gpxtpx:TrackPointExtension>
            <gpxtpx:hr>132</gpxtpx:hr>
          </gpxtpx:TrackPointExtension>
        </extensions>
      </trkpt>
      <trkpt lat="48.572542000" lon="2.530964000">
        <ele>40.900</ele>
        <time>2024-05-19T11:47:16Z</time>
        <extensions>
          <gpxtpx:TrackPointExtension>
            <gpxtpx:hr>132</gpxtpx:hr>
          </gpxtpx:TrackPointExtension>
        </extensions>
      </trkpt>
      <trkpt lat="48.572565000" lon="2.531006000">
        <ele>40.700</ele>
        <time>2024-05-19T11:47:17Z</time>
        <extensions>
          <gpxtpx:TrackPointExtension>
            <gpxtpx:hr>134</gpxtpx:hr>
          </gpxtpx:TrackPointExtension>
        </extensions>
      </trkpt>
      <trkpt lat="48.572560000" lon="2.531020000">
        <ele>40.700</ele>
        <time>2024-05-19T11:47:18Z</time>
        <extensions>
          <gpxtpx:TrackPointExtension>
            <gpxtpx:hr>134</gpxtpx:hr>
          </gpxtpx:TrackPointExtension>
        </extensions>
      </trkpt>
      <trkpt lat="48.572546000" lon="2.531009000">
        <ele>40.900</ele>
        <time>2024-05-19T11:47:19Z</time>
        <extensions>
          <gpxtpx:TrackPointExtension>
            <gpxtpx:hr>134</gpxtpx:hr>
          </gpxtpx:TrackPointExtension>
        </extensions>
      </trkpt>
      <trkpt lat="48.572547000" lon="2.530974000">
        <ele>40.700</ele>
        <time>2024-05-19T11:47:20Z</time>
        <extensions>
          <gpxtpx:TrackPointExtension>
            <gpxtpx:hr>134</gpxtpx:hr>
          </gpxtpx:TrackPointExtension>
        </extensions>
      </trkpt>
      <trkpt lat="48.572552000" lon="2.531034000">
        <ele>40.700</ele>
        <time>2024-05-19T11:47:25Z</time>
        <extensions>
          <gpxtpx:TrackPointExtension>
            <gpxtpx:hr>141</gpxtpx:hr>
          </gpxtpx:TrackPointExtension>
        </extensions>
      </trkpt>
      <trkpt lat="48.572543000" lon="2.531030000">
        <ele>40.800</ele>
        <time>2024-05-19T11:47:26Z</time>
        <extensions>
          <gpxtpx:TrackPointExtension>
            <gpxtpx:hr>141</gpxtpx:hr>
          </gpxtpx:TrackPointExtension>
        </extensions>
      </trkpt>
      <trkpt lat="48.572556000" lon="2.531013000">
        <ele>40.700</ele>
        <time>2024-05-19T11:47:30Z</time>
        <extensions>
          <gpxtpx:TrackPointExtension>
            <gpxtpx:hr>141</gpxtpx:hr>
          </gpxtpx:TrackPointExtension>
        </extensions>
      </trkpt>
      <trkpt lat="48.572573000" lon="2.531013000">
        <ele>40.700</ele>
        <time>2024-05-19T11:47:31Z</time>
        <extensions>
          <gpxtpx:TrackPointExtension>
            <gpxtpx:hr>143</gpxtpx:hr>
          </gpxtpx:TrackPointExtension>
        </extensions>
      </trkpt>
      <trkpt lat="48.572629000" lon="2.531049000">
        <ele>40.500</ele>
        <time>2024-05-19T11:47:34Z</time>
        <extensions>
          <gpxtpx:TrackPointExtension>
            <gpxtpx:hr>142</gpxtpx:hr>
          </gpxtpx:TrackPointExtension>
        </extensions>
      </trkpt>
      <trkpt lat="48.572648000" lon="2.531039000">
        <ele>40.400</ele>
        <time>2024-05-19T11:47:35Z</time>
        <extensions>
          <gpxtpx:TrackPointExtension>
            <gpxtpx:hr>142</gpxtpx:hr>
          </gpxtpx:TrackPointExtension>
        </extensions>
      </trkpt>
      <trkpt lat="48.572659000" lon="2.531008000">
        <ele>40.400</ele>
        <time>2024-05-19T11:47:38Z</time>
        <extensions>
          <gpxtpx:TrackPointExtension>
            <gpxtpx:hr>142</gpxtpx:hr>
          </gpxtpx:TrackPointExtension>
        </extensions>
      </trkpt>
      <trkpt lat="48.572637000" lon="2.530996000">
        <ele>40.400</ele>
        <time>2024-05-19T11:47:41Z</time>
        <extensions>
          <gpxtpx:TrackPointExtension>
            <gpxtpx:hr>142</gpxtpx:hr>
          </gpxtpx:TrackPointExtension>
        </extensions>
      </trkpt>
      <trkpt lat="48.572617000" lon="2.531009000">
        <ele>40.500</ele>
        <time>2024-05-19T11:47:46Z</time>
        <extensions>
          <gpxtpx:TrackPointExtension>
            <gpxtpx:hr>142</gpxtpx:hr>
          </gpxtpx:TrackPointExtension>
        </extensions>
      </trkpt>
      <trkpt lat="48.572608000" lon="2.531003000">
        <ele>40.500</ele>
        <time>2024-05-19T11:47:48Z</time>
        <extensions>
          <gpxtpx:TrackPointExtension>
            <gpxtpx:hr>142</gpxtpx:hr>
          </gpxtpx:TrackPointExtension>
        </extensions>
      </trkpt>
      <trkpt lat="48.572644000" lon="2.530994000">
        <ele>40.400</ele>
        <time>2024-05-19T11:47:50Z</time>
        <extensions>
          <gpxtpx:TrackPointExtension>
            <gpxtpx:hr>142</gpxtpx:hr>
          </gpxtpx:TrackPointExtension>
        </extensions>
      </trkpt>
      <trkpt lat="48.572611000" lon="2.531056000">
        <ele>40.500</ele>
        <time>2024-05-19T11:47:56Z</time>
        <extensions>
          <gpxtpx:TrackPointExtension>
            <gpxtpx:hr>142</gpxtpx:hr>
          </gpxtpx:TrackPointExtension>
        </extensions>
      </trkpt>
      <trkpt lat="48.572598000" lon="2.531058000">
        <ele>40.600</ele>
        <time>2024-05-19T11:47:57Z</time>
        <extensions>
          <gpxtpx:TrackPointExtension>
            <gpxtpx:hr>142</gpxtpx:hr>
          </gpxtpx:TrackPointExtension>
        </extensions>
      </trkpt>
      <trkpt lat="48.572601000" lon="2.531039000">
        <ele>40.600</ele>
        <time>2024-05-19T11:47:58Z</time>
        <extensions>
          <gpxtpx:TrackPointExtension>
            <gpxtpx:hr>142</gpxtpx:hr>
          </gpxtpx:TrackPointExtension>
        </extensions>
      </trkpt>
      <trkpt lat="48.572578000" lon="2.531036000">
        <ele>40.600</ele>
        <time>2024-05-19T11:47:59Z</time>
        <extensions>
          <gpxtpx:TrackPointExtension>
            <gpxtpx:hr>142</gpxtpx:hr>
          </gpxtpx:TrackPointExtension>
        </extensions>
      </trkpt>
      <trkpt lat="48.572559000" lon="2.531015000">
        <ele>40.700</ele>
        <time>2024-05-19T11:48:01Z</time>
        <extensions>
          <gpxtpx:TrackPointExtension>
            <gpxtpx:hr>143</gpxtpx:hr>
          </gpxtpx:TrackPointExtension>
        </extensions>
      </trkpt>
      <trkpt lat="48.572518000" lon="2.531019000">
        <ele>41.000</ele>
        <time>2024-05-19T11:48:04Z</time>
        <extensions>
          <gpxtpx:TrackPointExtension>
            <gpxtpx:hr>143</gpxtpx:hr>
          </gpxtpx:TrackPointExtension>
        </extensions>
      </trkpt>
      <trkpt lat="48.572518000" lon="2.531005000">
        <ele>41.000</ele>
        <time>2024-05-19T11:48:05Z</time>
        <extensions>
          <gpxtpx:TrackPointExtension>
            <gpxtpx:hr>141</gpxtpx:hr>
          </gpxtpx:TrackPointExtension>
        </extensions>
      </trkpt>
      <trkpt lat="48.572505000" lon="2.531000000">
        <ele>41.000</ele>
        <time>2024-05-19T11:48:07Z</time>
        <extensions>
          <gpxtpx:TrackPointExtension>
            <gpxtpx:hr>141</gpxtpx:hr>
          </gpxtpx:TrackPointExtension>
        </extensions>
      </trkpt>
      <trkpt lat="48.572509000" lon="2.530993000">
        <ele>41.000</ele>
        <time>2024-05-19T11:48:08Z</time>
        <extensions>
          <gpxtpx:TrackPointExtension>
            <gpxtpx:hr>139</gpxtpx:hr>
          </gpxtpx:TrackPointExtension>
        </extensions>
      </trkpt>
      <trkpt lat="48.572502000" lon="2.531018000">
        <ele>41.000</ele>
        <time>2024-05-19T11:48:10Z</time>
        <extensions>
          <gpxtpx:TrackPointExtension>
            <gpxtpx:hr>139</gpxtpx:hr>
          </gpxtpx:TrackPointExtension>
        </extensions>
      </trkpt>
      <trkpt lat="48.572555000" lon="2.531056000">
        <ele>40.700</ele>
        <time>2024-05-19T11:48:14Z</time>
        <extensions>
          <gpxtpx:TrackPointExtension>
            <gpxtpx:hr>137</gpxtpx:hr>
          </gpxtpx:TrackPointExtension>
        </extensions>
      </trkpt>
      <trkpt lat="48.572572000" lon="2.531084000">
        <ele>40.700</ele>
        <time>2024-05-19T11:48:15Z</time>
        <extensions>
          <gpxtpx:TrackPointExtension>
            <gpxtpx:hr>137</gpxtpx:hr>
          </gpxtpx:TrackPointExtension>
        </extensions>
      </trkpt>
      <trkpt lat="48.572607000" lon="2.531089000">
        <ele>40.500</ele>
        <time>2024-05-19T11:48:17Z</time>
        <extensions>
          <gpxtpx:TrackPointExtension>
            <gpxtpx:hr>137</gpxtpx:hr>
          </gpxtpx:TrackPointExtension>
        </extensions>
      </trkpt>
      <trkpt lat="48.572678000" lon="2.531146000">
        <ele>40.300</ele>
        <time>2024-05-19T11:48:22Z</time>
        <extensions>
          <gpxtpx:TrackPointExtension>
            <gpxtpx:hr>135</gpxtpx:hr>
          </gpxtpx:TrackPointExtension>
        </extensions>
      </trkpt>
      <trkpt lat="48.572670000" lon="2.531153000">
        <ele>40.300</ele>
        <time>2024-05-19T11:48:24Z</time>
        <extensions>
          <gpxtpx:TrackPointExtension>
            <gpxtpx:hr>135</gpxtpx:hr>
          </gpxtpx:TrackPointExtension>
        </extensions>
      </trkpt>
      <trkpt lat="48.572676000" lon="2.531172000">
        <ele>40.300</ele>
        <time>2024-05-19T11:48:26Z</time>
        <extensions>
          <gpxtpx:TrackPointExtension>
            <gpxtpx:hr>135</gpxtpx:hr>
          </gpxtpx:TrackPointExtension>
        </extensions>
      </trkpt>
      <trkpt lat="48.572647000" lon="2.531153000">
        <ele>40.400</ele>
        <time>2024-05-19T11:48:29Z</time>
        <extensions>
          <gpxtpx:TrackPointExtension>
            <gpxtpx:hr>135</gpxtpx:hr>
          </gpxtpx:TrackPointExtension>
        </extensions>
      </trkpt>
      <trkpt lat="48.572628000" lon="2.531156000">
        <ele>40.500</ele>
        <time>2024-05-19T11:48:30Z</time>
        <extensions>
          <gpxtpx:TrackPointExtension>
            <gpxtpx:hr>135</gpxtpx:hr>
          </gpxtpx:TrackPointExtension>
        </extensions>
      </trkpt>
      <trkpt lat="48.572583000" lon="2.531119000">
        <ele>40.600</ele>
        <time>2024-05-19T11:48:35Z</time>
        <extensions>
          <gpxtpx:TrackPointExtension>
            <gpxtpx:hr>136</gpxtpx:hr>
          </gpxtpx:TrackPointExtension>
        </extensions>
      </trkpt>
      <trkpt lat="48.572506000" lon="2.531108000">
        <ele>41.000</ele>
        <time>2024-05-19T11:48:41Z</time>
        <extensions>
          <gpxtpx:TrackPointExtension>
            <gpxtpx:hr>132</gpxtpx:hr>
          </gpxtpx:TrackPointExtension>
        </extensions>
      </trkpt>
      <trkpt lat="48.572492000" lon="2.531096000">
        <ele>41.000</ele>
        <time>2024-05-19T11:48:43Z</time>
        <extensions>
          <gpxtpx:TrackPointExtension>
            <gpxtpx:hr>131</gpxtpx:hr>
          </gpxtpx:TrackPointExtension>
        </extensions>
      </trkpt>
      <trkpt lat="48.572480000" lon="2.531100000">
        <ele>41.100</ele>
        <time>2024-05-19T11:48:44Z</time>
        <extensions>
          <gpxtpx:TrackPointExtension>
            <gpxtpx:hr>131</gpxtpx:hr>
          </gpxtpx:TrackPointExtension>
        </extensions>
      </trkpt>
      <trkpt lat="48.572478000" lon="2.531115000">
        <ele>41.100</ele>
        <time>2024-05-19T11:48:46Z</time>
        <extensions>
          <gpxtpx:TrackPointExtension>
            <gpxtpx:hr>131</gpxtpx:hr>
          </gpxtpx:TrackPointExtension>
        </extensions>
      </trkpt>
      <trkpt lat="48.572467000" lon="2.531113000">
        <ele>41.100</ele>
        <time>2024-05-19T11:48:48Z</time>
        <extensions>
          <gpxtpx:TrackPointExtension>
            <gpxtpx:hr>132</gpxtpx:hr>
          </gpxtpx:TrackPointExtension>
        </extensions>
      </trkpt>
      <trkpt lat="48.572483000" lon="2.531105000">
        <ele>41.100</ele>
        <time>2024-05-19T11:48:50Z</time>
        <extensions>
          <gpxtpx:TrackPointExtension>
            <gpxtpx:hr>132</gpxtpx:hr>
          </gpxtpx:TrackPointExtension>
        </extensions>
      </trkpt>
      <trkpt lat="48.572494000" lon="2.531111000">
        <ele>41.000</ele>
        <time>2024-05-19T11:48:51Z</time>
        <extensions>
          <gpxtpx:TrackPointExtension>
            <gpxtpx:hr>132</gpxtpx:hr>
          </gpxtpx:TrackPointExtension>
        </extensions>
      </trkpt>
      <trkpt lat="48.572488000" lon="2.531118000">
        <ele>41.100</ele>
        <time>2024-05-19T11:48:52Z</time>
        <extensions>
          <gpxtpx:TrackPointExtension>
            <gpxtpx:hr>132</gpxtpx:hr>
          </gpxtpx:TrackPointExtension>
        </extensions>
      </trkpt>
      <trkpt lat="48.572524000" lon="2.531136000">
        <ele>40.800</ele>
        <time>2024-05-19T11:48:57Z</time>
        <extensions>
          <gpxtpx:TrackPointExtension>
            <gpxtpx:hr>130</gpxtpx:hr>
          </gpxtpx:TrackPointExtension>
        </extensions>
      </trkpt>
      <trkpt lat="48.572493000" lon="2.531115000">
        <ele>41.000</ele>
        <time>2024-05-19T11:49:00Z</time>
        <extensions>
          <gpxtpx:TrackPointExtension>
            <gpxtpx:hr>129</gpxtpx:hr>
          </gpxtpx:TrackPointExtension>
        </extensions>
      </trkpt>
      <trkpt lat="48.572487000" lon="2.531142000">
        <ele>41.100</ele>
        <time>2024-05-19T11:49:03Z</time>
        <extensions>
          <gpxtpx:TrackPointExtension>
            <gpxtpx:hr>129</gpxtpx:hr>
          </gpxtpx:TrackPointExtension>
        </extensions>
      </trkpt>
      <trkpt lat="48.572476000" lon="2.531149000">
        <ele>41.100</ele>
        <time>2024-05-19T11:49:05Z</time>
        <extensions>
          <gpxtpx:TrackPointExtension>
            <gpxtpx:hr>129</gpxtpx:hr>
          </gpxtpx:TrackPointExtension>
        </extensions>
      </trkpt>
      <trkpt lat="48.572462000" lon="2.531142000">
        <ele>41.100</ele>
        <time>2024-05-19T11:49:11Z</time>
        <extensions>
          <gpxtpx:TrackPointExtension>
            <gpxtpx:hr>128</gpxtpx:hr>
          </gpxtpx:TrackPointExtension>
        </extensions>
      </trkpt>
      <trkpt lat="48.572476000" lon="2.531124000">
        <ele>41.100</ele>
        <time>2024-05-19T11:49:16Z</time>
        <extensions>
          <gpxtpx:TrackPointExtension>
            <gpxtpx:hr>127</gpxtpx:hr>
          </gpxtpx:TrackPointExtension>
        </extensions>
      </trkpt>
      <trkpt lat="48.572470000" lon="2.531108000">
        <ele>41.100</ele>
        <time>2024-05-19T11:49:19Z</time>
        <extensions>
          <gpxtpx:TrackPointExtension>
            <gpxtpx:hr>128</gpxtpx:hr>
          </gpxtpx:TrackPointExtension>
        </extensions>
      </trkpt>
      <trkpt lat="48.572469000" lon="2.531136000">
        <ele>41.100</ele>
        <time>2024-05-19T11:49:22Z</time>
        <extensions>
          <gpxtpx:TrackPointExtension>
            <gpxtpx:hr>128</gpxtpx:hr>
          </gpxtpx:TrackPointExtension>
        </extensions>
      </trkpt>
      <trkpt lat="48.572541000" lon="2.531152000">
        <ele>40.800</ele>
        <time>2024-05-19T11:49:27Z</time>
        <extensions>
          <gpxtpx:TrackPointExtension>
            <gpxtpx:hr>129</gpxtpx:hr>
          </gpxtpx:TrackPointExtension>
        </extensions>
      </trkpt>
      <trkpt lat="48.572561000" lon="2.531144000">
        <ele>40.700</ele>
        <time>2024-05-19T11:49:53Z</time>
        <extensions>
          <gpxtpx:TrackPointExtension>
            <gpxtpx:hr>128</gpxtpx:hr>
          </gpxtpx:TrackPointExtension>
        </extensions>
      </trkpt>
      <trkpt lat="48.572553000" lon="2.531165000">
        <ele>40.700</ele>
        <time>2024-05-19T11:50:11Z</time>
        <extensions>
          <gpxtpx:TrackPointExtension>
            <gpxtpx:hr>127</gpxtpx:hr>
          </gpxtpx:TrackPointExtension>
        </extensions>
      </trkpt>
      <trkpt lat="48.572573000" lon="2.531170000">
        <ele>40.700</ele>
        <time>2024-05-19T11:50:20Z</time>
        <extensions>
          <gpxtpx:TrackPointExtension>
            <gpxtpx:hr>129</gpxtpx:hr>
          </gpxtpx:TrackPointExtension>
        </extensions>
      </trkpt>
      <trkpt lat="48.572604000" lon="2.531121000">
        <ele>40.500</ele>
        <time>2024-05-19T11:50:23Z</time>
        <extensions>
          <gpxtpx:TrackPointExtension>
            <gpxtpx:hr>128</gpxtpx:hr>
          </gpxtpx:TrackPointExtension>
        </extensions>
      </trkpt>
      <trkpt lat="48.572640000" lon="2.531142000">
        <ele>40.400</ele>
        <time>2024-05-19T11:50:27Z</time>
        <extensions>
          <gpxtpx:TrackPointExtension>
            <gpxtpx:hr>128</gpxtpx:hr>
          </gpxtpx:TrackPointExtension>
        </extensions>
      </trkpt>
      <trkpt lat="48.572683000" lon="2.531146000">
        <ele>40.300</ele>
        <time>2024-05-19T11:50:30Z</time>
        <extensions>
          <gpxtpx:TrackPointExtension>
            <gpxtpx:hr>128</gpxtpx:hr>
          </gpxtpx:TrackPointExtension>
        </extensions>
      </trkpt>
      <trkpt lat="48.572675000" lon="2.531136000">
        <ele>40.300</ele>
        <time>2024-05-19T11:50:32Z</time>
        <extensions>
          <gpxtpx:TrackPointExtension>
            <gpxtpx:hr>126</gpxtpx:hr>
          </gpxtpx:TrackPointExtension>
        </extensions>
      </trkpt>
      <trkpt lat="48.572696000" lon="2.531151000">
        <ele>40.200</ele>
        <time>2024-05-19T11:50:35Z</time>
        <extensions>
          <gpxtpx:TrackPointExtension>
            <gpxtpx:hr>126</gpxtpx:hr>
          </gpxtpx:TrackPointExtension>
        </extensions>
      </trkpt>
      <trkpt lat="48.572712000" lon="2.531139000">
        <ele>40.200</ele>
        <time>2024-05-19T11:50:36Z</time>
        <extensions>
          <gpxtpx:TrackPointExtension>
            <gpxtpx:hr>125</gpxtpx:hr>
          </gpxtpx:TrackPointExtension>
        </extensions>
      </trkpt>
      <trkpt lat="48.572721000" lon="2.531117000">
        <ele>40.000</ele>
        <time>2024-05-19T11:50:37Z</time>
        <extensions>
          <gpxtpx:TrackPointExtension>
            <gpxtpx:hr>125</gpxtpx:hr>
          </gpxtpx:TrackPointExtension>
        </extensions>
      </trkpt>
      <trkpt lat="48.572738000" lon="2.531111000">
        <ele>40.000</ele>
        <time>2024-05-19T11:50:39Z</time>
        <extensions>
          <gpxtpx:TrackPointExtension>
            <gpxtpx:hr>125</gpxtpx:hr>
          </gpxtpx:TrackPointExtension>
        </extensions>
      </trkpt>
      <trkpt lat="48.572728000" lon="2.531135000">
        <ele>40.000</ele>
        <time>2024-05-19T11:50:41Z</time>
        <extensions>
          <gpxtpx:TrackPointExtension>
            <gpxtpx:hr>124</gpxtpx:hr>
          </gpxtpx:TrackPointExtension>
        </extensions>
      </trkpt>
      <trkpt lat="48.572733000" lon="2.531133000">
        <ele>40.000</ele>
        <time>2024-05-19T11:50:44Z</time>
        <extensions>
          <gpxtpx:TrackPointExtension>
            <gpxtpx:hr>124</gpxtpx:hr>
          </gpxtpx:TrackPointExtension>
        </extensions>
      </trkpt>
      <trkpt lat="48.572715000" lon="2.531149000">
        <ele>40.200</ele>
        <time>2024-05-19T11:50:55Z</time>
        <extensions>
          <gpxtpx:TrackPointExtension>
            <gpxtpx:hr>124</gpxtpx:hr>
          </gpxtpx:TrackPointExtension>
        </extensions>
      </trkpt>
      <trkpt lat="48.572751000" lon="2.531143000">
        <ele>39.900</ele>
        <time>2024-05-19T11:50:57Z</time>
        <extensions>
          <gpxtpx:TrackPointExtension>
            <gpxtpx:hr>124</gpxtpx:hr>
          </gpxtpx:TrackPointExtension>
        </extensions>
      </trkpt>
      <trkpt lat="48.572857000" lon="2.531034000">
        <ele>39.400</ele>
        <time>2024-05-19T11:51:05Z</time>
        <extensions>
          <gpxtpx:TrackPointExtension>
            <gpxtpx:hr>122</gpxtpx:hr>
          </gpxtpx:TrackPointExtension>
        </extensions>
      </trkpt>
      <trkpt lat="48.572900000" lon="2.531004000">
        <ele>39.100</ele>
        <time>2024-05-19T11:51:08Z</time>
        <extensions>
          <gpxtpx:TrackPointExtension>
            <gpxtpx:hr>122</gpxtpx:hr>
          </gpxtpx:TrackPointExtension>
        </extensions>
      </trkpt>
      <trkpt lat="48.572965000" lon="2.530978000">
        <ele>38.600</ele>
        <time>2024-05-19T11:51:13Z</time>
        <extensions>
          <gpxtpx:TrackPointExtension>
            <gpxtpx:hr>127</gpxtpx:hr>
          </gpxtpx:TrackPointExtension>
        </extensions>
      </trkpt>
      <trkpt lat="48.572980000" lon="2.530943000">
        <ele>38.600</ele>
        <time>2024-05-19T11:51:16Z</time>
        <extensions>
          <gpxtpx:TrackPointExtension>
            <gpxtpx:hr>127</gpxtpx:hr>
          </gpxtpx:TrackPointExtension>
        </extensions>
      </trkpt>
      <trkpt lat="48.572988000" lon="2.530941000">
        <ele>38.600</ele>
        <time>2024-05-19T11:51:18Z</time>
        <extensions>
          <gpxtpx:TrackPointExtension>
            <gpxtpx:hr>127</gpxtpx:hr>
          </gpxtpx:TrackPointExtension>
        </extensions>
      </trkpt>
      <trkpt lat="48.572981000" lon="2.530946000">
        <ele>38.600</ele>
        <time>2024-05-19T11:51:19Z</time>
        <extensions>
          <gpxtpx:TrackPointExtension>
            <gpxtpx:hr>127</gpxtpx:hr>
          </gpxtpx:TrackPointExtension>
        </extensions>
      </trkpt>
      <trkpt lat="48.572970000" lon="2.530913000">
        <ele>38.600</ele>
        <time>2024-05-19T11:52:31Z</time>
        <extensions>
          <gpxtpx:TrackPointExtension>
            <gpxtpx:hr>122</gpxtpx:hr>
          </gpxtpx:TrackPointExtension>
        </extensions>
      </trkpt>
      <trkpt lat="48.572980000" lon="2.530932000">
        <ele>38.600</ele>
        <time>2024-05-19T11:52:55Z</time>
        <extensions>
          <gpxtpx:TrackPointExtension>
            <gpxtpx:hr>122</gpxtpx:hr>
          </gpxtpx:TrackPointExtension>
        </extensions>
      </trkpt>
      <trkpt lat="48.572970000" lon="2.530907000">
        <ele>38.600</ele>
        <time>2024-05-19T11:53:41Z</time>
        <extensions>
          <gpxtpx:TrackPointExtension>
            <gpxtpx:hr>117</gpxtpx:hr>
          </gpxtpx:TrackPointExtension>
        </extensions>
      </trkpt>
      <trkpt lat="48.572974000" lon="2.530900000">
        <ele>38.600</ele>
        <time>2024-05-19T11:53:44Z</time>
        <extensions>
          <gpxtpx:TrackPointExtension>
            <gpxtpx:hr>117</gpxtpx:hr>
          </gpxtpx:TrackPointExtension>
        </extensions>
      </trkpt>
      <trkpt lat="48.572970000" lon="2.530913000">
        <ele>38.600</ele>
        <time>2024-05-19T11:53:51Z</time>
        <extensions>
          <gpxtpx:TrackPointExtension>
            <gpxtpx:hr>118</gpxtpx:hr>
          </gpxtpx:TrackPointExtension>
        </extensions>
      </trkpt>
      <trkpt lat="48.572968000" lon="2.530904000">
        <ele>38.600</ele>
        <time>2024-05-19T11:53:57Z</time>
        <extensions>
          <gpxtpx:TrackPointExtension>
            <gpxtpx:hr>117</gpxtpx:hr>
          </gpxtpx:TrackPointExtension>
        </extensions>
      </trkpt>
      <trkpt lat="48.572972000" lon="2.530910000">
        <ele>38.600</ele>
        <time>2024-05-19T11:53:59Z</time>
        <extensions>
          <gpxtpx:TrackPointExtension>
            <gpxtpx:hr>118</gpxtpx:hr>
          </gpxtpx:TrackPointExtension>
        </extensions>
      </trkpt>
      <trkpt lat="48.572974000" lon="2.530900000">
        <ele>38.600</ele>
        <time>2024-05-19T11:54:05Z</time>
        <extensions>
          <gpxtpx:TrackPointExtension>
            <gpxtpx:hr>118</gpxtpx:hr>
          </gpxtpx:TrackPointExtension>
        </extensions>
      </trkpt>
      <trkpt lat="48.572988000" lon="2.530945000">
        <ele>38.600</ele>
        <time>2024-05-19T11:54:12Z</time>
        <extensions>
          <gpxtpx:TrackPointExtension>
            <gpxtpx:hr>119</gpxtpx:hr>
          </gpxtpx:TrackPointExtension>
        </extensions>
      </trkpt>
      <trkpt lat="48.572964000" lon="2.530958000">
        <ele>38.600</ele>
        <time>2024-05-19T11:54:14Z</time>
        <extensions>
          <gpxtpx:TrackPointExtension>
            <gpxtpx:hr>119</gpxtpx:hr>
          </gpxtpx:TrackPointExtension>
        </extensions>
      </trkpt>
      <trkpt lat="48.572953000" lon="2.530950000">
        <ele>38.600</ele>
        <time>2024-05-19T11:54:15Z</time>
        <extensions>
          <gpxtpx:TrackPointExtension>
            <gpxtpx:hr>120</gpxtpx:hr>
          </gpxtpx:TrackPointExtension>
        </extensions>
      </trkpt>
      <trkpt lat="48.572953000" lon="2.530929000">
        <ele>38.600</ele>
        <time>2024-05-19T11:54:23Z</time>
        <extensions>
          <gpxtpx:TrackPointExtension>
            <gpxtpx:hr>120</gpxtpx:hr>
          </gpxtpx:TrackPointExtension>
        </extensions>
      </trkpt>
      <trkpt lat="48.572965000" lon="2.530927000">
        <ele>38.600</ele>
        <time>2024-05-19T11:54:25Z</time>
        <extensions>
          <gpxtpx:TrackPointExtension>
            <gpxtpx:hr>120</gpxtpx:hr>
          </gpxtpx:TrackPointExtension>
        </extensions>
      </trkpt>
      <trkpt lat="48.572952000" lon="2.530937000">
        <ele>38.600</ele>
        <time>2024-05-19T11:54:28Z</time>
        <extensions>
          <gpxtpx:TrackPointExtension>
            <gpxtpx:hr>120</gpxtpx:hr>
          </gpxtpx:TrackPointExtension>
        </extensions>
      </trkpt>
      <trkpt lat="48.572952000" lon="2.530950000">
        <ele>38.600</ele>
        <time>2024-05-19T11:54:31Z</time>
        <extensions>
          <gpxtpx:TrackPointExtension>
            <gpxtpx:hr>122</gpxtpx:hr>
          </gpxtpx:TrackPointExtension>
        </extensions>
      </trkpt>
      <trkpt lat="48.572979000" lon="2.530916000">
        <ele>38.600</ele>
        <time>2024-05-19T11:54:37Z</time>
        <extensions>
          <gpxtpx:TrackPointExtension>
            <gpxtpx:hr>122</gpxtpx:hr>
          </gpxtpx:TrackPointExtension>
        </extensions>
      </trkpt>
      <trkpt lat="48.572972000" lon="2.530909000">
        <ele>38.600</ele>
        <time>2024-05-19T11:54:42Z</time>
        <extensions>
          <gpxtpx:TrackPointExtension>
            <gpxtpx:hr>120</gpxtpx:hr>
          </gpxtpx:TrackPointExtension>
        </extensions>
      </trkpt>
      <trkpt lat="48.572984000" lon="2.530893000">
        <ele>38.600</ele>
        <time>2024-05-19T11:54:47Z</time>
        <extensions>
          <gpxtpx:TrackPointExtension>
            <gpxtpx:hr>122</gpxtpx:hr>
          </gpxtpx:TrackPointExtension>
        </extensions>
      </trkpt>
      <trkpt lat="48.572977000" lon="2.530899000">
        <ele>38.600</ele>
        <time>2024-05-19T11:54:49Z</time>
        <extensions>
          <gpxtpx:TrackPointExtension>
            <gpxtpx:hr>122</gpxtpx:hr>
          </gpxtpx:TrackPointExtension>
        </extensions>
      </trkpt>
      <trkpt lat="48.572982000" lon="2.530902000">
        <ele>38.600</ele>
        <time>2024-05-19T11:54:50Z</time>
        <extensions>
          <gpxtpx:TrackPointExtension>
            <gpxtpx:hr>122</gpxtpx:hr>
          </gpxtpx:TrackPointExtension>
        </extensions>
      </trkpt>
      <trkpt lat="48.572964000" lon="2.530905000">
        <ele>38.600</ele>
        <time>2024-05-19T11:54:59Z</time>
        <extensions>
          <gpxtpx:TrackPointExtension>
            <gpxtpx:hr>122</gpxtpx:hr>
          </gpxtpx:TrackPointExtension>
        </extensions>
      </trkpt>
      <trkpt lat="48.572961000" lon="2.530895000">
        <ele>38.600</ele>
        <time>2024-05-19T11:55:00Z</time>
        <extensions>
          <gpxtpx:TrackPointExtension>
            <gpxtpx:hr>122</gpxtpx:hr>
          </gpxtpx:TrackPointExtension>
        </extensions>
      </trkpt>
      <trkpt lat="48.572961000" lon="2.530909000">
        <ele>38.600</ele>
        <time>2024-05-19T11:55:03Z</time>
        <extensions>
          <gpxtpx:TrackPointExtension>
            <gpxtpx:hr>121</gpxtpx:hr>
          </gpxtpx:TrackPointExtension>
        </extensions>
      </trkpt>
      <trkpt lat="48.572969000" lon="2.530911000">
        <ele>38.600</ele>
        <time>2024-05-19T11:55:07Z</time>
        <extensions>
          <gpxtpx:TrackPointExtension>
            <gpxtpx:hr>121</gpxtpx:hr>
          </gpxtpx:TrackPointExtension>
        </extensions>
      </trkpt>
      <trkpt lat="48.572965000" lon="2.530898000">
        <ele>38.600</ele>
        <time>2024-05-19T11:55:11Z</time>
        <extensions>
          <gpxtpx:TrackPointExtension>
            <gpxtpx:hr>122</gpxtpx:hr>
          </gpxtpx:TrackPointExtension>
        </extensions>
      </trkpt>
      <trkpt lat="48.572980000" lon="2.530900000">
        <ele>38.600</ele>
        <time>2024-05-19T11:55:15Z</time>
        <extensions>
          <gpxtpx:TrackPointExtension>
            <gpxtpx:hr>122</gpxtpx:hr>
          </gpxtpx:TrackPointExtension>
        </extensions>
      </trkpt>
      <trkpt lat="48.572986000" lon="2.530930000">
        <ele>38.600</ele>
        <time>2024-05-19T11:55:20Z</time>
        <extensions>
          <gpxtpx:TrackPointExtension>
            <gpxtpx:hr>118</gpxtpx:hr>
          </gpxtpx:TrackPointExtension>
        </extensions>
      </trkpt>
      <trkpt lat="48.572979000" lon="2.530939000">
        <ele>38.600</ele>
        <time>2024-05-19T11:55:21Z</time>
        <extensions>
          <gpxtpx:TrackPointExtension>
            <gpxtpx:hr>118</gpxtpx:hr>
          </gpxtpx:TrackPointExtension>
        </extensions>
      </trkpt>
      <trkpt lat="48.572968000" lon="2.530933000">
        <ele>38.600</ele>
        <time>2024-05-19T11:55:28Z</time>
        <extensions>
          <gpxtpx:TrackPointExtension>
            <gpxtpx:hr>120</gpxtpx:hr>
          </gpxtpx:TrackPointExtension>
        </extensions>
      </trkpt>
      <trkpt lat="48.572969000" lon="2.530952000">
        <ele>38.600</ele>
        <time>2024-05-19T11:55:31Z</time>
        <extensions>
          <gpxtpx:TrackPointExtension>
            <gpxtpx:hr>115</gpxtpx:hr>
          </gpxtpx:TrackPointExtension>
        </extensions>
      </trkpt>
      <trkpt lat="48.572966000" lon="2.530938000">
        <ele>38.600</ele>
        <time>2024-05-19T11:55:34Z</time>
        <extensions>
          <gpxtpx:TrackPointExtension>
            <gpxtpx:hr>115</gpxtpx:hr>
          </gpxtpx:TrackPointExtension>
        </extensions>
      </trkpt>
      <trkpt lat="48.572974000" lon="2.530931000">
        <ele>38.600</ele>
        <time>2024-05-19T11:55:36Z</time>
        <extensions>
          <gpxtpx:TrackPointExtension>
            <gpxtpx:hr>117</gpxtpx:hr>
          </gpxtpx:TrackPointExtension>
        </extensions>
      </trkpt>
      <trkpt lat="48.572957000" lon="2.530954000">
        <ele>38.600</ele>
        <time>2024-05-19T11:55:39Z</time>
        <extensions>
          <gpxtpx:TrackPointExtension>
            <gpxtpx:hr>117</gpxtpx:hr>
          </gpxtpx:TrackPointExtension>
        </extensions>
      </trkpt>
      <trkpt lat="48.572963000" lon="2.530966000">
        <ele>38.600</ele>
        <time>2024-05-19T11:55:41Z</time>
        <extensions>
          <gpxtpx:TrackPointExtension>
            <gpxtpx:hr>117</gpxtpx:hr>
          </gpxtpx:TrackPointExtension>
        </extensions>
      </trkpt>
      <trkpt lat="48.572981000" lon="2.530925000">
        <ele>38.600</ele>
        <time>2024-05-19T11:55:46Z</time>
        <extensions>
          <gpxtpx:TrackPointExtension>
            <gpxtpx:hr>114</gpxtpx:hr>
          </gpxtpx:TrackPointExtension>
        </extensions>
      </trkpt>
    </trkseg>
  </trk>
</gpx>
